session_id,borne_id,borne_nom,user_id,debut,fin,duree_minutes,energie_kwh,cout_total,heure,jour_semaine,est_weekend,mois,statut
1,1,Borne A1 - Centre Commercial,18,2026-03-16 07:40:00.135566,2026-03-16 08:09:00.135566,29,6.49,1.95,7,0,0,3,terminee
2,1,Borne A1 - Centre Commercial,7,2026-03-16 08:15:00.135566,2026-03-16 08:58:00.135566,43,10.34,3.1,8,0,0,3,terminee
4,1,Borne A1 - Centre Commercial,6,2026-03-16 09:37:00.135566,2026-03-16 10:46:00.135566,69,15.5,4.65,9,0,0,3,terminee
3,1,Borne A1 - Centre Commercial,6,2026-03-16 09:43:00.135566,2026-03-16 11:32:00.135566,109,38.24,11.47,9,0,0,3,terminee
905,2,Borne B2 - Parking Université,10,2026-03-16 10:48:00.135566,2026-03-16 12:29:00.135566,101,63.72,28.67,10,0,0,3,terminee
906,2,Borne B2 - Parking Université,27,2026-03-16 11:36:00.135566,2026-03-16 13:11:00.135566,95,56.01,25.2,11,0,0,3,terminee
908,2,Borne B2 - Parking Université,18,2026-03-16 13:05:00.135566,2026-03-16 14:11:00.135566,66,44.34,19.95,13,0,0,3,terminee
5,1,Borne A1 - Centre Commercial,2,2026-03-16 13:13:00.135566,2026-03-16 13:57:00.135566,44,12.94,3.88,13,0,0,3,terminee
907,2,Borne B2 - Parking Université,50,2026-03-16 13:24:00.135566,2026-03-16 14:36:00.135566,72,37.81,17.01,13,0,0,3,terminee
909,2,Borne B2 - Parking Université,32,2026-03-16 13:44:00.135566,2026-03-16 14:46:00.135566,62,40.4,18.18,13,0,0,3,terminee
910,2,Borne B2 - Parking Université,50,2026-03-16 14:20:00.135566,2026-03-16 15:49:00.135566,89,44.57,20.06,14,0,0,3,terminee
6,1,Borne A1 - Centre Commercial,45,2026-03-16 15:35:00.135566,2026-03-16 16:15:00.135566,40,13.0,3.9,15,0,0,3,terminee
911,2,Borne B2 - Parking Université,30,2026-03-16 15:54:00.135566,2026-03-16 17:42:00.135566,108,57.35,25.81,15,0,0,3,terminee
912,2,Borne B2 - Parking Université,5,2026-03-16 17:40:00.135566,2026-03-16 19:20:00.135566,100,73.24,32.96,17,0,0,3,terminee
8,1,Borne A1 - Centre Commercial,49,2026-03-16 18:17:00.135566,2026-03-16 20:15:00.135566,118,41.0,12.3,18,0,0,3,terminee
7,1,Borne A1 - Centre Commercial,38,2026-03-16 18:34:00.135566,2026-03-16 19:42:00.135566,68,17.16,5.15,18,0,0,3,terminee
913,2,Borne B2 - Parking Université,28,2026-03-16 18:50:00.135566,2026-03-16 20:13:00.135566,83,52.5,23.62,18,0,0,3,terminee
914,2,Borne B2 - Parking Université,21,2026-03-16 18:52:00.135566,2026-03-16 19:34:00.135566,42,27.93,12.57,18,0,0,3,terminee
9,1,Borne A1 - Centre Commercial,22,2026-03-16 19:51:00.135566,2026-03-16 20:26:00.135566,35,11.28,3.38,19,0,0,3,terminee
915,2,Borne B2 - Parking Université,37,2026-03-16 19:53:00.135566,2026-03-16 20:44:00.135566,51,31.24,14.06,19,0,0,3,terminee
916,2,Borne B2 - Parking Université,22,2026-03-16 20:08:00.135566,2026-03-16 21:35:00.135566,87,68.22,30.7,20,0,0,3,terminee
917,2,Borne B2 - Parking Université,3,2026-03-16 20:57:00.135566,2026-03-16 22:39:00.135566,102,76.92,34.61,20,0,0,3,terminee
1797,3,Borne C3 - Parking Aéroport,6,2026-03-17 01:37:00.135566,2026-03-17 02:38:00.135566,61,148.32,88.99,1,1,0,3,terminee
1798,3,Borne C3 - Parking Aéroport,25,2026-03-17 06:49:00.135566,2026-03-17 07:42:00.135566,53,96.61,57.97,6,1,0,3,terminee
1799,3,Borne C3 - Parking Aéroport,36,2026-03-17 07:52:00.135566,2026-03-17 08:15:00.135566,23,51.94,31.16,7,1,0,3,terminee
918,2,Borne B2 - Parking Université,30,2026-03-17 08:06:00.135566,2026-03-17 09:41:00.135566,95,72.32,32.54,8,1,0,3,terminee
10,1,Borne A1 - Centre Commercial,49,2026-03-17 08:17:00.135566,2026-03-17 08:51:00.135566,34,8.55,2.56,8,1,0,3,terminee
11,1,Borne A1 - Centre Commercial,7,2026-03-17 09:21:00.135566,2026-03-17 09:49:00.135566,28,6.54,1.96,9,1,0,3,terminee
919,2,Borne B2 - Parking Université,11,2026-03-17 10:01:00.135566,2026-03-17 10:31:00.135566,30,24.29,10.93,10,1,0,3,terminee
12,1,Borne A1 - Centre Commercial,3,2026-03-17 10:22:00.135566,2026-03-17 11:21:00.135566,59,18.2,5.46,10,1,0,3,terminee
1800,3,Borne C3 - Parking Aéroport,8,2026-03-17 12:04:00.135566,2026-03-17 12:56:00.135566,52,102.48,61.49,12,1,0,3,terminee
921,2,Borne B2 - Parking Université,42,2026-03-17 12:12:00.135566,2026-03-17 13:55:00.135566,103,82.72,37.22,12,1,0,3,terminee
920,2,Borne B2 - Parking Université,28,2026-03-17 12:28:00.135566,2026-03-17 13:41:00.135566,73,36.52,16.43,12,1,0,3,terminee
1801,3,Borne C3 - Parking Aéroport,27,2026-03-17 12:44:00.135566,2026-03-17 13:34:00.135566,50,91.46,54.88,12,1,0,3,terminee
13,1,Borne A1 - Centre Commercial,25,2026-03-17 12:46:00.135566,2026-03-17 13:59:00.135566,73,21.8,6.54,12,1,0,3,terminee
16,1,Borne A1 - Centre Commercial,50,2026-03-17 13:04:00.135566,2026-03-17 13:24:00.135566,20,6.34,1.9,13,1,0,3,terminee
14,1,Borne A1 - Centre Commercial,41,2026-03-17 13:05:00.135566,2026-03-17 14:30:00.135566,85,22.35,6.71,13,1,0,3,terminee
17,1,Borne A1 - Centre Commercial,7,2026-03-17 13:18:00.135566,2026-03-17 13:43:00.135566,25,8.64,2.59,13,1,0,3,terminee
18,1,Borne A1 - Centre Commercial,24,2026-03-17 13:24:00.135566,2026-03-17 14:14:00.135566,50,14.33,4.3,13,1,0,3,terminee
15,1,Borne A1 - Centre Commercial,46,2026-03-17 13:39:00.135566,2026-03-17 14:40:00.135566,61,18.59,5.58,13,1,0,3,terminee
1803,3,Borne C3 - Parking Aéroport,41,2026-03-17 16:03:00.135566,2026-03-17 16:31:00.135566,28,58.0,34.8,16,1,0,3,terminee
1802,3,Borne C3 - Parking Aéroport,40,2026-03-17 16:33:00.135566,2026-03-17 17:14:00.135566,41,90.03,54.02,16,1,0,3,terminee
1804,3,Borne C3 - Parking Aéroport,45,2026-03-17 17:33:00.135566,2026-03-17 17:59:00.135566,26,51.58,30.95,17,1,0,3,terminee
19,1,Borne A1 - Centre Commercial,43,2026-03-17 18:10:00.135566,2026-03-17 19:12:00.135566,62,16.87,5.06,18,1,0,3,terminee
922,2,Borne B2 - Parking Université,18,2026-03-17 18:19:00.135566,2026-03-17 18:54:00.135566,35,27.7,12.46,18,1,0,3,terminee
923,2,Borne B2 - Parking Université,6,2026-03-17 19:05:00.135566,2026-03-17 20:43:00.135566,98,60.77,27.35,19,1,0,3,terminee
20,1,Borne A1 - Centre Commercial,42,2026-03-17 19:17:00.135566,2026-03-17 21:01:00.135566,104,37.17,11.15,19,1,0,3,terminee
924,2,Borne B2 - Parking Université,11,2026-03-17 19:23:00.135566,2026-03-17 21:03:00.135566,100,80.13,36.06,19,1,0,3,terminee
1806,3,Borne C3 - Parking Aéroport,17,2026-03-17 19:27:00.135566,2026-03-17 20:59:00.135566,92,216.0,129.6,19,1,0,3,terminee
1805,3,Borne C3 - Parking Aéroport,19,2026-03-17 19:38:00.135566,2026-03-17 21:33:00.135566,115,285.92,171.55,19,1,0,3,terminee
925,2,Borne B2 - Parking Université,47,2026-03-17 20:03:00.135566,2026-03-17 21:08:00.135566,65,46.05,20.72,20,1,0,3,terminee
927,2,Borne B2 - Parking Université,14,2026-03-17 20:05:00.135566,2026-03-17 21:50:00.135566,105,55.83,25.12,20,1,0,3,terminee
928,2,Borne B2 - Parking Université,15,2026-03-17 20:30:00.135566,2026-03-17 20:54:00.135566,24,13.06,5.88,20,1,0,3,terminee
1807,3,Borne C3 - Parking Aéroport,23,2026-03-17 20:33:00.135566,2026-03-17 22:01:00.135566,88,219.56,131.74,20,1,0,3,terminee
926,2,Borne B2 - Parking Université,42,2026-03-17 20:44:00.135566,2026-03-17 22:35:00.135566,111,64.16,28.87,20,1,0,3,terminee
1808,3,Borne C3 - Parking Aéroport,32,2026-03-17 22:59:00.135566,2026-03-17 23:30:00.135566,31,65.54,39.32,22,1,0,3,terminee
21,1,Borne A1 - Centre Commercial,35,2026-03-18 01:04:00.135566,2026-03-18 02:36:00.135566,92,28.81,8.64,1,2,0,3,terminee
1809,3,Borne C3 - Parking Aéroport,12,2026-03-18 07:40:00.135566,2026-03-18 08:58:00.135566,78,155.42,93.25,7,2,0,3,terminee
22,1,Borne A1 - Centre Commercial,25,2026-03-18 07:46:00.135566,2026-03-18 08:32:00.135566,46,11.22,3.37,7,2,0,3,terminee
23,1,Borne A1 - Centre Commercial,15,2026-03-18 10:17:00.135566,2026-03-18 11:53:00.135566,96,30.81,9.24,10,2,0,3,terminee
929,2,Borne B2 - Parking Université,1,2026-03-18 10:33:00.135566,2026-03-18 12:15:00.135566,102,66.13,29.76,10,2,0,3,terminee
930,2,Borne B2 - Parking Université,28,2026-03-18 10:44:00.135566,2026-03-18 11:42:00.135566,58,44.8,20.16,10,2,0,3,terminee
931,2,Borne B2 - Parking Université,15,2026-03-18 12:44:00.135566,2026-03-18 13:15:00.135566,31,20.44,9.2,12,2,0,3,terminee
1810,3,Borne C3 - Parking Aéroport,19,2026-03-18 12:56:00.135566,2026-03-18 14:29:00.135566,93,161.14,96.68,12,2,0,3,terminee
1811,3,Borne C3 - Parking Aéroport,30,2026-03-18 13:12:00.135566,2026-03-18 13:27:00.135566,15,24.27,14.56,13,2,0,3,terminee
932,2,Borne B2 - Parking Université,7,2026-03-18 13:24:00.135566,2026-03-18 13:50:00.135566,26,19.33,8.7,13,2,0,3,terminee
933,2,Borne B2 - Parking Université,20,2026-03-18 15:06:00.135566,2026-03-18 16:01:00.135566,55,34.24,15.41,15,2,0,3,terminee
934,2,Borne B2 - Parking Université,49,2026-03-18 15:08:00.135566,2026-03-18 16:11:00.135566,63,47.74,21.48,15,2,0,3,terminee
24,1,Borne A1 - Centre Commercial,50,2026-03-18 15:43:00.135566,2026-03-18 16:39:00.135566,56,19.24,5.77,15,2,0,3,terminee
25,1,Borne A1 - Centre Commercial,21,2026-03-18 16:03:00.135566,2026-03-18 16:47:00.135566,44,14.98,4.49,16,2,0,3,terminee
1812,3,Borne C3 - Parking Aéroport,14,2026-03-18 16:40:00.135566,2026-03-18 18:36:00.135566,116,187.68,112.61,16,2,0,3,terminee
935,2,Borne B2 - Parking Université,44,2026-03-18 16:55:00.135566,2026-03-18 17:27:00.135566,32,22.84,10.28,16,2,0,3,terminee
936,2,Borne B2 - Parking Université,1,2026-03-18 17:09:00.135566,2026-03-18 17:32:00.135566,23,15.57,7.01,17,2,0,3,terminee
1813,3,Borne C3 - Parking Aéroport,27,2026-03-18 17:51:00.135566,2026-03-18 19:24:00.135566,93,232.41,139.45,17,2,0,3,terminee
1814,3,Borne C3 - Parking Aéroport,41,2026-03-18 18:02:00.135566,2026-03-18 18:59:00.135566,57,105.43,63.26,18,2,0,3,terminee
26,1,Borne A1 - Centre Commercial,37,2026-03-18 18:25:00.135566,2026-03-18 19:14:00.135566,49,11.26,3.38,18,2,0,3,terminee
27,1,Borne A1 - Centre Commercial,42,2026-03-18 18:56:00.135566,2026-03-18 20:42:00.135566,106,28.21,8.46,18,2,0,3,terminee
29,1,Borne A1 - Centre Commercial,16,2026-03-18 19:29:00.135566,2026-03-18 20:02:00.135566,33,8.54,2.56,19,2,0,3,terminee
28,1,Borne A1 - Centre Commercial,42,2026-03-18 19:31:00.135566,2026-03-18 20:36:00.135566,65,22.73,6.82,19,2,0,3,terminee
937,2,Borne B2 - Parking Université,23,2026-03-18 19:39:00.135566,2026-03-18 21:17:00.135566,98,54.36,24.46,19,2,0,3,terminee
938,2,Borne B2 - Parking Université,10,2026-03-18 21:46:00.135566,2026-03-18 22:28:00.135566,42,29.79,13.41,21,2,0,3,terminee
940,2,Borne B2 - Parking Université,7,2026-03-19 07:55:00.135566,2026-03-19 08:37:00.135566,42,22.21,9.99,7,3,0,3,terminee
939,2,Borne B2 - Parking Université,29,2026-03-19 07:58:00.135566,2026-03-19 09:05:00.135566,67,47.26,21.27,7,3,0,3,terminee
1815,3,Borne C3 - Parking Aéroport,17,2026-03-19 08:40:00.135566,2026-03-19 09:20:00.135566,40,87.6,52.56,8,3,0,3,terminee
1816,3,Borne C3 - Parking Aéroport,33,2026-03-19 08:50:00.135566,2026-03-19 09:13:00.135566,23,41.58,24.95,8,3,0,3,terminee
1817,3,Borne C3 - Parking Aéroport,8,2026-03-19 09:35:00.135566,2026-03-19 10:31:00.135566,56,126.95,76.17,9,3,0,3,terminee
1818,3,Borne C3 - Parking Aéroport,47,2026-03-19 09:43:00.135566,2026-03-19 10:40:00.135566,57,104.96,62.98,9,3,0,3,terminee
1819,3,Borne C3 - Parking Aéroport,12,2026-03-19 11:36:00.135566,2026-03-19 13:09:00.135566,93,228.79,137.27,11,3,0,3,terminee
31,1,Borne A1 - Centre Commercial,26,2026-03-19 11:37:00.135566,2026-03-19 12:46:00.135566,69,24.27,7.28,11,3,0,3,terminee
30,1,Borne A1 - Centre Commercial,48,2026-03-19 11:47:00.135566,2026-03-19 13:13:00.135566,86,25.72,7.72,11,3,0,3,terminee
941,2,Borne B2 - Parking Université,47,2026-03-19 12:08:00.135566,2026-03-19 13:59:00.135566,111,60.06,27.03,12,3,0,3,terminee
32,1,Borne A1 - Centre Commercial,9,2026-03-19 12:23:00.135566,2026-03-19 13:06:00.135566,43,15.75,4.72,12,3,0,3,terminee
33,1,Borne A1 - Centre Commercial,4,2026-03-19 12:32:00.135566,2026-03-19 13:50:00.135566,78,18.2,5.46,12,3,0,3,terminee
1820,3,Borne C3 - Parking Aéroport,44,2026-03-19 13:12:00.135566,2026-03-19 14:09:00.135566,57,133.03,79.82,13,3,0,3,terminee
36,1,Borne A1 - Centre Commercial,30,2026-03-19 13:24:00.135566,2026-03-19 14:27:00.135566,63,19.37,5.81,13,3,0,3,terminee
35,1,Borne A1 - Centre Commercial,5,2026-03-19 13:50:00.135566,2026-03-19 15:32:00.135566,102,28.76,8.63,13,3,0,3,terminee
34,1,Borne A1 - Centre Commercial,11,2026-03-19 13:55:00.135566,2026-03-19 14:24:00.135566,29,7.03,2.11,13,3,0,3,terminee
1822,3,Borne C3 - Parking Aéroport,30,2026-03-19 14:08:00.135566,2026-03-19 15:24:00.135566,76,125.81,75.49,14,3,0,3,terminee
1821,3,Borne C3 - Parking Aéroport,42,2026-03-19 14:30:00.135566,2026-03-19 15:45:00.135566,75,172.29,103.37,14,3,0,3,terminee
942,2,Borne B2 - Parking Université,21,2026-03-19 15:24:00.135566,2026-03-19 16:23:00.135566,59,48.44,21.8,15,3,0,3,terminee
943,2,Borne B2 - Parking Université,42,2026-03-19 15:50:00.135566,2026-03-19 16:22:00.135566,32,18.64,8.39,15,3,0,3,terminee
1823,3,Borne C3 - Parking Aéroport,30,2026-03-19 15:57:00.135566,2026-03-19 17:20:00.135566,83,198.86,119.32,15,3,0,3,terminee
944,2,Borne B2 - Parking Université,39,2026-03-19 16:05:00.135566,2026-03-19 16:51:00.135566,46,31.49,14.17,16,3,0,3,terminee
945,2,Borne B2 - Parking Université,45,2026-03-19 16:46:00.135566,2026-03-19 18:18:00.135566,92,54.74,24.63,16,3,0,3,terminee
946,2,Borne B2 - Parking Université,14,2026-03-19 18:01:00.135566,2026-03-19 19:40:00.135566,99,78.4,35.28,18,3,0,3,terminee
948,2,Borne B2 - Parking Université,16,2026-03-19 18:25:00.135566,2026-03-19 19:17:00.135566,52,37.2,16.74,18,3,0,3,terminee
37,1,Borne A1 - Centre Commercial,1,2026-03-19 18:33:00.135566,2026-03-19 19:20:00.135566,47,17.03,5.11,18,3,0,3,terminee
947,2,Borne B2 - Parking Université,48,2026-03-19 18:33:00.135566,2026-03-19 20:05:00.135566,92,61.63,27.73,18,3,0,3,terminee
38,1,Borne A1 - Centre Commercial,35,2026-03-19 18:43:00.135566,2026-03-19 20:30:00.135566,107,25.34,7.6,18,3,0,3,terminee
949,2,Borne B2 - Parking Université,32,2026-03-19 19:31:00.135566,2026-03-19 20:35:00.135566,64,34.41,15.48,19,3,0,3,terminee
39,1,Borne A1 - Centre Commercial,22,2026-03-19 19:48:00.135566,2026-03-19 20:37:00.135566,49,16.3,4.89,19,3,0,3,terminee
1824,3,Borne C3 - Parking Aéroport,48,2026-03-19 19:50:00.135566,2026-03-19 21:49:00.135566,119,227.76,136.66,19,3,0,3,terminee
950,2,Borne B2 - Parking Université,1,2026-03-19 22:40:00.135566,2026-03-20 00:11:00.135566,91,47.65,21.44,22,3,0,3,terminee
40,1,Borne A1 - Centre Commercial,30,2026-03-19 23:07:00.135566,2026-03-19 23:59:00.135566,52,14.76,4.43,23,3,0,3,terminee
951,2,Borne B2 - Parking Université,37,2026-03-20 07:23:00.135566,2026-03-20 08:18:00.135566,55,29.92,13.46,7,4,0,3,terminee
41,1,Borne A1 - Centre Commercial,17,2026-03-20 10:00:00.135566,2026-03-20 11:47:00.135566,107,37.29,11.19,10,4,0,3,terminee
952,2,Borne B2 - Parking Université,12,2026-03-20 11:26:00.135566,2026-03-20 12:27:00.135566,61,41.61,18.72,11,4,0,3,terminee
953,2,Borne B2 - Parking Université,50,2026-03-20 12:48:00.135566,2026-03-20 14:03:00.135566,75,61.36,27.61,12,4,0,3,terminee
42,1,Borne A1 - Centre Commercial,7,2026-03-20 13:32:00.135566,2026-03-20 15:24:00.135566,112,27.57,8.27,13,4,0,3,terminee
954,2,Borne B2 - Parking Université,1,2026-03-20 16:04:00.135566,2026-03-20 16:21:00.135566,17,11.83,5.32,16,4,0,3,terminee
43,1,Borne A1 - Centre Commercial,41,2026-03-20 16:55:00.135566,2026-03-20 18:30:00.135566,95,25.06,7.52,16,4,0,3,terminee
44,1,Borne A1 - Centre Commercial,24,2026-03-20 17:32:00.135566,2026-03-20 19:04:00.135566,92,22.92,6.88,17,4,0,3,terminee
45,1,Borne A1 - Centre Commercial,50,2026-03-20 17:48:00.135566,2026-03-20 18:23:00.135566,35,10.47,3.14,17,4,0,3,terminee
46,1,Borne A1 - Centre Commercial,39,2026-03-20 18:59:00.135566,2026-03-20 20:21:00.135566,82,29.09,8.73,18,4,0,3,terminee
47,1,Borne A1 - Centre Commercial,24,2026-03-20 19:20:00.135566,2026-03-20 20:37:00.135566,77,17.16,5.15,19,4,0,3,terminee
48,1,Borne A1 - Centre Commercial,4,2026-03-20 19:56:00.135566,2026-03-20 21:54:00.135566,118,31.28,9.38,19,4,0,3,terminee
955,2,Borne B2 - Parking Université,4,2026-03-20 20:16:00.135566,2026-03-20 20:58:00.135566,42,21.56,9.7,20,4,0,3,terminee
49,1,Borne A1 - Centre Commercial,6,2026-03-20 21:15:00.135566,2026-03-20 22:42:00.135566,87,31.22,9.37,21,4,0,3,terminee
956,2,Borne B2 - Parking Université,41,2026-03-21 08:50:00.135566,2026-03-21 09:55:00.135566,65,43.48,19.57,8,5,1,3,terminee
50,1,Borne A1 - Centre Commercial,49,2026-03-21 09:46:00.135566,2026-03-21 11:03:00.135566,77,26.16,7.85,9,5,1,3,terminee
1826,3,Borne C3 - Parking Aéroport,44,2026-03-21 11:34:00.135566,2026-03-21 11:51:00.135566,17,29.04,17.42,11,5,1,3,terminee
1825,3,Borne C3 - Parking Aéroport,36,2026-03-21 11:36:00.135566,2026-03-21 13:23:00.135566,107,233.07,139.84,11,5,1,3,terminee
52,1,Borne A1 - Centre Commercial,34,2026-03-21 12:30:00.135566,2026-03-21 13:55:00.135566,85,20.76,6.23,12,5,1,3,terminee
51,1,Borne A1 - Centre Commercial,43,2026-03-21 12:34:00.135566,2026-03-21 14:27:00.135566,113,26.94,8.08,12,5,1,3,terminee
957,2,Borne B2 - Parking Université,28,2026-03-21 12:45:00.135566,2026-03-21 14:04:00.135566,79,59.7,26.87,12,5,1,3,terminee
1827,3,Borne C3 - Parking Aéroport,23,2026-03-21 13:21:00.135566,2026-03-21 15:18:00.135566,117,282.69,169.61,13,5,1,3,terminee
53,1,Borne A1 - Centre Commercial,14,2026-03-21 13:55:00.135566,2026-03-21 15:27:00.135566,92,25.95,7.78,13,5,1,3,terminee
1828,3,Borne C3 - Parking Aéroport,2,2026-03-21 16:04:00.135566,2026-03-21 16:38:00.135566,34,60.54,36.32,16,5,1,3,terminee
1829,3,Borne C3 - Parking Aéroport,11,2026-03-21 17:21:00.135566,2026-03-21 18:24:00.135566,63,133.97,80.38,17,5,1,3,terminee
1831,3,Borne C3 - Parking Aéroport,46,2026-03-21 18:07:00.135566,2026-03-21 20:02:00.135566,115,258.93,155.36,18,5,1,3,terminee
55,1,Borne A1 - Centre Commercial,43,2026-03-21 18:12:00.135566,2026-03-21 19:58:00.135566,106,28.17,8.45,18,5,1,3,terminee
1830,3,Borne C3 - Parking Aéroport,39,2026-03-21 18:36:00.135566,2026-03-21 20:08:00.135566,92,173.84,104.3,18,5,1,3,terminee
54,1,Borne A1 - Centre Commercial,45,2026-03-21 18:59:00.135566,2026-03-21 20:23:00.135566,84,27.78,8.33,18,5,1,3,terminee
958,2,Borne B2 - Parking Université,35,2026-03-21 19:44:00.135566,2026-03-21 20:50:00.135566,66,34.81,15.66,19,5,1,3,terminee
1832,3,Borne C3 - Parking Aéroport,18,2026-03-21 20:54:00.135566,2026-03-21 21:49:00.135566,55,121.54,72.92,20,5,1,3,terminee
959,2,Borne B2 - Parking Université,6,2026-03-21 21:34:00.135566,2026-03-21 23:07:00.135566,93,51.23,23.05,21,5,1,3,terminee
56,1,Borne A1 - Centre Commercial,34,2026-03-21 22:41:00.135566,2026-03-21 23:43:00.135566,62,17.62,5.29,22,5,1,3,terminee
1833,3,Borne C3 - Parking Aéroport,20,2026-03-22 08:31:00.135566,2026-03-22 09:16:00.135566,45,84.22,50.53,8,6,1,3,terminee
1834,3,Borne C3 - Parking Aéroport,8,2026-03-22 09:13:00.135566,2026-03-22 10:35:00.135566,82,147.79,88.67,9,6,1,3,terminee
960,2,Borne B2 - Parking Université,14,2026-03-22 09:19:00.135566,2026-03-22 09:44:00.135566,25,16.76,7.54,9,6,1,3,terminee
961,2,Borne B2 - Parking Université,26,2026-03-22 10:51:00.135566,2026-03-22 11:25:00.135566,34,23.08,10.39,10,6,1,3,terminee
1835,3,Borne C3 - Parking Aéroport,13,2026-03-22 11:23:00.135566,2026-03-22 13:18:00.135566,115,176.8,106.08,11,6,1,3,terminee
962,2,Borne B2 - Parking Université,42,2026-03-22 11:37:00.135566,2026-03-22 13:13:00.135566,96,72.42,32.59,11,6,1,3,terminee
57,1,Borne A1 - Centre Commercial,5,2026-03-22 12:28:00.135566,2026-03-22 12:58:00.135566,30,7.69,2.31,12,6,1,3,terminee
1837,3,Borne C3 - Parking Aéroport,10,2026-03-22 12:51:00.135566,2026-03-22 14:07:00.135566,76,182.78,109.67,12,6,1,3,terminee
1836,3,Borne C3 - Parking Aéroport,2,2026-03-22 12:58:00.135566,2026-03-22 13:24:00.135566,26,50.54,30.32,12,6,1,3,terminee
1838,3,Borne C3 - Parking Aéroport,47,2026-03-22 13:12:00.135566,2026-03-22 14:10:00.135566,58,140.57,84.34,13,6,1,3,terminee
58,1,Borne A1 - Centre Commercial,15,2026-03-22 13:21:00.135566,2026-03-22 13:38:00.135566,17,5.21,1.56,13,6,1,3,terminee
963,2,Borne B2 - Parking Université,45,2026-03-22 13:43:00.135566,2026-03-22 15:20:00.135566,97,50.64,22.79,13,6,1,3,terminee
965,2,Borne B2 - Parking Université,28,2026-03-22 15:03:00.135566,2026-03-22 15:49:00.135566,46,24.32,10.94,15,6,1,3,terminee
964,2,Borne B2 - Parking Université,16,2026-03-22 15:27:00.135566,2026-03-22 17:15:00.135566,108,88.32,39.74,15,6,1,3,terminee
59,1,Borne A1 - Centre Commercial,46,2026-03-22 15:37:00.135566,2026-03-22 16:20:00.135566,43,9.51,2.85,15,6,1,3,terminee
60,1,Borne A1 - Centre Commercial,3,2026-03-22 16:40:00.135566,2026-03-22 17:02:00.135566,22,5.58,1.67,16,6,1,3,terminee
1839,3,Borne C3 - Parking Aéroport,21,2026-03-22 17:55:00.135566,2026-03-22 19:17:00.135566,82,148.45,89.07,17,6,1,3,terminee
966,2,Borne B2 - Parking Université,4,2026-03-22 18:07:00.135566,2026-03-22 19:20:00.135566,73,51.4,23.13,18,6,1,3,terminee
1840,3,Borne C3 - Parking Aéroport,34,2026-03-22 18:09:00.135566,2026-03-22 20:02:00.135566,113,268.01,160.81,18,6,1,3,terminee
967,2,Borne B2 - Parking Université,48,2026-03-22 18:19:00.135566,2026-03-22 19:59:00.135566,100,74.72,33.62,18,6,1,3,terminee
1841,3,Borne C3 - Parking Aéroport,3,2026-03-22 19:43:00.135566,2026-03-22 20:14:00.135566,31,52.86,31.72,19,6,1,3,terminee
968,2,Borne B2 - Parking Université,9,2026-03-22 20:11:00.135566,2026-03-22 20:41:00.135566,30,15.13,6.81,20,6,1,3,terminee
1842,3,Borne C3 - Parking Aéroport,34,2026-03-22 21:29:00.135566,2026-03-22 22:33:00.135566,64,141.68,85.01,21,6,1,3,terminee
969,2,Borne B2 - Parking Université,23,2026-03-22 22:44:00.135566,2026-03-22 23:00:00.135566,16,8.87,3.99,22,6,1,3,terminee
61,1,Borne A1 - Centre Commercial,16,2026-03-22 22:55:00.135566,2026-03-22 23:52:00.135566,57,13.13,3.94,22,6,1,3,terminee
970,2,Borne B2 - Parking Université,47,2026-03-23 04:33:00.135566,2026-03-23 05:54:00.135566,81,61.64,27.74,4,0,0,3,terminee
62,1,Borne A1 - Centre Commercial,35,2026-03-23 09:17:00.135566,2026-03-23 10:57:00.135566,100,29.12,8.74,9,0,0,3,terminee
63,1,Borne A1 - Centre Commercial,37,2026-03-23 10:08:00.135566,2026-03-23 11:55:00.135566,107,38.22,11.47,10,0,0,3,terminee
64,1,Borne A1 - Centre Commercial,31,2026-03-23 10:36:00.135566,2026-03-23 11:51:00.135566,75,19.17,5.75,10,0,0,3,terminee
65,1,Borne A1 - Centre Commercial,7,2026-03-23 10:51:00.135566,2026-03-23 11:58:00.135566,67,16.61,4.98,10,0,0,3,terminee
971,2,Borne B2 - Parking Université,48,2026-03-23 12:16:00.135566,2026-03-23 12:52:00.135566,36,22.46,10.11,12,0,0,3,terminee
66,1,Borne A1 - Centre Commercial,27,2026-03-23 12:42:00.135566,2026-03-23 13:52:00.135566,70,19.04,5.71,12,0,0,3,terminee
972,2,Borne B2 - Parking Université,8,2026-03-23 12:49:00.135566,2026-03-23 13:38:00.135566,49,36.47,16.41,12,0,0,3,terminee
69,1,Borne A1 - Centre Commercial,16,2026-03-23 13:21:00.135566,2026-03-23 15:18:00.135566,117,40.53,12.16,13,0,0,3,terminee
67,1,Borne A1 - Centre Commercial,42,2026-03-23 13:29:00.135566,2026-03-23 15:17:00.135566,108,24.62,7.39,13,0,0,3,terminee
68,1,Borne A1 - Centre Commercial,47,2026-03-23 13:41:00.135566,2026-03-23 14:08:00.135566,27,6.18,1.85,13,0,0,3,terminee
70,1,Borne A1 - Centre Commercial,9,2026-03-23 15:12:00.135566,2026-03-23 15:51:00.135566,39,11.65,3.5,15,0,0,3,terminee
973,2,Borne B2 - Parking Université,28,2026-03-23 15:49:00.135566,2026-03-23 16:07:00.135566,18,11.01,4.95,15,0,0,3,terminee
974,2,Borne B2 - Parking Université,46,2026-03-23 17:17:00.135566,2026-03-23 18:39:00.135566,82,42.75,19.24,17,0,0,3,terminee
71,1,Borne A1 - Centre Commercial,16,2026-03-23 17:27:00.135566,2026-03-23 18:05:00.135566,38,9.91,2.97,17,0,0,3,terminee
975,2,Borne B2 - Parking Université,30,2026-03-23 17:36:00.135566,2026-03-23 19:11:00.135566,95,49.94,22.47,17,0,0,3,terminee
72,1,Borne A1 - Centre Commercial,36,2026-03-23 17:55:00.135566,2026-03-23 18:19:00.135566,24,6.84,2.05,17,0,0,3,terminee
73,1,Borne A1 - Centre Commercial,35,2026-03-23 18:06:00.135566,2026-03-23 18:27:00.135566,21,6.63,1.99,18,0,0,3,terminee
977,2,Borne B2 - Parking Université,50,2026-03-23 19:10:00.135566,2026-03-23 20:12:00.135566,62,34.25,15.41,19,0,0,3,terminee
976,2,Borne B2 - Parking Université,37,2026-03-23 19:32:00.135566,2026-03-23 20:33:00.135566,61,31.63,14.23,19,0,0,3,terminee
74,1,Borne A1 - Centre Commercial,49,2026-03-23 19:53:00.135566,2026-03-23 20:09:00.135566,16,5.79,1.74,19,0,0,3,terminee
75,1,Borne A1 - Centre Commercial,32,2026-03-23 19:54:00.135566,2026-03-23 20:39:00.135566,45,11.0,3.3,19,0,0,3,terminee
978,2,Borne B2 - Parking Université,8,2026-03-23 20:06:00.135566,2026-03-23 21:34:00.135566,88,63.77,28.7,20,0,0,3,terminee
979,2,Borne B2 - Parking Université,3,2026-03-23 20:14:00.135566,2026-03-23 22:03:00.135566,109,72.99,32.85,20,0,0,3,terminee
76,1,Borne A1 - Centre Commercial,4,2026-03-23 20:30:00.135566,2026-03-23 21:12:00.135566,42,14.57,4.37,20,0,0,3,terminee
77,1,Borne A1 - Centre Commercial,25,2026-03-23 21:10:00.135566,2026-03-23 22:13:00.135566,63,13.88,4.16,21,0,0,3,terminee
1843,3,Borne C3 - Parking Aéroport,6,2026-03-24 06:02:00.135566,2026-03-24 07:44:00.135566,102,239.51,143.71,6,1,0,3,terminee
78,1,Borne A1 - Centre Commercial,19,2026-03-24 07:16:00.135566,2026-03-24 09:11:00.135566,115,38.54,11.56,7,1,0,3,terminee
81,1,Borne A1 - Centre Commercial,38,2026-03-24 08:18:00.135566,2026-03-24 09:00:00.135566,42,15.21,4.56,8,1,0,3,terminee
981,2,Borne B2 - Parking Université,12,2026-03-24 08:23:00.135566,2026-03-24 09:27:00.135566,64,51.63,23.23,8,1,0,3,terminee
79,1,Borne A1 - Centre Commercial,36,2026-03-24 08:27:00.135566,2026-03-24 10:11:00.135566,104,37.48,11.24,8,1,0,3,terminee
80,1,Borne A1 - Centre Commercial,13,2026-03-24 08:42:00.135566,2026-03-24 10:28:00.135566,106,30.89,9.27,8,1,0,3,terminee
980,2,Borne B2 - Parking Université,31,2026-03-24 08:54:00.135566,2026-03-24 09:10:00.135566,16,9.3,4.19,8,1,0,3,terminee
1844,3,Borne C3 - Parking Aéroport,7,2026-03-24 09:21:00.135566,2026-03-24 10:35:00.135566,74,176.8,106.08,9,1,0,3,terminee
982,2,Borne B2 - Parking Université,46,2026-03-24 09:59:00.135566,2026-03-24 10:18:00.135566,19,13.0,5.85,9,1,0,3,terminee
1846,3,Borne C3 - Parking Aéroport,41,2026-03-24 10:01:00.135566,2026-03-24 11:29:00.135566,88,198.75,119.25,10,1,0,3,terminee
1845,3,Borne C3 - Parking Aéroport,20,2026-03-24 10:33:00.135566,2026-03-24 12:26:00.135566,113,243.97,146.38,10,1,0,3,terminee
983,2,Borne B2 - Parking Université,21,2026-03-24 11:47:00.135566,2026-03-24 13:25:00.135566,98,62.7,28.22,11,1,0,3,terminee
82,1,Borne A1 - Centre Commercial,21,2026-03-24 11:47:00.135566,2026-03-24 13:11:00.135566,84,19.23,5.77,11,1,0,3,terminee
83,1,Borne A1 - Centre Commercial,33,2026-03-24 12:03:00.135566,2026-03-24 12:24:00.135566,21,6.42,1.93,12,1,0,3,terminee
1847,3,Borne C3 - Parking Aéroport,13,2026-03-24 12:57:00.135566,2026-03-24 13:38:00.135566,41,74.66,44.8,12,1,0,3,terminee
1848,3,Borne C3 - Parking Aéroport,50,2026-03-24 13:18:00.135566,2026-03-24 14:08:00.135566,50,101.61,60.97,13,1,0,3,terminee
1849,3,Borne C3 - Parking Aéroport,10,2026-03-24 14:28:00.135566,2026-03-24 16:08:00.135566,100,161.77,97.06,14,1,0,3,terminee
84,1,Borne A1 - Centre Commercial,33,2026-03-24 14:58:00.135566,2026-03-24 16:20:00.135566,82,19.93,5.98,14,1,0,3,terminee
85,1,Borne A1 - Centre Commercial,5,2026-03-24 16:05:00.135566,2026-03-24 16:43:00.135566,38,8.74,2.62,16,1,0,3,terminee
984,2,Borne B2 - Parking Université,21,2026-03-24 17:15:00.135566,2026-03-24 18:23:00.135566,68,54.76,24.64,17,1,0,3,terminee
985,2,Borne B2 - Parking Université,24,2026-03-24 17:17:00.135566,2026-03-24 19:17:00.135566,120,63.12,28.4,17,1,0,3,terminee
1850,3,Borne C3 - Parking Aéroport,40,2026-03-24 18:10:00.135566,2026-03-24 19:00:00.135566,50,80.72,48.43,18,1,0,3,terminee
87,1,Borne A1 - Centre Commercial,40,2026-03-24 18:15:00.135566,2026-03-24 19:44:00.135566,89,27.34,8.2,18,1,0,3,terminee
86,1,Borne A1 - Centre Commercial,37,2026-03-24 18:43:00.135566,2026-03-24 19:28:00.135566,45,12.56,3.77,18,1,0,3,terminee
88,1,Borne A1 - Centre Commercial,37,2026-03-24 19:05:00.135566,2026-03-24 20:13:00.135566,68,21.52,6.46,19,1,0,3,terminee
986,2,Borne B2 - Parking Université,4,2026-03-24 19:07:00.135566,2026-03-24 20:26:00.135566,79,57.23,25.75,19,1,0,3,terminee
1851,3,Borne C3 - Parking Aéroport,35,2026-03-24 19:35:00.135566,2026-03-24 20:55:00.135566,80,128.19,76.91,19,1,0,3,terminee
987,2,Borne B2 - Parking Université,3,2026-03-24 20:11:00.135566,2026-03-24 20:54:00.135566,43,33.03,14.86,20,1,0,3,terminee
1852,3,Borne C3 - Parking Aéroport,10,2026-03-24 20:22:00.135566,2026-03-24 21:47:00.135566,85,154.57,92.74,20,1,0,3,terminee
988,2,Borne B2 - Parking Université,19,2026-03-24 20:25:00.135566,2026-03-24 20:48:00.135566,23,18.22,8.2,20,1,0,3,terminee
1853,3,Borne C3 - Parking Aéroport,16,2026-03-24 23:45:00.135566,2026-03-25 01:42:00.135566,117,208.64,125.18,23,1,0,3,terminee
91,1,Borne A1 - Centre Commercial,20,2026-03-25 09:25:00.135566,2026-03-25 09:56:00.135566,31,9.87,2.96,9,2,0,3,terminee
990,2,Borne B2 - Parking Université,19,2026-03-25 09:29:00.135566,2026-03-25 09:45:00.135566,16,9.97,4.49,9,2,0,3,terminee
89,1,Borne A1 - Centre Commercial,14,2026-03-25 09:33:00.135566,2026-03-25 10:28:00.135566,55,19.64,5.89,9,2,0,3,terminee
90,1,Borne A1 - Centre Commercial,17,2026-03-25 09:42:00.135566,2026-03-25 11:28:00.135566,106,28.2,8.46,9,2,0,3,terminee
989,2,Borne B2 - Parking Université,36,2026-03-25 09:49:00.135566,2026-03-25 10:43:00.135566,54,32.89,14.8,9,2,0,3,terminee
991,2,Borne B2 - Parking Université,40,2026-03-25 10:36:00.135566,2026-03-25 12:31:00.135566,115,69.15,31.12,10,2,0,3,terminee
992,2,Borne B2 - Parking Université,32,2026-03-25 12:15:00.135566,2026-03-25 13:29:00.135566,74,46.08,20.74,12,2,0,3,terminee
93,1,Borne A1 - Centre Commercial,37,2026-03-25 13:00:00.135566,2026-03-25 14:13:00.135566,73,22.71,6.81,13,2,0,3,terminee
92,1,Borne A1 - Centre Commercial,5,2026-03-25 13:29:00.135566,2026-03-25 14:24:00.135566,55,19.59,5.88,13,2,0,3,terminee
993,2,Borne B2 - Parking Université,35,2026-03-25 13:49:00.135566,2026-03-25 15:43:00.135566,114,64.43,28.99,13,2,0,3,terminee
94,1,Borne A1 - Centre Commercial,33,2026-03-25 15:06:00.135566,2026-03-25 15:30:00.135566,24,7.17,2.15,15,2,0,3,terminee
95,1,Borne A1 - Centre Commercial,5,2026-03-25 15:16:00.135566,2026-03-25 15:47:00.135566,31,11.06,3.32,15,2,0,3,terminee
994,2,Borne B2 - Parking Université,1,2026-03-25 16:48:00.135566,2026-03-25 18:44:00.135566,116,67.48,30.37,16,2,0,3,terminee
96,1,Borne A1 - Centre Commercial,11,2026-03-25 16:56:00.135566,2026-03-25 17:42:00.135566,46,12.61,3.78,16,2,0,3,terminee
995,2,Borne B2 - Parking Université,35,2026-03-25 17:59:00.135566,2026-03-25 19:06:00.135566,67,34.03,15.31,17,2,0,3,terminee
996,2,Borne B2 - Parking Université,1,2026-03-25 18:22:00.135566,2026-03-25 19:58:00.135566,96,74.87,33.69,18,2,0,3,terminee
97,1,Borne A1 - Centre Commercial,40,2026-03-25 18:28:00.135566,2026-03-25 19:52:00.135566,84,27.15,8.14,18,2,0,3,terminee
997,2,Borne B2 - Parking Université,25,2026-03-25 19:21:00.135566,2026-03-25 19:36:00.135566,15,11.29,5.08,19,2,0,3,terminee
998,2,Borne B2 - Parking Université,7,2026-03-25 19:54:00.135566,2026-03-25 21:43:00.135566,109,80.92,36.41,19,2,0,3,terminee
999,2,Borne B2 - Parking Université,27,2026-03-25 20:13:00.135566,2026-03-25 21:35:00.135566,82,67.87,30.54,20,2,0,3,terminee
1000,2,Borne B2 - Parking Université,10,2026-03-25 20:31:00.135566,2026-03-25 20:53:00.135566,22,18.13,8.16,20,2,0,3,terminee
1001,2,Borne B2 - Parking Université,15,2026-03-25 20:45:00.135566,2026-03-25 21:35:00.135566,50,26.55,11.95,20,2,0,3,terminee
1002,2,Borne B2 - Parking Université,24,2026-03-25 20:57:00.135566,2026-03-25 22:18:00.135566,81,51.65,23.24,20,2,0,3,terminee
1003,2,Borne B2 - Parking Université,7,2026-03-26 00:29:00.135566,2026-03-26 02:19:00.135566,110,58.11,26.15,0,3,0,3,terminee
1004,2,Borne B2 - Parking Université,26,2026-03-26 04:32:00.135566,2026-03-26 05:04:00.135566,32,22.8,10.26,4,3,0,3,terminee
98,1,Borne A1 - Centre Commercial,43,2026-03-26 08:51:00.135566,2026-03-26 10:29:00.135566,98,29.16,8.75,8,3,0,3,terminee
1854,3,Borne C3 - Parking Aéroport,4,2026-03-26 09:57:00.135566,2026-03-26 10:55:00.135566,58,118.35,71.01,9,3,0,3,terminee
1005,2,Borne B2 - Parking Université,28,2026-03-26 10:04:00.135566,2026-03-26 11:34:00.135566,90,62.03,27.91,10,3,0,3,terminee
99,1,Borne A1 - Centre Commercial,43,2026-03-26 11:52:00.135566,2026-03-26 13:17:00.135566,85,22.43,6.73,11,3,0,3,terminee
100,1,Borne A1 - Centre Commercial,7,2026-03-26 12:06:00.135566,2026-03-26 12:38:00.135566,32,8.28,2.48,12,3,0,3,terminee
1006,2,Borne B2 - Parking Université,17,2026-03-26 12:42:00.135566,2026-03-26 13:13:00.135566,31,17.95,8.08,12,3,0,3,terminee
101,1,Borne A1 - Centre Commercial,19,2026-03-26 12:47:00.135566,2026-03-26 14:12:00.135566,85,20.64,6.19,12,3,0,3,terminee
1856,3,Borne C3 - Parking Aéroport,6,2026-03-26 13:03:00.135566,2026-03-26 13:31:00.135566,28,52.74,31.64,13,3,0,3,terminee
1855,3,Borne C3 - Parking Aéroport,44,2026-03-26 13:08:00.135566,2026-03-26 13:26:00.135566,18,35.47,21.28,13,3,0,3,terminee
102,1,Borne A1 - Centre Commercial,14,2026-03-26 14:38:00.135566,2026-03-26 15:19:00.135566,41,13.34,4.0,14,3,0,3,terminee
1008,2,Borne B2 - Parking Université,29,2026-03-26 14:44:00.135566,2026-03-26 16:33:00.135566,109,66.35,29.86,14,3,0,3,terminee
1007,2,Borne B2 - Parking Université,26,2026-03-26 14:54:00.135566,2026-03-26 15:49:00.135566,55,44.48,20.02,14,3,0,3,terminee
1857,3,Borne C3 - Parking Aéroport,39,2026-03-26 15:27:00.135566,2026-03-26 16:32:00.135566,65,109.13,65.48,15,3,0,3,terminee
104,1,Borne A1 - Centre Commercial,4,2026-03-26 15:31:00.135566,2026-03-26 16:18:00.135566,47,16.58,4.97,15,3,0,3,terminee
103,1,Borne A1 - Centre Commercial,33,2026-03-26 15:43:00.135566,2026-03-26 17:19:00.135566,96,33.13,9.94,15,3,0,3,terminee
1009,2,Borne B2 - Parking Université,13,2026-03-26 16:17:00.135566,2026-03-26 17:01:00.135566,44,23.1,10.4,16,3,0,3,terminee
105,1,Borne A1 - Centre Commercial,18,2026-03-26 17:05:00.135566,2026-03-26 18:41:00.135566,96,27.08,8.12,17,3,0,3,terminee
1010,2,Borne B2 - Parking Université,7,2026-03-26 17:08:00.135566,2026-03-26 19:02:00.135566,114,86.27,38.82,17,3,0,3,terminee
1858,3,Borne C3 - Parking Aéroport,45,2026-03-26 17:57:00.135566,2026-03-26 19:27:00.135566,90,191.65,114.99,17,3,0,3,terminee
106,1,Borne A1 - Centre Commercial,9,2026-03-26 18:02:00.135566,2026-03-26 18:17:00.135566,15,4.03,1.21,18,3,0,3,terminee
1011,2,Borne B2 - Parking Université,30,2026-03-26 18:09:00.135566,2026-03-26 18:37:00.135566,28,15.53,6.99,18,3,0,3,terminee
1012,2,Borne B2 - Parking Université,23,2026-03-26 18:20:00.135566,2026-03-26 19:27:00.135566,67,36.2,16.29,18,3,0,3,terminee
107,1,Borne A1 - Centre Commercial,29,2026-03-26 18:40:00.135566,2026-03-26 19:28:00.135566,48,11.7,3.51,18,3,0,3,terminee
109,1,Borne A1 - Centre Commercial,45,2026-03-26 19:07:00.135566,2026-03-26 19:31:00.135566,24,8.61,2.58,19,3,0,3,terminee
1014,2,Borne B2 - Parking Université,44,2026-03-26 19:16:00.135566,2026-03-26 19:46:00.135566,30,15.9,7.16,19,3,0,3,terminee
1860,3,Borne C3 - Parking Aéroport,49,2026-03-26 19:21:00.135566,2026-03-26 21:20:00.135566,119,202.08,121.25,19,3,0,3,terminee
108,1,Borne A1 - Centre Commercial,1,2026-03-26 19:35:00.135566,2026-03-26 21:20:00.135566,105,29.69,8.91,19,3,0,3,terminee
1859,3,Borne C3 - Parking Aéroport,20,2026-03-26 19:44:00.135566,2026-03-26 20:56:00.135566,72,152.37,91.42,19,3,0,3,terminee
1013,2,Borne B2 - Parking Université,30,2026-03-26 19:49:00.135566,2026-03-26 20:30:00.135566,41,26.68,12.01,19,3,0,3,terminee
1015,2,Borne B2 - Parking Université,39,2026-03-26 20:19:00.135566,2026-03-26 22:19:00.135566,120,88.19,39.69,20,3,0,3,terminee
1016,2,Borne B2 - Parking Université,21,2026-03-26 23:02:00.135566,2026-03-26 23:44:00.135566,42,32.7,14.72,23,3,0,3,terminee
1861,3,Borne C3 - Parking Aéroport,49,2026-03-26 23:42:00.135566,2026-03-27 01:40:00.135566,118,239.95,143.97,23,3,0,3,terminee
1017,2,Borne B2 - Parking Université,23,2026-03-27 03:09:00.135566,2026-03-27 03:35:00.135566,26,19.16,8.62,3,4,0,3,terminee
1862,3,Borne C3 - Parking Aéroport,45,2026-03-27 06:36:00.135566,2026-03-27 07:07:00.135566,31,49.38,29.63,6,4,0,3,terminee
1863,3,Borne C3 - Parking Aéroport,44,2026-03-27 08:29:00.135566,2026-03-27 08:56:00.135566,27,52.8,31.68,8,4,0,3,terminee
1864,3,Borne C3 - Parking Aéroport,31,2026-03-27 08:41:00.135566,2026-03-27 10:26:00.135566,105,237.98,142.79,8,4,0,3,terminee
110,1,Borne A1 - Centre Commercial,24,2026-03-27 08:57:00.135566,2026-03-27 09:31:00.135566,34,10.2,3.06,8,4,0,3,terminee
112,1,Borne A1 - Centre Commercial,3,2026-03-27 09:02:00.135566,2026-03-27 09:56:00.135566,54,14.77,4.43,9,4,0,3,terminee
111,1,Borne A1 - Centre Commercial,9,2026-03-27 09:37:00.135566,2026-03-27 11:02:00.135566,85,20.55,6.17,9,4,0,3,terminee
113,1,Borne A1 - Centre Commercial,16,2026-03-27 09:57:00.135566,2026-03-27 10:57:00.135566,60,15.05,4.51,9,4,0,3,terminee
1018,2,Borne B2 - Parking Université,20,2026-03-27 10:25:00.135566,2026-03-27 11:45:00.135566,80,41.31,18.59,10,4,0,3,terminee
116,1,Borne A1 - Centre Commercial,12,2026-03-27 11:09:00.135566,2026-03-27 11:54:00.135566,45,15.61,4.68,11,4,0,3,terminee
114,1,Borne A1 - Centre Commercial,36,2026-03-27 11:42:00.135566,2026-03-27 12:10:00.135566,28,7.61,2.28,11,4,0,3,terminee
115,1,Borne A1 - Centre Commercial,48,2026-03-27 11:56:00.135566,2026-03-27 13:03:00.135566,67,24.31,7.29,11,4,0,3,terminee
1865,3,Borne C3 - Parking Aéroport,40,2026-03-27 12:14:00.135566,2026-03-27 12:57:00.135566,43,70.68,42.41,12,4,0,3,terminee
1019,2,Borne B2 - Parking Université,2,2026-03-27 12:16:00.135566,2026-03-27 14:15:00.135566,119,98.8,44.46,12,4,0,3,terminee
1020,2,Borne B2 - Parking Université,36,2026-03-27 13:25:00.135566,2026-03-27 14:37:00.135566,72,49.34,22.2,13,4,0,3,terminee
117,1,Borne A1 - Centre Commercial,48,2026-03-27 13:56:00.135566,2026-03-27 15:03:00.135566,67,14.98,4.49,13,4,0,3,terminee
1021,2,Borne B2 - Parking Université,9,2026-03-27 14:15:00.135566,2026-03-27 14:42:00.135566,27,17.66,7.95,14,4,0,3,terminee
119,1,Borne A1 - Centre Commercial,16,2026-03-27 14:51:00.135566,2026-03-27 16:31:00.135566,100,34.67,10.4,14,4,0,3,terminee
118,1,Borne A1 - Centre Commercial,27,2026-03-27 14:59:00.135566,2026-03-27 15:56:00.135566,57,19.08,5.72,14,4,0,3,terminee
120,1,Borne A1 - Centre Commercial,7,2026-03-27 15:17:00.135566,2026-03-27 15:52:00.135566,35,11.74,3.52,15,4,0,3,terminee
121,1,Borne A1 - Centre Commercial,15,2026-03-27 15:24:00.135566,2026-03-27 15:43:00.135566,19,6.57,1.97,15,4,0,3,terminee
122,1,Borne A1 - Centre Commercial,23,2026-03-27 16:12:00.135566,2026-03-27 18:11:00.135566,119,42.21,12.66,16,4,0,3,terminee
1866,3,Borne C3 - Parking Aéroport,45,2026-03-27 16:16:00.135566,2026-03-27 17:17:00.135566,61,115.42,69.25,16,4,0,3,terminee
1022,2,Borne B2 - Parking Université,50,2026-03-27 17:07:00.135566,2026-03-27 17:23:00.135566,16,8.33,3.75,17,4,0,3,terminee
123,1,Borne A1 - Centre Commercial,15,2026-03-27 17:19:00.135566,2026-03-27 19:19:00.135566,120,40.4,12.12,17,4,0,3,terminee
124,1,Borne A1 - Centre Commercial,26,2026-03-27 18:14:00.135566,2026-03-27 18:32:00.135566,18,5.7,1.71,18,4,0,3,terminee
1868,3,Borne C3 - Parking Aéroport,31,2026-03-27 18:29:00.135566,2026-03-27 19:46:00.135566,77,117.83,70.7,18,4,0,3,terminee
1867,3,Borne C3 - Parking Aéroport,21,2026-03-27 18:58:00.135566,2026-03-27 20:38:00.135566,100,183.03,109.82,18,4,0,3,terminee
1023,2,Borne B2 - Parking Université,26,2026-03-27 19:14:00.135566,2026-03-27 19:45:00.135566,31,17.55,7.9,19,4,0,3,terminee
1025,2,Borne B2 - Parking Université,5,2026-03-27 20:05:00.135566,2026-03-27 21:34:00.135566,89,61.89,27.85,20,4,0,3,terminee
1869,3,Borne C3 - Parking Aéroport,11,2026-03-27 20:07:00.135566,2026-03-27 21:06:00.135566,59,116.74,70.04,20,4,0,3,terminee
1871,3,Borne C3 - Parking Aéroport,46,2026-03-27 20:08:00.135566,2026-03-27 21:28:00.135566,80,128.23,76.94,20,4,0,3,terminee
1870,3,Borne C3 - Parking Aéroport,37,2026-03-27 20:18:00.135566,2026-03-27 22:11:00.135566,113,208.89,125.33,20,4,0,3,terminee
125,1,Borne A1 - Centre Commercial,50,2026-03-27 20:21:00.135566,2026-03-27 21:11:00.135566,50,17.34,5.2,20,4,0,3,terminee
1024,2,Borne B2 - Parking Université,42,2026-03-27 20:23:00.135566,2026-03-27 22:05:00.135566,102,72.43,32.59,20,4,0,3,terminee
1872,3,Borne C3 - Parking Aéroport,42,2026-03-27 20:50:00.135566,2026-03-27 21:18:00.135566,28,51.12,30.67,20,4,0,3,terminee
126,1,Borne A1 - Centre Commercial,26,2026-03-27 22:17:00.135566,2026-03-27 23:16:00.135566,59,18.53,5.56,22,4,0,3,terminee
127,1,Borne A1 - Centre Commercial,2,2026-03-27 22:43:00.135566,2026-03-28 00:06:00.135566,83,22.29,6.69,22,4,0,3,terminee
1026,2,Borne B2 - Parking Université,42,2026-03-28 10:01:00.135566,2026-03-28 10:24:00.135566,23,13.02,5.86,10,5,1,3,terminee
128,1,Borne A1 - Centre Commercial,17,2026-03-28 12:07:00.135566,2026-03-28 12:55:00.135566,48,11.82,3.55,12,5,1,3,terminee
129,1,Borne A1 - Centre Commercial,23,2026-03-28 15:02:00.135566,2026-03-28 15:30:00.135566,28,8.61,2.58,15,5,1,3,terminee
1028,2,Borne B2 - Parking Université,4,2026-03-28 18:07:00.135566,2026-03-28 18:27:00.135566,20,16.28,7.33,18,5,1,3,terminee
1027,2,Borne B2 - Parking Université,22,2026-03-28 18:28:00.135566,2026-03-28 20:26:00.135566,118,64.07,28.83,18,5,1,3,terminee
130,1,Borne A1 - Centre Commercial,39,2026-03-28 18:46:00.135566,2026-03-28 20:41:00.135566,115,30.59,9.18,18,5,1,3,terminee
132,1,Borne A1 - Centre Commercial,28,2026-03-28 19:12:00.135566,2026-03-28 19:59:00.135566,47,10.65,3.19,19,5,1,3,terminee
131,1,Borne A1 - Centre Commercial,37,2026-03-28 19:32:00.135566,2026-03-28 20:01:00.135566,29,8.02,2.41,19,5,1,3,terminee
1029,2,Borne B2 - Parking Université,47,2026-03-28 20:10:00.135566,2026-03-28 21:38:00.135566,88,56.71,25.52,20,5,1,3,terminee
1030,2,Borne B2 - Parking Université,44,2026-03-28 20:25:00.135566,2026-03-28 21:43:00.135566,78,39.77,17.9,20,5,1,3,terminee
133,1,Borne A1 - Centre Commercial,35,2026-03-28 21:00:00.135566,2026-03-28 22:21:00.135566,81,28.82,8.65,21,5,1,3,terminee
1031,2,Borne B2 - Parking Université,12,2026-03-29 00:27:00.135566,2026-03-29 01:04:00.135566,37,22.87,10.29,0,6,1,3,terminee
1873,3,Borne C3 - Parking Aéroport,16,2026-03-29 08:29:00.135566,2026-03-29 09:35:00.135566,66,137.98,82.79,8,6,1,3,terminee
134,1,Borne A1 - Centre Commercial,48,2026-03-29 08:43:00.135566,2026-03-29 10:30:00.135566,107,38.3,11.49,8,6,1,3,terminee
1033,2,Borne B2 - Parking Université,16,2026-03-29 09:02:00.135566,2026-03-29 10:35:00.135566,93,65.69,29.56,9,6,1,3,terminee
1032,2,Borne B2 - Parking Université,10,2026-03-29 09:17:00.135566,2026-03-29 10:07:00.135566,50,32.43,14.59,9,6,1,3,terminee
1874,3,Borne C3 - Parking Aéroport,31,2026-03-29 09:39:00.135566,2026-03-29 10:25:00.135566,46,94.21,56.53,9,6,1,3,terminee
1034,2,Borne B2 - Parking Université,36,2026-03-29 09:41:00.135566,2026-03-29 10:33:00.135566,52,34.65,15.59,9,6,1,3,terminee
1875,3,Borne C3 - Parking Aéroport,45,2026-03-29 13:24:00.135566,2026-03-29 13:47:00.135566,23,42.34,25.4,13,6,1,3,terminee
1876,3,Borne C3 - Parking Aéroport,28,2026-03-29 13:37:00.135566,2026-03-29 14:47:00.135566,70,159.9,95.94,13,6,1,3,terminee
1877,3,Borne C3 - Parking Aéroport,45,2026-03-29 15:36:00.135566,2026-03-29 17:31:00.135566,115,211.85,127.11,15,6,1,3,terminee
1878,3,Borne C3 - Parking Aéroport,5,2026-03-29 16:15:00.135566,2026-03-29 16:52:00.135566,37,80.02,48.01,16,6,1,3,terminee
135,1,Borne A1 - Centre Commercial,5,2026-03-29 16:42:00.135566,2026-03-29 17:22:00.135566,40,10.94,3.28,16,6,1,3,terminee
136,1,Borne A1 - Centre Commercial,43,2026-03-29 17:42:00.135566,2026-03-29 18:39:00.135566,57,17.75,5.33,17,6,1,3,terminee
1879,3,Borne C3 - Parking Aéroport,32,2026-03-29 19:47:00.135566,2026-03-29 21:33:00.135566,106,219.86,131.92,19,6,1,3,terminee
137,1,Borne A1 - Centre Commercial,20,2026-03-29 19:54:00.135566,2026-03-29 20:24:00.135566,30,9.77,2.93,19,6,1,3,terminee
1036,2,Borne B2 - Parking Université,34,2026-03-29 20:08:00.135566,2026-03-29 21:16:00.135566,68,38.52,17.33,20,6,1,3,terminee
1037,2,Borne B2 - Parking Université,35,2026-03-29 20:15:00.135566,2026-03-29 21:50:00.135566,95,78.98,35.54,20,6,1,3,terminee
1035,2,Borne B2 - Parking Université,25,2026-03-29 20:30:00.135566,2026-03-29 20:52:00.135566,22,11.64,5.24,20,6,1,3,terminee
138,1,Borne A1 - Centre Commercial,21,2026-03-29 20:32:00.135566,2026-03-29 21:26:00.135566,54,17.16,5.15,20,6,1,3,terminee
1880,3,Borne C3 - Parking Aéroport,21,2026-03-29 21:07:00.135566,2026-03-29 22:37:00.135566,90,188.65,113.19,21,6,1,3,terminee
139,1,Borne A1 - Centre Commercial,9,2026-03-29 21:25:00.135566,2026-03-29 23:09:00.135566,104,27.39,8.22,21,6,1,3,terminee
140,1,Borne A1 - Centre Commercial,25,2026-03-29 22:12:00.135566,2026-03-29 23:20:00.135566,68,21.59,6.48,22,6,1,3,terminee
141,1,Borne A1 - Centre Commercial,40,2026-03-29 23:43:00.135566,2026-03-30 01:33:00.135566,110,38.77,11.63,23,6,1,3,terminee
1881,3,Borne C3 - Parking Aéroport,26,2026-03-30 04:52:00.135566,2026-03-30 06:03:00.135566,71,119.01,71.41,4,0,0,3,terminee
142,1,Borne A1 - Centre Commercial,1,2026-03-30 08:36:00.135566,2026-03-30 09:29:00.135566,53,14.82,4.45,8,0,0,3,terminee
1038,2,Borne B2 - Parking Université,46,2026-03-30 08:50:00.135566,2026-03-30 09:07:00.135566,17,14.11,6.35,8,0,0,3,terminee
1882,3,Borne C3 - Parking Aéroport,39,2026-03-30 09:04:00.135566,2026-03-30 10:35:00.135566,91,146.4,87.84,9,0,0,3,terminee
1883,3,Borne C3 - Parking Aéroport,32,2026-03-30 09:49:00.135566,2026-03-30 11:48:00.135566,119,223.59,134.15,9,0,0,3,terminee
143,1,Borne A1 - Centre Commercial,38,2026-03-30 10:19:00.135566,2026-03-30 11:10:00.135566,51,12.79,3.84,10,0,0,3,terminee
1039,2,Borne B2 - Parking Université,32,2026-03-30 10:22:00.135566,2026-03-30 11:38:00.135566,76,51.79,23.31,10,0,0,3,terminee
144,1,Borne A1 - Centre Commercial,29,2026-03-30 10:38:00.135566,2026-03-30 12:16:00.135566,98,26.19,7.86,10,0,0,3,terminee
145,1,Borne A1 - Centre Commercial,31,2026-03-30 11:28:00.135566,2026-03-30 13:09:00.135566,101,25.39,7.62,11,0,0,3,terminee
1886,3,Borne C3 - Parking Aéroport,10,2026-03-30 11:40:00.135566,2026-03-30 13:38:00.135566,118,177.02,106.21,11,0,0,3,terminee
1884,3,Borne C3 - Parking Aéroport,14,2026-03-30 11:41:00.135566,2026-03-30 13:20:00.135566,99,154.59,92.75,11,0,0,3,terminee
1885,3,Borne C3 - Parking Aéroport,49,2026-03-30 11:52:00.135566,2026-03-30 12:24:00.135566,32,76.39,45.83,11,0,0,3,terminee
1040,2,Borne B2 - Parking Université,25,2026-03-30 12:22:00.135566,2026-03-30 13:49:00.135566,87,58.07,26.13,12,0,0,3,terminee
1888,3,Borne C3 - Parking Aéroport,13,2026-03-30 12:24:00.135566,2026-03-30 13:57:00.135566,93,193.25,115.95,12,0,0,3,terminee
1887,3,Borne C3 - Parking Aéroport,19,2026-03-30 12:42:00.135566,2026-03-30 13:16:00.135566,34,66.4,39.84,12,0,0,3,terminee
1042,2,Borne B2 - Parking Université,50,2026-03-30 13:14:00.135566,2026-03-30 13:32:00.135566,18,14.37,6.47,13,0,0,3,terminee
1041,2,Borne B2 - Parking Université,39,2026-03-30 13:17:00.135566,2026-03-30 13:55:00.135566,38,19.33,8.7,13,0,0,3,terminee
146,1,Borne A1 - Centre Commercial,43,2026-03-30 13:50:00.135566,2026-03-30 15:46:00.135566,116,38.04,11.41,13,0,0,3,terminee
147,1,Borne A1 - Centre Commercial,41,2026-03-30 14:05:00.135566,2026-03-30 14:56:00.135566,51,15.08,4.52,14,0,0,3,terminee
1043,2,Borne B2 - Parking Université,31,2026-03-30 14:17:00.135566,2026-03-30 14:39:00.135566,22,16.93,7.62,14,0,0,3,terminee
150,1,Borne A1 - Centre Commercial,31,2026-03-30 15:09:00.135566,2026-03-30 15:27:00.135566,18,4.08,1.22,15,0,0,3,terminee
149,1,Borne A1 - Centre Commercial,13,2026-03-30 15:15:00.135566,2026-03-30 16:56:00.135566,101,26.82,8.05,15,0,0,3,terminee
148,1,Borne A1 - Centre Commercial,49,2026-03-30 15:39:00.135566,2026-03-30 16:36:00.135566,57,13.32,4.0,15,0,0,3,terminee
1044,2,Borne B2 - Parking Université,15,2026-03-30 16:33:00.135566,2026-03-30 17:33:00.135566,60,45.34,20.4,16,0,0,3,terminee
1045,2,Borne B2 - Parking Université,16,2026-03-30 17:10:00.135566,2026-03-30 17:37:00.135566,27,15.73,7.08,17,0,0,3,terminee
151,1,Borne A1 - Centre Commercial,27,2026-03-30 17:39:00.135566,2026-03-30 19:32:00.135566,113,26.07,7.82,17,0,0,3,terminee
152,1,Borne A1 - Centre Commercial,46,2026-03-30 17:56:00.135566,2026-03-30 19:31:00.135566,95,28.92,8.68,17,0,0,3,terminee
154,1,Borne A1 - Centre Commercial,49,2026-03-30 18:09:00.135566,2026-03-30 19:47:00.135566,98,31.44,9.43,18,0,0,3,terminee
1889,3,Borne C3 - Parking Aéroport,20,2026-03-30 18:13:00.135566,2026-03-30 19:55:00.135566,102,242.5,145.5,18,0,0,3,terminee
1046,2,Borne B2 - Parking Université,48,2026-03-30 18:17:00.135566,2026-03-30 19:40:00.135566,83,64.08,28.84,18,0,0,3,terminee
156,1,Borne A1 - Centre Commercial,45,2026-03-30 18:27:00.135566,2026-03-30 19:10:00.135566,43,10.57,3.17,18,0,0,3,terminee
153,1,Borne A1 - Centre Commercial,16,2026-03-30 18:44:00.135566,2026-03-30 19:48:00.135566,64,18.72,5.62,18,0,0,3,terminee
155,1,Borne A1 - Centre Commercial,50,2026-03-30 18:55:00.135566,2026-03-30 20:48:00.135566,113,39.54,11.86,18,0,0,3,terminee
1047,2,Borne B2 - Parking Université,15,2026-03-30 19:03:00.135566,2026-03-30 20:55:00.135566,112,93.2,41.94,19,0,0,3,terminee
157,1,Borne A1 - Centre Commercial,16,2026-03-30 19:33:00.135566,2026-03-30 20:47:00.135566,74,16.83,5.05,19,0,0,3,terminee
1890,3,Borne C3 - Parking Aéroport,20,2026-03-30 19:36:00.135566,2026-03-30 21:32:00.135566,116,279.93,167.96,19,0,0,3,terminee
158,1,Borne A1 - Centre Commercial,30,2026-03-30 19:58:00.135566,2026-03-30 20:28:00.135566,30,8.61,2.58,19,0,0,3,terminee
1891,3,Borne C3 - Parking Aéroport,23,2026-03-30 20:58:00.135566,2026-03-30 22:08:00.135566,70,155.25,93.15,20,0,0,3,terminee
1892,3,Borne C3 - Parking Aéroport,33,2026-03-31 00:37:00.135566,2026-03-31 00:53:00.135566,16,33.78,20.27,0,1,0,3,terminee
159,1,Borne A1 - Centre Commercial,39,2026-03-31 00:42:00.135566,2026-03-31 02:04:00.135566,82,29.92,8.98,0,1,0,3,terminee
1049,2,Borne B2 - Parking Université,48,2026-03-31 06:11:00.135566,2026-03-31 06:56:00.135566,45,31.39,14.13,6,1,0,3,terminee
1048,2,Borne B2 - Parking Université,12,2026-03-31 06:36:00.135566,2026-03-31 08:33:00.135566,117,73.65,33.14,6,1,0,3,terminee
1050,2,Borne B2 - Parking Université,2,2026-03-31 08:44:00.135566,2026-03-31 09:44:00.135566,60,48.28,21.73,8,1,0,3,terminee
1894,3,Borne C3 - Parking Aéroport,1,2026-03-31 09:23:00.135566,2026-03-31 10:48:00.135566,85,209.77,125.86,9,1,0,3,terminee
1893,3,Borne C3 - Parking Aéroport,4,2026-03-31 09:25:00.135566,2026-03-31 09:56:00.135566,31,72.93,43.76,9,1,0,3,terminee
160,1,Borne A1 - Centre Commercial,40,2026-03-31 10:20:00.135566,2026-03-31 12:11:00.135566,111,38.93,11.68,10,1,0,3,terminee
1895,3,Borne C3 - Parking Aéroport,23,2026-03-31 10:45:00.135566,2026-03-31 12:11:00.135566,86,199.58,119.75,10,1,0,3,terminee
163,1,Borne A1 - Centre Commercial,49,2026-03-31 10:47:00.135566,2026-03-31 12:02:00.135566,75,21.45,6.43,10,1,0,3,terminee
161,1,Borne A1 - Centre Commercial,28,2026-03-31 10:52:00.135566,2026-03-31 12:39:00.135566,107,37.54,11.26,10,1,0,3,terminee
162,1,Borne A1 - Centre Commercial,11,2026-03-31 10:53:00.135566,2026-03-31 12:18:00.135566,85,24.26,7.28,10,1,0,3,terminee
164,1,Borne A1 - Centre Commercial,50,2026-03-31 11:15:00.135566,2026-03-31 12:51:00.135566,96,25.02,7.51,11,1,0,3,terminee
166,1,Borne A1 - Centre Commercial,16,2026-03-31 11:28:00.135566,2026-03-31 11:52:00.135566,24,7.79,2.34,11,1,0,3,terminee
165,1,Borne A1 - Centre Commercial,18,2026-03-31 11:33:00.135566,2026-03-31 12:50:00.135566,77,24.02,7.21,11,1,0,3,terminee
1051,2,Borne B2 - Parking Université,37,2026-03-31 11:45:00.135566,2026-03-31 13:29:00.135566,104,64.19,28.89,11,1,0,3,terminee
167,1,Borne A1 - Centre Commercial,35,2026-03-31 12:17:00.135566,2026-03-31 13:14:00.135566,57,15.21,4.56,12,1,0,3,terminee
1052,2,Borne B2 - Parking Université,13,2026-03-31 12:36:00.135566,2026-03-31 13:09:00.135566,33,22.69,10.21,12,1,0,3,terminee
168,1,Borne A1 - Centre Commercial,25,2026-03-31 13:05:00.135566,2026-03-31 13:37:00.135566,32,7.75,2.32,13,1,0,3,terminee
1896,3,Borne C3 - Parking Aéroport,16,2026-03-31 13:07:00.135566,2026-03-31 13:58:00.135566,51,120.65,72.39,13,1,0,3,terminee
1898,3,Borne C3 - Parking Aéroport,25,2026-03-31 13:20:00.135566,2026-03-31 15:06:00.135566,106,199.58,119.75,13,1,0,3,terminee
1897,3,Borne C3 - Parking Aéroport,41,2026-03-31 13:27:00.135566,2026-03-31 15:11:00.135566,104,217.38,130.43,13,1,0,3,terminee
1899,3,Borne C3 - Parking Aéroport,12,2026-03-31 13:27:00.135566,2026-03-31 14:51:00.135566,84,143.74,86.24,13,1,0,3,terminee
169,1,Borne A1 - Centre Commercial,5,2026-03-31 13:44:00.135566,2026-03-31 14:18:00.135566,34,11.0,3.3,13,1,0,3,terminee
1902,3,Borne C3 - Parking Aéroport,1,2026-03-31 14:18:00.135566,2026-03-31 15:58:00.135566,100,162.55,97.53,14,1,0,3,terminee
170,1,Borne A1 - Centre Commercial,30,2026-03-31 14:26:00.135566,2026-03-31 15:33:00.135566,67,17.99,5.4,14,1,0,3,terminee
1900,3,Borne C3 - Parking Aéroport,25,2026-03-31 14:30:00.135566,2026-03-31 15:02:00.135566,32,54.02,32.41,14,1,0,3,terminee
1901,3,Borne C3 - Parking Aéroport,10,2026-03-31 14:53:00.135566,2026-03-31 15:54:00.135566,61,142.74,85.64,14,1,0,3,terminee
1053,2,Borne B2 - Parking Université,32,2026-03-31 15:53:00.135566,2026-03-31 17:51:00.135566,118,93.68,42.16,15,1,0,3,terminee
171,1,Borne A1 - Centre Commercial,27,2026-03-31 17:26:00.135566,2026-03-31 17:48:00.135566,22,5.51,1.65,17,1,0,3,terminee
1054,2,Borne B2 - Parking Université,3,2026-03-31 17:34:00.135566,2026-03-31 18:28:00.135566,54,30.16,13.57,17,1,0,3,terminee
173,1,Borne A1 - Centre Commercial,31,2026-03-31 18:01:00.135566,2026-03-31 19:53:00.135566,112,34.1,10.23,18,1,0,3,terminee
1903,3,Borne C3 - Parking Aéroport,47,2026-03-31 18:04:00.135566,2026-03-31 19:41:00.135566,97,147.02,88.21,18,1,0,3,terminee
1055,2,Borne B2 - Parking Université,15,2026-03-31 18:05:00.135566,2026-03-31 18:27:00.135566,22,12.71,5.72,18,1,0,3,terminee
172,1,Borne A1 - Centre Commercial,45,2026-03-31 18:24:00.135566,2026-03-31 20:17:00.135566,113,34.54,10.36,18,1,0,3,terminee
174,1,Borne A1 - Centre Commercial,25,2026-03-31 19:00:00.135566,2026-03-31 20:00:00.135566,60,15.83,4.75,19,1,0,3,terminee
1056,2,Borne B2 - Parking Université,22,2026-03-31 19:01:00.135566,2026-03-31 20:23:00.135566,82,54.07,24.33,19,1,0,3,terminee
1904,3,Borne C3 - Parking Aéroport,9,2026-03-31 19:56:00.135566,2026-03-31 21:13:00.135566,77,166.16,99.7,19,1,0,3,terminee
175,1,Borne A1 - Centre Commercial,48,2026-03-31 20:54:00.135566,2026-03-31 22:02:00.135566,68,20.33,6.1,20,1,0,3,terminee
1905,3,Borne C3 - Parking Aéroport,27,2026-03-31 22:05:00.135566,2026-03-31 22:37:00.135566,32,68.55,41.13,22,1,0,3,terminee
1906,3,Borne C3 - Parking Aéroport,28,2026-04-01 05:57:00.135566,2026-04-01 07:52:00.135566,115,252.47,151.48,5,2,0,4,terminee
1059,2,Borne B2 - Parking Université,46,2026-04-01 08:03:00.135566,2026-04-01 08:20:00.135566,17,9.34,4.2,8,2,0,4,terminee
1058,2,Borne B2 - Parking Université,21,2026-04-01 08:21:00.135566,2026-04-01 10:07:00.135566,106,59.27,26.67,8,2,0,4,terminee
1057,2,Borne B2 - Parking Université,9,2026-04-01 08:58:00.135566,2026-04-01 10:31:00.135566,93,52.75,23.74,8,2,0,4,terminee
176,1,Borne A1 - Centre Commercial,15,2026-04-01 09:34:00.135566,2026-04-01 11:31:00.135566,117,36.09,10.83,9,2,0,4,terminee
1907,3,Borne C3 - Parking Aéroport,28,2026-04-01 09:39:00.135566,2026-04-01 10:17:00.135566,38,74.27,44.56,9,2,0,4,terminee
1060,2,Borne B2 - Parking Université,34,2026-04-01 10:58:00.135566,2026-04-01 11:31:00.135566,33,25.02,11.26,10,2,0,4,terminee
177,1,Borne A1 - Centre Commercial,32,2026-04-01 11:31:00.135566,2026-04-01 12:14:00.135566,43,11.18,3.35,11,2,0,4,terminee
178,1,Borne A1 - Centre Commercial,44,2026-04-01 12:01:00.135566,2026-04-01 13:05:00.135566,64,17.24,5.17,12,2,0,4,terminee
1062,2,Borne B2 - Parking Université,7,2026-04-01 12:45:00.135566,2026-04-01 14:24:00.135566,99,62.55,28.15,12,2,0,4,terminee
179,1,Borne A1 - Centre Commercial,30,2026-04-01 12:51:00.135566,2026-04-01 13:57:00.135566,66,21.53,6.46,12,2,0,4,terminee
1061,2,Borne B2 - Parking Université,24,2026-04-01 12:55:00.135566,2026-04-01 13:56:00.135566,61,50.03,22.51,12,2,0,4,terminee
180,1,Borne A1 - Centre Commercial,35,2026-04-01 12:58:00.135566,2026-04-01 13:29:00.135566,31,11.28,3.38,12,2,0,4,terminee
181,1,Borne A1 - Centre Commercial,43,2026-04-01 13:01:00.135566,2026-04-01 14:06:00.135566,65,19.94,5.98,13,2,0,4,terminee
182,1,Borne A1 - Centre Commercial,9,2026-04-01 13:01:00.135566,2026-04-01 13:26:00.135566,25,7.86,2.36,13,2,0,4,terminee
1909,3,Borne C3 - Parking Aéroport,1,2026-04-01 14:14:00.135566,2026-04-01 14:52:00.135566,38,73.14,43.88,14,2,0,4,terminee
1063,2,Borne B2 - Parking Université,11,2026-04-01 14:21:00.135566,2026-04-01 15:14:00.135566,53,32.2,14.49,14,2,0,4,terminee
1908,3,Borne C3 - Parking Aéroport,23,2026-04-01 14:35:00.135566,2026-04-01 16:34:00.135566,119,232.06,139.24,14,2,0,4,terminee
1910,3,Borne C3 - Parking Aéroport,16,2026-04-01 14:36:00.135566,2026-04-01 15:54:00.135566,78,183.05,109.83,14,2,0,4,terminee
1911,3,Borne C3 - Parking Aéroport,35,2026-04-01 14:45:00.135566,2026-04-01 16:04:00.135566,79,139.77,83.86,14,2,0,4,terminee
183,1,Borne A1 - Centre Commercial,17,2026-04-01 15:55:00.135566,2026-04-01 17:09:00.135566,74,18.25,5.47,15,2,0,4,terminee
1912,3,Borne C3 - Parking Aéroport,3,2026-04-01 16:36:00.135566,2026-04-01 17:37:00.135566,61,93.54,56.12,16,2,0,4,terminee
1913,3,Borne C3 - Parking Aéroport,8,2026-04-01 16:36:00.135566,2026-04-01 17:52:00.135566,76,167.57,100.54,16,2,0,4,terminee
1064,2,Borne B2 - Parking Université,32,2026-04-01 16:46:00.135566,2026-04-01 17:56:00.135566,70,53.48,24.07,16,2,0,4,terminee
184,1,Borne A1 - Centre Commercial,21,2026-04-01 17:24:00.135566,2026-04-01 18:20:00.135566,56,14.06,4.22,17,2,0,4,terminee
1914,3,Borne C3 - Parking Aéroport,6,2026-04-01 17:37:00.135566,2026-04-01 18:53:00.135566,76,187.09,112.25,17,2,0,4,terminee
1915,3,Borne C3 - Parking Aéroport,49,2026-04-01 18:09:00.135566,2026-04-01 19:57:00.135566,108,240.98,144.59,18,2,0,4,terminee
1917,3,Borne C3 - Parking Aéroport,31,2026-04-01 18:33:00.135566,2026-04-01 20:06:00.135566,93,147.73,88.64,18,2,0,4,terminee
1916,3,Borne C3 - Parking Aéroport,6,2026-04-01 18:49:00.135566,2026-04-01 19:39:00.135566,50,98.25,58.95,18,2,0,4,terminee
1065,2,Borne B2 - Parking Université,36,2026-04-01 19:41:00.135566,2026-04-01 20:36:00.135566,55,30.69,13.81,19,2,0,4,terminee
1067,2,Borne B2 - Parking Université,25,2026-04-01 19:42:00.135566,2026-04-01 21:12:00.135566,90,69.43,31.24,19,2,0,4,terminee
1066,2,Borne B2 - Parking Université,15,2026-04-01 19:44:00.135566,2026-04-01 21:17:00.135566,93,70.9,31.91,19,2,0,4,terminee
1918,3,Borne C3 - Parking Aéroport,43,2026-04-01 21:40:00.135566,2026-04-01 23:29:00.135566,109,235.85,141.51,21,2,0,4,terminee
1919,3,Borne C3 - Parking Aéroport,38,2026-04-01 23:04:00.135566,2026-04-02 00:46:00.135566,102,217.64,130.58,23,2,0,4,terminee
1068,2,Borne B2 - Parking Université,9,2026-04-02 06:19:00.135566,2026-04-02 08:07:00.135566,108,78.79,35.46,6,3,0,4,terminee
1069,2,Borne B2 - Parking Université,45,2026-04-02 08:11:00.135566,2026-04-02 09:59:00.135566,108,54.06,24.33,8,3,0,4,terminee
1920,3,Borne C3 - Parking Aéroport,1,2026-04-02 09:03:00.135566,2026-04-02 10:01:00.135566,58,118.03,70.82,9,3,0,4,terminee
1921,3,Borne C3 - Parking Aéroport,31,2026-04-02 09:30:00.135566,2026-04-02 10:43:00.135566,73,146.92,88.15,9,3,0,4,terminee
1922,3,Borne C3 - Parking Aéroport,23,2026-04-02 10:36:00.135566,2026-04-02 12:24:00.135566,108,197.8,118.68,10,3,0,4,terminee
1071,2,Borne B2 - Parking Université,21,2026-04-02 11:36:00.135566,2026-04-02 11:55:00.135566,19,10.65,4.79,11,3,0,4,terminee
1070,2,Borne B2 - Parking Université,50,2026-04-02 11:36:00.135566,2026-04-02 12:41:00.135566,65,50.93,22.92,11,3,0,4,terminee
1924,3,Borne C3 - Parking Aéroport,47,2026-04-02 11:44:00.135566,2026-04-02 13:15:00.135566,91,204.7,122.82,11,3,0,4,terminee
1923,3,Borne C3 - Parking Aéroport,3,2026-04-02 11:51:00.135566,2026-04-02 12:43:00.135566,52,93.04,55.82,11,3,0,4,terminee
1925,3,Borne C3 - Parking Aéroport,41,2026-04-02 12:50:00.135566,2026-04-02 14:17:00.135566,87,153.16,91.9,12,3,0,4,terminee
185,1,Borne A1 - Centre Commercial,18,2026-04-02 13:21:00.135566,2026-04-02 15:13:00.135566,112,39.09,11.73,13,3,0,4,terminee
1926,3,Borne C3 - Parking Aéroport,4,2026-04-02 13:30:00.135566,2026-04-02 14:59:00.135566,89,148.55,89.13,13,3,0,4,terminee
1072,2,Borne B2 - Parking Université,15,2026-04-02 13:58:00.135566,2026-04-02 15:56:00.135566,118,97.06,43.68,13,3,0,4,terminee
186,1,Borne A1 - Centre Commercial,6,2026-04-02 16:48:00.135566,2026-04-02 17:56:00.135566,68,17.48,5.24,16,3,0,4,terminee
188,1,Borne A1 - Centre Commercial,50,2026-04-02 17:22:00.135566,2026-04-02 18:05:00.135566,43,13.56,4.07,17,3,0,4,terminee
187,1,Borne A1 - Centre Commercial,4,2026-04-02 17:30:00.135566,2026-04-02 17:47:00.135566,17,5.61,1.68,17,3,0,4,terminee
1073,2,Borne B2 - Parking Université,32,2026-04-02 17:40:00.135566,2026-04-02 19:07:00.135566,87,46.52,20.93,17,3,0,4,terminee
1927,3,Borne C3 - Parking Aéroport,40,2026-04-02 17:42:00.135566,2026-04-02 18:34:00.135566,52,120.06,72.04,17,3,0,4,terminee
1074,2,Borne B2 - Parking Université,16,2026-04-02 18:09:00.135566,2026-04-02 19:06:00.135566,57,42.66,19.2,18,3,0,4,terminee
190,1,Borne A1 - Centre Commercial,16,2026-04-02 18:12:00.135566,2026-04-02 18:29:00.135566,17,5.29,1.59,18,3,0,4,terminee
1075,2,Borne B2 - Parking Université,6,2026-04-02 18:22:00.135566,2026-04-02 19:17:00.135566,55,30.58,13.76,18,3,0,4,terminee
189,1,Borne A1 - Centre Commercial,16,2026-04-02 18:41:00.135566,2026-04-02 19:01:00.135566,20,6.61,1.98,18,3,0,4,terminee
1928,3,Borne C3 - Parking Aéroport,9,2026-04-02 19:01:00.135566,2026-04-02 19:52:00.135566,51,101.22,60.73,19,3,0,4,terminee
1929,3,Borne C3 - Parking Aéroport,18,2026-04-02 19:32:00.135566,2026-04-02 19:56:00.135566,24,56.43,33.86,19,3,0,4,terminee
191,1,Borne A1 - Centre Commercial,37,2026-04-02 20:08:00.135566,2026-04-02 21:23:00.135566,75,23.86,7.16,20,3,0,4,terminee
192,1,Borne A1 - Centre Commercial,50,2026-04-02 20:13:00.135566,2026-04-02 21:27:00.135566,74,23.87,7.16,20,3,0,4,terminee
1930,3,Borne C3 - Parking Aéroport,18,2026-04-02 21:16:00.135566,2026-04-02 21:47:00.135566,31,65.59,39.35,21,3,0,4,terminee
1931,3,Borne C3 - Parking Aéroport,8,2026-04-02 21:54:00.135566,2026-04-02 22:41:00.135566,47,71.17,42.7,21,3,0,4,terminee
193,1,Borne A1 - Centre Commercial,48,2026-04-03 07:23:00.135566,2026-04-03 07:59:00.135566,36,11.12,3.34,7,4,0,4,terminee
194,1,Borne A1 - Centre Commercial,11,2026-04-03 08:45:00.135566,2026-04-03 09:14:00.135566,29,9.69,2.91,8,4,0,4,terminee
1932,3,Borne C3 - Parking Aéroport,43,2026-04-03 10:58:00.135566,2026-04-03 12:28:00.135566,90,201.51,120.91,10,4,0,4,terminee
1933,3,Borne C3 - Parking Aéroport,17,2026-04-03 11:28:00.135566,2026-04-03 12:30:00.135566,62,143.09,85.85,11,4,0,4,terminee
1934,3,Borne C3 - Parking Aéroport,12,2026-04-03 11:50:00.135566,2026-04-03 13:34:00.135566,104,180.56,108.34,11,4,0,4,terminee
1076,2,Borne B2 - Parking Université,47,2026-04-03 11:52:00.135566,2026-04-03 13:37:00.135566,105,75.95,34.18,11,4,0,4,terminee
1077,2,Borne B2 - Parking Université,17,2026-04-03 12:56:00.135566,2026-04-03 13:53:00.135566,57,36.99,16.65,12,4,0,4,terminee
1936,3,Borne C3 - Parking Aéroport,10,2026-04-03 13:05:00.135566,2026-04-03 13:38:00.135566,33,69.15,41.49,13,4,0,4,terminee
1078,2,Borne B2 - Parking Université,23,2026-04-03 13:13:00.135566,2026-04-03 13:59:00.135566,46,33.63,15.13,13,4,0,4,terminee
195,1,Borne A1 - Centre Commercial,20,2026-04-03 13:19:00.135566,2026-04-03 13:47:00.135566,28,8.54,2.56,13,4,0,4,terminee
1935,3,Borne C3 - Parking Aéroport,22,2026-04-03 13:51:00.135566,2026-04-03 15:13:00.135566,82,193.69,116.21,13,4,0,4,terminee
1937,3,Borne C3 - Parking Aéroport,27,2026-04-03 13:53:00.135566,2026-04-03 15:11:00.135566,78,175.72,105.43,13,4,0,4,terminee
1079,2,Borne B2 - Parking Université,1,2026-04-03 14:16:00.135566,2026-04-03 16:11:00.135566,115,61.64,27.74,14,4,0,4,terminee
1080,2,Borne B2 - Parking Université,27,2026-04-03 15:03:00.135566,2026-04-03 16:07:00.135566,64,41.35,18.61,15,4,0,4,terminee
1938,3,Borne C3 - Parking Aéroport,29,2026-04-03 15:49:00.135566,2026-04-03 16:53:00.135566,64,111.23,66.74,15,4,0,4,terminee
1081,2,Borne B2 - Parking Université,25,2026-04-03 18:10:00.135566,2026-04-03 19:17:00.135566,67,44.51,20.03,18,4,0,4,terminee
1082,2,Borne B2 - Parking Université,31,2026-04-03 18:22:00.135566,2026-04-03 19:46:00.135566,84,52.51,23.63,18,4,0,4,terminee
197,1,Borne A1 - Centre Commercial,38,2026-04-03 18:25:00.135566,2026-04-03 20:11:00.135566,106,26.4,7.92,18,4,0,4,terminee
196,1,Borne A1 - Centre Commercial,25,2026-04-03 18:36:00.135566,2026-04-03 20:17:00.135566,101,35.67,10.7,18,4,0,4,terminee
198,1,Borne A1 - Centre Commercial,45,2026-04-03 18:44:00.135566,2026-04-03 20:19:00.135566,95,24.28,7.28,18,4,0,4,terminee
1939,3,Borne C3 - Parking Aéroport,37,2026-04-03 19:46:00.135566,2026-04-03 21:22:00.135566,96,160.06,96.04,19,4,0,4,terminee
199,1,Borne A1 - Centre Commercial,39,2026-04-03 19:49:00.135566,2026-04-03 20:42:00.135566,53,18.27,5.48,19,4,0,4,terminee
200,1,Borne A1 - Centre Commercial,37,2026-04-03 20:51:00.135566,2026-04-03 21:21:00.135566,30,10.1,3.03,20,4,0,4,terminee
201,1,Borne A1 - Centre Commercial,28,2026-04-03 21:50:00.135566,2026-04-03 22:10:00.135566,20,5.42,1.63,21,4,0,4,terminee
1940,3,Borne C3 - Parking Aéroport,17,2026-04-03 22:46:00.135566,2026-04-03 23:45:00.135566,59,91.71,55.03,22,4,0,4,terminee
1083,2,Borne B2 - Parking Université,44,2026-04-03 22:50:00.135566,2026-04-04 00:18:00.135566,88,63.1,28.39,22,4,0,4,terminee
1084,2,Borne B2 - Parking Université,3,2026-04-03 23:14:00.135566,2026-04-03 23:49:00.135566,35,22.77,10.25,23,4,0,4,terminee
202,1,Borne A1 - Centre Commercial,42,2026-04-04 04:42:00.135566,2026-04-04 05:44:00.135566,62,14.27,4.28,4,5,1,4,terminee
1941,3,Borne C3 - Parking Aéroport,26,2026-04-04 07:07:00.135566,2026-04-04 07:28:00.135566,21,35.02,21.01,7,5,1,4,terminee
1085,2,Borne B2 - Parking Université,7,2026-04-04 09:18:00.135566,2026-04-04 09:35:00.135566,17,10.31,4.64,9,5,1,4,terminee
1086,2,Borne B2 - Parking Université,25,2026-04-04 11:04:00.135566,2026-04-04 12:02:00.135566,58,32.29,14.53,11,5,1,4,terminee
1942,3,Borne C3 - Parking Aéroport,49,2026-04-04 11:30:00.135566,2026-04-04 12:23:00.135566,53,104.74,62.84,11,5,1,4,terminee
1087,2,Borne B2 - Parking Université,6,2026-04-04 12:10:00.135566,2026-04-04 13:58:00.135566,108,56.7,25.52,12,5,1,4,terminee
1944,3,Borne C3 - Parking Aéroport,10,2026-04-04 12:45:00.135566,2026-04-04 13:49:00.135566,64,126.37,75.82,12,5,1,4,terminee
1943,3,Borne C3 - Parking Aéroport,44,2026-04-04 12:59:00.135566,2026-04-04 14:22:00.135566,83,143.89,86.33,12,5,1,4,terminee
203,1,Borne A1 - Centre Commercial,32,2026-04-04 13:21:00.135566,2026-04-04 13:37:00.135566,16,5.51,1.65,13,5,1,4,terminee
1945,3,Borne C3 - Parking Aéroport,29,2026-04-04 15:33:00.135566,2026-04-04 16:43:00.135566,70,105.83,63.5,15,5,1,4,terminee
204,1,Borne A1 - Centre Commercial,41,2026-04-04 16:06:00.135566,2026-04-04 17:16:00.135566,70,25.26,7.58,16,5,1,4,terminee
206,1,Borne A1 - Centre Commercial,42,2026-04-04 18:11:00.135566,2026-04-04 19:59:00.135566,108,32.02,9.61,18,5,1,4,terminee
207,1,Borne A1 - Centre Commercial,35,2026-04-04 18:17:00.135566,2026-04-04 19:50:00.135566,93,31.48,9.44,18,5,1,4,terminee
1088,2,Borne B2 - Parking Université,31,2026-04-04 18:21:00.135566,2026-04-04 19:52:00.135566,91,75.39,33.93,18,5,1,4,terminee
1946,3,Borne C3 - Parking Aéroport,34,2026-04-04 18:24:00.135566,2026-04-04 20:05:00.135566,101,183.38,110.03,18,5,1,4,terminee
1089,2,Borne B2 - Parking Université,42,2026-04-04 18:45:00.135566,2026-04-04 19:03:00.135566,18,11.59,5.22,18,5,1,4,terminee
205,1,Borne A1 - Centre Commercial,28,2026-04-04 18:57:00.135566,2026-04-04 20:10:00.135566,73,23.63,7.09,18,5,1,4,terminee
1090,2,Borne B2 - Parking Université,11,2026-04-04 20:10:00.135566,2026-04-04 21:42:00.135566,92,73.29,32.98,20,5,1,4,terminee
208,1,Borne A1 - Centre Commercial,47,2026-04-04 20:49:00.135566,2026-04-04 22:05:00.135566,76,21.9,6.57,20,5,1,4,terminee
1947,3,Borne C3 - Parking Aéroport,41,2026-04-05 08:02:00.135566,2026-04-05 08:29:00.135566,27,65.28,39.17,8,6,1,4,terminee
1091,2,Borne B2 - Parking Université,13,2026-04-05 08:03:00.135566,2026-04-05 08:30:00.135566,27,16.48,7.42,8,6,1,4,terminee
1948,3,Borne C3 - Parking Aéroport,42,2026-04-05 09:22:00.135566,2026-04-05 10:32:00.135566,70,147.73,88.64,9,6,1,4,terminee
1092,2,Borne B2 - Parking Université,47,2026-04-05 09:26:00.135566,2026-04-05 11:10:00.135566,104,71.21,32.04,9,6,1,4,terminee
1093,2,Borne B2 - Parking Université,20,2026-04-05 09:34:00.135566,2026-04-05 10:22:00.135566,48,34.57,15.56,9,6,1,4,terminee
1950,3,Borne C3 - Parking Aéroport,38,2026-04-05 12:51:00.135566,2026-04-05 13:18:00.135566,27,47.39,28.43,12,6,1,4,terminee
1949,3,Borne C3 - Parking Aéroport,18,2026-04-05 12:54:00.135566,2026-04-05 13:43:00.135566,49,89.91,53.95,12,6,1,4,terminee
1094,2,Borne B2 - Parking Université,37,2026-04-05 13:15:00.135566,2026-04-05 13:42:00.135566,27,13.95,6.28,13,6,1,4,terminee
1951,3,Borne C3 - Parking Aéroport,48,2026-04-05 13:25:00.135566,2026-04-05 14:39:00.135566,74,168.21,100.93,13,6,1,4,terminee
1096,2,Borne B2 - Parking Université,43,2026-04-05 15:00:00.135566,2026-04-05 16:09:00.135566,69,36.52,16.43,15,6,1,4,terminee
1953,3,Borne C3 - Parking Aéroport,45,2026-04-05 15:12:00.135566,2026-04-05 16:33:00.135566,81,148.83,89.3,15,6,1,4,terminee
1952,3,Borne C3 - Parking Aéroport,50,2026-04-05 15:15:00.135566,2026-04-05 17:03:00.135566,108,234.56,140.74,15,6,1,4,terminee
1095,2,Borne B2 - Parking Université,24,2026-04-05 15:35:00.135566,2026-04-05 16:52:00.135566,77,42.44,19.1,15,6,1,4,terminee
1097,2,Borne B2 - Parking Université,7,2026-04-05 15:40:00.135566,2026-04-05 17:11:00.135566,91,60.07,27.03,15,6,1,4,terminee
1954,3,Borne C3 - Parking Aéroport,44,2026-04-05 16:11:00.135566,2026-04-05 17:06:00.135566,55,112.62,67.57,16,6,1,4,terminee
1955,3,Borne C3 - Parking Aéroport,7,2026-04-05 17:00:00.135566,2026-04-05 17:23:00.135566,23,34.78,20.87,17,6,1,4,terminee
209,1,Borne A1 - Centre Commercial,16,2026-04-05 17:37:00.135566,2026-04-05 18:26:00.135566,49,13.1,3.93,17,6,1,4,terminee
210,1,Borne A1 - Centre Commercial,29,2026-04-05 18:53:00.135566,2026-04-05 19:19:00.135566,26,6.78,2.03,18,6,1,4,terminee
211,1,Borne A1 - Centre Commercial,40,2026-04-05 19:15:00.135566,2026-04-05 21:06:00.135566,111,31.99,9.6,19,6,1,4,terminee
212,1,Borne A1 - Centre Commercial,32,2026-04-06 05:42:00.135566,2026-04-06 06:45:00.135566,63,16.97,5.09,5,0,0,4,terminee
213,1,Borne A1 - Centre Commercial,14,2026-04-06 07:54:00.135566,2026-04-06 08:50:00.135566,56,13.81,4.14,7,0,0,4,terminee
214,1,Borne A1 - Centre Commercial,18,2026-04-06 08:22:00.135566,2026-04-06 10:19:00.135566,117,30.17,9.05,8,0,0,4,terminee
1956,3,Borne C3 - Parking Aéroport,47,2026-04-06 08:43:00.135566,2026-04-06 09:55:00.135566,72,133.31,79.99,8,0,0,4,terminee
1098,2,Borne B2 - Parking Université,19,2026-04-06 09:01:00.135566,2026-04-06 09:42:00.135566,41,22.83,10.27,9,0,0,4,terminee
215,1,Borne A1 - Centre Commercial,18,2026-04-06 09:56:00.135566,2026-04-06 11:27:00.135566,91,29.38,8.81,9,0,0,4,terminee
1099,2,Borne B2 - Parking Université,20,2026-04-06 11:05:00.135566,2026-04-06 12:20:00.135566,75,58.59,26.37,11,0,0,4,terminee
1957,3,Borne C3 - Parking Aéroport,2,2026-04-06 11:18:00.135566,2026-04-06 12:05:00.135566,47,79.57,47.74,11,0,0,4,terminee
217,1,Borne A1 - Centre Commercial,32,2026-04-06 12:05:00.135566,2026-04-06 12:50:00.135566,45,14.65,4.39,12,0,0,4,terminee
1102,2,Borne B2 - Parking Université,24,2026-04-06 12:11:00.135566,2026-04-06 13:13:00.135566,62,49.3,22.18,12,0,0,4,terminee
1101,2,Borne B2 - Parking Université,25,2026-04-06 12:16:00.135566,2026-04-06 12:42:00.135566,26,18.56,8.35,12,0,0,4,terminee
216,1,Borne A1 - Centre Commercial,13,2026-04-06 12:35:00.135566,2026-04-06 12:51:00.135566,16,4.73,1.42,12,0,0,4,terminee
1100,2,Borne B2 - Parking Université,43,2026-04-06 12:50:00.135566,2026-04-06 13:55:00.135566,65,42.7,19.22,12,0,0,4,terminee
1103,2,Borne B2 - Parking Université,29,2026-04-06 13:11:00.135566,2026-04-06 14:23:00.135566,72,37.07,16.68,13,0,0,4,terminee
218,1,Borne A1 - Centre Commercial,31,2026-04-06 14:35:00.135566,2026-04-06 16:27:00.135566,112,28.59,8.58,14,0,0,4,terminee
1958,3,Borne C3 - Parking Aéroport,39,2026-04-06 14:39:00.135566,2026-04-06 15:05:00.135566,26,40.48,24.29,14,0,0,4,terminee
1959,3,Borne C3 - Parking Aéroport,41,2026-04-06 14:42:00.135566,2026-04-06 15:24:00.135566,42,102.92,61.75,14,0,0,4,terminee
1960,3,Borne C3 - Parking Aéroport,6,2026-04-06 15:07:00.135566,2026-04-06 16:52:00.135566,105,258.07,154.84,15,0,0,4,terminee
219,1,Borne A1 - Centre Commercial,2,2026-04-06 15:41:00.135566,2026-04-06 17:27:00.135566,106,30.95,9.29,15,0,0,4,terminee
1104,2,Borne B2 - Parking Université,18,2026-04-06 16:29:00.135566,2026-04-06 17:17:00.135566,48,27.62,12.43,16,0,0,4,terminee
1105,2,Borne B2 - Parking Université,45,2026-04-06 16:36:00.135566,2026-04-06 16:58:00.135566,22,12.11,5.45,16,0,0,4,terminee
1961,3,Borne C3 - Parking Aéroport,43,2026-04-06 16:54:00.135566,2026-04-06 18:26:00.135566,92,149.95,89.97,16,0,0,4,terminee
220,1,Borne A1 - Centre Commercial,45,2026-04-06 17:05:00.135566,2026-04-06 17:57:00.135566,52,13.13,3.94,17,0,0,4,terminee
1106,2,Borne B2 - Parking Université,23,2026-04-06 17:42:00.135566,2026-04-06 18:09:00.135566,27,14.27,6.42,17,0,0,4,terminee
1962,3,Borne C3 - Parking Aéroport,12,2026-04-06 17:48:00.135566,2026-04-06 19:25:00.135566,97,200.41,120.25,17,0,0,4,terminee
221,1,Borne A1 - Centre Commercial,24,2026-04-06 18:15:00.135566,2026-04-06 19:09:00.135566,54,17.14,5.14,18,0,0,4,terminee
222,1,Borne A1 - Centre Commercial,28,2026-04-06 18:30:00.135566,2026-04-06 19:55:00.135566,85,25.32,7.6,18,0,0,4,terminee
1963,3,Borne C3 - Parking Aéroport,17,2026-04-06 18:57:00.135566,2026-04-06 19:26:00.135566,29,63.67,38.2,18,0,0,4,terminee
223,1,Borne A1 - Centre Commercial,45,2026-04-06 19:47:00.135566,2026-04-06 21:12:00.135566,85,22.82,6.85,19,0,0,4,terminee
1107,2,Borne B2 - Parking Université,49,2026-04-06 19:51:00.135566,2026-04-06 21:15:00.135566,84,53.59,24.12,19,0,0,4,terminee
224,1,Borne A1 - Centre Commercial,15,2026-04-06 20:29:00.135566,2026-04-06 21:18:00.135566,49,12.98,3.89,20,0,0,4,terminee
225,1,Borne A1 - Centre Commercial,8,2026-04-06 23:07:00.135566,2026-04-07 00:54:00.135566,107,26.56,7.97,23,0,0,4,terminee
1108,2,Borne B2 - Parking Université,25,2026-04-07 06:37:00.135566,2026-04-07 07:21:00.135566,44,30.12,13.55,6,1,0,4,terminee
1964,3,Borne C3 - Parking Aéroport,18,2026-04-07 07:42:00.135566,2026-04-07 08:06:00.135566,24,51.33,30.8,7,1,0,4,terminee
1109,2,Borne B2 - Parking Université,35,2026-04-07 07:52:00.135566,2026-04-07 09:13:00.135566,81,51.8,23.31,7,1,0,4,terminee
1110,2,Borne B2 - Parking Université,16,2026-04-07 08:43:00.135566,2026-04-07 09:58:00.135566,75,51.82,23.32,8,1,0,4,terminee
1965,3,Borne C3 - Parking Aéroport,43,2026-04-07 08:49:00.135566,2026-04-07 09:58:00.135566,69,151.26,90.76,8,1,0,4,terminee
226,1,Borne A1 - Centre Commercial,45,2026-04-07 10:47:00.135566,2026-04-07 12:10:00.135566,83,29.84,8.95,10,1,0,4,terminee
227,1,Borne A1 - Centre Commercial,31,2026-04-07 11:11:00.135566,2026-04-07 11:50:00.135566,39,9.82,2.95,11,1,0,4,terminee
228,1,Borne A1 - Centre Commercial,49,2026-04-07 12:17:00.135566,2026-04-07 14:04:00.135566,107,32.79,9.84,12,1,0,4,terminee
1968,3,Borne C3 - Parking Aéroport,4,2026-04-07 12:24:00.135566,2026-04-07 13:28:00.135566,64,117.29,70.37,12,1,0,4,terminee
1111,2,Borne B2 - Parking Université,46,2026-04-07 12:30:00.135566,2026-04-07 13:23:00.135566,53,27.89,12.55,12,1,0,4,terminee
1967,3,Borne C3 - Parking Aéroport,4,2026-04-07 12:49:00.135566,2026-04-07 13:13:00.135566,24,42.65,25.59,12,1,0,4,terminee
1966,3,Borne C3 - Parking Aéroport,11,2026-04-07 12:49:00.135566,2026-04-07 14:42:00.135566,113,206.04,123.62,12,1,0,4,terminee
1969,3,Borne C3 - Parking Aéroport,29,2026-04-07 13:16:00.135566,2026-04-07 15:15:00.135566,119,210.0,126.0,13,1,0,4,terminee
229,1,Borne A1 - Centre Commercial,7,2026-04-07 13:33:00.135566,2026-04-07 15:04:00.135566,91,23.8,7.14,13,1,0,4,terminee
1112,2,Borne B2 - Parking Université,34,2026-04-07 14:02:00.135566,2026-04-07 15:21:00.135566,79,54.54,24.54,14,1,0,4,terminee
230,1,Borne A1 - Centre Commercial,24,2026-04-07 14:53:00.135566,2026-04-07 15:32:00.135566,39,10.27,3.08,14,1,0,4,terminee
1970,3,Borne C3 - Parking Aéroport,13,2026-04-07 15:04:00.135566,2026-04-07 16:21:00.135566,77,190.92,114.55,15,1,0,4,terminee
1971,3,Borne C3 - Parking Aéroport,32,2026-04-07 15:39:00.135566,2026-04-07 16:44:00.135566,65,109.1,65.46,15,1,0,4,terminee
1113,2,Borne B2 - Parking Université,40,2026-04-07 15:51:00.135566,2026-04-07 17:19:00.135566,88,63.87,28.74,15,1,0,4,terminee
1114,2,Borne B2 - Parking Université,29,2026-04-07 16:09:00.135566,2026-04-07 16:39:00.135566,30,24.49,11.02,16,1,0,4,terminee
1115,2,Borne B2 - Parking Université,13,2026-04-07 16:11:00.135566,2026-04-07 16:47:00.135566,36,29.67,13.35,16,1,0,4,terminee
231,1,Borne A1 - Centre Commercial,35,2026-04-07 16:11:00.135566,2026-04-07 17:04:00.135566,53,11.77,3.53,16,1,0,4,terminee
1972,3,Borne C3 - Parking Aéroport,28,2026-04-07 18:06:00.135566,2026-04-07 18:39:00.135566,33,67.34,40.4,18,1,0,4,terminee
232,1,Borne A1 - Centre Commercial,4,2026-04-07 18:08:00.135566,2026-04-07 18:58:00.135566,50,11.33,3.4,18,1,0,4,terminee
1116,2,Borne B2 - Parking Université,44,2026-04-07 18:08:00.135566,2026-04-07 18:28:00.135566,20,12.82,5.77,18,1,0,4,terminee
233,1,Borne A1 - Centre Commercial,9,2026-04-07 18:35:00.135566,2026-04-07 19:27:00.135566,52,16.76,5.03,18,1,0,4,terminee
234,1,Borne A1 - Centre Commercial,1,2026-04-07 19:40:00.135566,2026-04-07 21:31:00.135566,111,32.41,9.72,19,1,0,4,terminee
1973,3,Borne C3 - Parking Aéroport,29,2026-04-07 20:13:00.135566,2026-04-07 21:46:00.135566,93,199.33,119.6,20,1,0,4,terminee
1974,3,Borne C3 - Parking Aéroport,5,2026-04-07 21:45:00.135566,2026-04-07 22:33:00.135566,48,76.96,46.18,21,1,0,4,terminee
1117,2,Borne B2 - Parking Université,41,2026-04-08 08:27:00.135566,2026-04-08 09:07:00.135566,40,33.3,14.98,8,2,0,4,terminee
1118,2,Borne B2 - Parking Université,47,2026-04-08 09:09:00.135566,2026-04-08 10:40:00.135566,91,53.32,23.99,9,2,0,4,terminee
236,1,Borne A1 - Centre Commercial,17,2026-04-08 09:21:00.135566,2026-04-08 09:59:00.135566,38,13.74,4.12,9,2,0,4,terminee
235,1,Borne A1 - Centre Commercial,29,2026-04-08 09:36:00.135566,2026-04-08 10:27:00.135566,51,14.73,4.42,9,2,0,4,terminee
1119,2,Borne B2 - Parking Université,25,2026-04-08 09:58:00.135566,2026-04-08 11:56:00.135566,118,61.64,27.74,9,2,0,4,terminee
238,1,Borne A1 - Centre Commercial,41,2026-04-08 10:25:00.135566,2026-04-08 11:42:00.135566,77,17.78,5.33,10,2,0,4,terminee
237,1,Borne A1 - Centre Commercial,5,2026-04-08 10:55:00.135566,2026-04-08 12:11:00.135566,76,17.99,5.4,10,2,0,4,terminee
1120,2,Borne B2 - Parking Université,18,2026-04-08 12:35:00.135566,2026-04-08 13:40:00.135566,65,44.46,20.01,12,2,0,4,terminee
239,1,Borne A1 - Centre Commercial,37,2026-04-08 12:43:00.135566,2026-04-08 13:04:00.135566,21,5.09,1.53,12,2,0,4,terminee
240,1,Borne A1 - Centre Commercial,8,2026-04-08 13:19:00.135566,2026-04-08 13:44:00.135566,25,9.14,2.74,13,2,0,4,terminee
1121,2,Borne B2 - Parking Université,1,2026-04-08 13:33:00.135566,2026-04-08 14:46:00.135566,73,58.82,26.47,13,2,0,4,terminee
1122,2,Borne B2 - Parking Université,34,2026-04-08 13:50:00.135566,2026-04-08 15:34:00.135566,104,73.6,33.12,13,2,0,4,terminee
241,1,Borne A1 - Centre Commercial,39,2026-04-08 14:35:00.135566,2026-04-08 16:27:00.135566,112,31.48,9.44,14,2,0,4,terminee
1123,2,Borne B2 - Parking Université,10,2026-04-08 14:50:00.135566,2026-04-08 15:58:00.135566,68,36.55,16.45,14,2,0,4,terminee
242,1,Borne A1 - Centre Commercial,34,2026-04-08 14:50:00.135566,2026-04-08 16:24:00.135566,94,23.79,7.14,14,2,0,4,terminee
243,1,Borne A1 - Centre Commercial,20,2026-04-08 16:24:00.135566,2026-04-08 17:36:00.135566,72,25.43,7.63,16,2,0,4,terminee
244,1,Borne A1 - Centre Commercial,20,2026-04-08 16:55:00.135566,2026-04-08 18:25:00.135566,90,32.87,9.86,16,2,0,4,terminee
246,1,Borne A1 - Centre Commercial,14,2026-04-08 17:06:00.135566,2026-04-08 18:58:00.135566,112,28.05,8.41,17,2,0,4,terminee
1125,2,Borne B2 - Parking Université,7,2026-04-08 17:06:00.135566,2026-04-08 17:34:00.135566,28,19.25,8.66,17,2,0,4,terminee
1124,2,Borne B2 - Parking Université,49,2026-04-08 17:09:00.135566,2026-04-08 18:36:00.135566,87,60.55,27.25,17,2,0,4,terminee
245,1,Borne A1 - Centre Commercial,48,2026-04-08 17:36:00.135566,2026-04-08 19:10:00.135566,94,21.51,6.45,17,2,0,4,terminee
247,1,Borne A1 - Centre Commercial,16,2026-04-08 18:16:00.135566,2026-04-08 19:55:00.135566,99,22.96,6.89,18,2,0,4,terminee
1126,2,Borne B2 - Parking Université,23,2026-04-08 20:50:00.135566,2026-04-08 21:41:00.135566,51,40.25,18.11,20,2,0,4,terminee
248,1,Borne A1 - Centre Commercial,1,2026-04-08 21:11:00.135566,2026-04-08 22:36:00.135566,85,19.64,5.89,21,2,0,4,terminee
1128,2,Borne B2 - Parking Université,3,2026-04-08 21:31:00.135566,2026-04-08 22:59:00.135566,88,61.86,27.84,21,2,0,4,terminee
1127,2,Borne B2 - Parking Université,42,2026-04-08 21:56:00.135566,2026-04-08 23:03:00.135566,67,39.4,17.73,21,2,0,4,terminee
1975,3,Borne C3 - Parking Aéroport,32,2026-04-09 06:49:00.135566,2026-04-09 08:01:00.135566,72,109.35,65.61,6,3,0,4,terminee
1976,3,Borne C3 - Parking Aéroport,3,2026-04-09 08:09:00.135566,2026-04-09 09:47:00.135566,98,209.75,125.85,8,3,0,4,terminee
1977,3,Borne C3 - Parking Aéroport,45,2026-04-09 08:42:00.135566,2026-04-09 09:46:00.135566,64,113.05,67.83,8,3,0,4,terminee
1129,2,Borne B2 - Parking Université,40,2026-04-09 09:11:00.135566,2026-04-09 10:01:00.135566,50,31.72,14.27,9,3,0,4,terminee
1978,3,Borne C3 - Parking Aéroport,33,2026-04-09 10:21:00.135566,2026-04-09 11:26:00.135566,65,134.85,80.91,10,3,0,4,terminee
1980,3,Borne C3 - Parking Aéroport,5,2026-04-09 12:25:00.135566,2026-04-09 14:13:00.135566,108,246.34,147.8,12,3,0,4,terminee
1131,2,Borne B2 - Parking Université,4,2026-04-09 12:25:00.135566,2026-04-09 13:22:00.135566,57,41.62,18.73,12,3,0,4,terminee
249,1,Borne A1 - Centre Commercial,31,2026-04-09 12:26:00.135566,2026-04-09 13:38:00.135566,72,23.12,6.94,12,3,0,4,terminee
1130,2,Borne B2 - Parking Université,3,2026-04-09 12:38:00.135566,2026-04-09 14:20:00.135566,102,74.58,33.56,12,3,0,4,terminee
1979,3,Borne C3 - Parking Aéroport,28,2026-04-09 12:45:00.135566,2026-04-09 14:38:00.135566,113,224.95,134.97,12,3,0,4,terminee
250,1,Borne A1 - Centre Commercial,46,2026-04-09 13:18:00.135566,2026-04-09 13:37:00.135566,19,4.83,1.45,13,3,0,4,terminee
1981,3,Borne C3 - Parking Aéroport,45,2026-04-09 13:34:00.135566,2026-04-09 14:17:00.135566,43,64.64,38.78,13,3,0,4,terminee
1132,2,Borne B2 - Parking Université,24,2026-04-09 13:47:00.135566,2026-04-09 15:02:00.135566,75,60.52,27.23,13,3,0,4,terminee
1982,3,Borne C3 - Parking Aéroport,37,2026-04-09 13:52:00.135566,2026-04-09 15:46:00.135566,114,225.96,135.58,13,3,0,4,terminee
1133,2,Borne B2 - Parking Université,20,2026-04-09 14:01:00.135566,2026-04-09 14:59:00.135566,58,44.8,20.16,14,3,0,4,terminee
1983,3,Borne C3 - Parking Aéroport,20,2026-04-09 14:34:00.135566,2026-04-09 15:34:00.135566,60,110.01,66.01,14,3,0,4,terminee
1136,2,Borne B2 - Parking Université,29,2026-04-09 15:08:00.135566,2026-04-09 16:01:00.135566,53,43.71,19.67,15,3,0,4,terminee
251,1,Borne A1 - Centre Commercial,5,2026-04-09 15:18:00.135566,2026-04-09 17:02:00.135566,104,35.99,10.8,15,3,0,4,terminee
1134,2,Borne B2 - Parking Université,45,2026-04-09 15:19:00.135566,2026-04-09 16:09:00.135566,50,39.05,17.57,15,3,0,4,terminee
1135,2,Borne B2 - Parking Université,15,2026-04-09 15:43:00.135566,2026-04-09 16:10:00.135566,27,22.25,10.01,15,3,0,4,terminee
252,1,Borne A1 - Centre Commercial,41,2026-04-09 16:43:00.135566,2026-04-09 17:27:00.135566,44,15.64,4.69,16,3,0,4,terminee
1137,2,Borne B2 - Parking Université,47,2026-04-09 16:49:00.135566,2026-04-09 18:49:00.135566,120,72.83,32.77,16,3,0,4,terminee
1138,2,Borne B2 - Parking Université,13,2026-04-09 17:26:00.135566,2026-04-09 18:58:00.135566,92,65.8,29.61,17,3,0,4,terminee
1139,2,Borne B2 - Parking Université,27,2026-04-09 18:28:00.135566,2026-04-09 19:10:00.135566,42,33.79,15.21,18,3,0,4,terminee
254,1,Borne A1 - Centre Commercial,42,2026-04-09 19:27:00.135566,2026-04-09 19:56:00.135566,29,8.7,2.61,19,3,0,4,terminee
253,1,Borne A1 - Centre Commercial,13,2026-04-09 19:37:00.135566,2026-04-09 21:16:00.135566,99,33.45,10.04,19,3,0,4,terminee
1140,2,Borne B2 - Parking Université,24,2026-04-09 19:47:00.135566,2026-04-09 21:04:00.135566,77,57.99,26.1,19,3,0,4,terminee
1141,2,Borne B2 - Parking Université,11,2026-04-09 19:52:00.135566,2026-04-09 20:14:00.135566,22,14.78,6.65,19,3,0,4,terminee
1142,2,Borne B2 - Parking Université,26,2026-04-09 20:04:00.135566,2026-04-09 20:58:00.135566,54,39.77,17.9,20,3,0,4,terminee
1143,2,Borne B2 - Parking Université,37,2026-04-09 21:08:00.135566,2026-04-09 23:02:00.135566,114,89.35,40.21,21,3,0,4,terminee
255,1,Borne A1 - Centre Commercial,5,2026-04-09 21:09:00.135566,2026-04-09 21:58:00.135566,49,16.72,5.02,21,3,0,4,terminee
1984,3,Borne C3 - Parking Aéroport,42,2026-04-09 21:25:00.135566,2026-04-09 21:47:00.135566,22,46.91,28.15,21,3,0,4,terminee
256,1,Borne A1 - Centre Commercial,39,2026-04-09 22:03:00.135566,2026-04-09 22:39:00.135566,36,12.11,3.63,22,3,0,4,terminee
1985,3,Borne C3 - Parking Aéroport,22,2026-04-09 22:05:00.135566,2026-04-09 23:06:00.135566,61,124.11,74.47,22,3,0,4,terminee
257,1,Borne A1 - Centre Commercial,19,2026-04-10 09:47:00.135566,2026-04-10 11:47:00.135566,120,36.42,10.93,9,4,0,4,terminee
1144,2,Borne B2 - Parking Université,13,2026-04-10 10:01:00.135566,2026-04-10 10:38:00.135566,37,20.88,9.4,10,4,0,4,terminee
1145,2,Borne B2 - Parking Université,30,2026-04-10 10:53:00.135566,2026-04-10 11:15:00.135566,22,12.83,5.77,10,4,0,4,terminee
1146,2,Borne B2 - Parking Université,18,2026-04-10 11:03:00.135566,2026-04-10 12:04:00.135566,61,44.83,20.17,11,4,0,4,terminee
258,1,Borne A1 - Centre Commercial,20,2026-04-10 11:28:00.135566,2026-04-10 11:58:00.135566,30,8.66,2.6,11,4,0,4,terminee
259,1,Borne A1 - Centre Commercial,33,2026-04-10 11:44:00.135566,2026-04-10 12:50:00.135566,66,23.65,7.09,11,4,0,4,terminee
1147,2,Borne B2 - Parking Université,26,2026-04-10 12:23:00.135566,2026-04-10 14:23:00.135566,120,78.57,35.36,12,4,0,4,terminee
1149,2,Borne B2 - Parking Université,12,2026-04-10 12:23:00.135566,2026-04-10 13:40:00.135566,77,53.75,24.19,12,4,0,4,terminee
1148,2,Borne B2 - Parking Université,16,2026-04-10 12:40:00.135566,2026-04-10 13:10:00.135566,30,21.81,9.81,12,4,0,4,terminee
260,1,Borne A1 - Centre Commercial,39,2026-04-10 13:34:00.135566,2026-04-10 14:52:00.135566,78,22.17,6.65,13,4,0,4,terminee
1150,2,Borne B2 - Parking Université,23,2026-04-10 13:55:00.135566,2026-04-10 15:10:00.135566,75,52.17,23.48,13,4,0,4,terminee
1151,2,Borne B2 - Parking Université,17,2026-04-10 14:22:00.135566,2026-04-10 14:57:00.135566,35,27.27,12.27,14,4,0,4,terminee
1152,2,Borne B2 - Parking Université,2,2026-04-10 15:47:00.135566,2026-04-10 17:30:00.135566,103,54.6,24.57,15,4,0,4,terminee
261,1,Borne A1 - Centre Commercial,39,2026-04-10 16:02:00.135566,2026-04-10 17:12:00.135566,70,22.94,6.88,16,4,0,4,terminee
1153,2,Borne B2 - Parking Université,37,2026-04-10 16:24:00.135566,2026-04-10 16:45:00.135566,21,11.64,5.24,16,4,0,4,terminee
1154,2,Borne B2 - Parking Université,42,2026-04-10 17:49:00.135566,2026-04-10 18:31:00.135566,42,33.0,14.85,17,4,0,4,terminee
1155,2,Borne B2 - Parking Université,42,2026-04-10 18:14:00.135566,2026-04-10 19:55:00.135566,101,57.46,25.86,18,4,0,4,terminee
262,1,Borne A1 - Centre Commercial,44,2026-04-10 20:16:00.135566,2026-04-10 20:34:00.135566,18,4.2,1.26,20,4,0,4,terminee
1156,2,Borne B2 - Parking Université,50,2026-04-10 20:26:00.135566,2026-04-10 21:46:00.135566,80,40.53,18.24,20,4,0,4,terminee
263,1,Borne A1 - Centre Commercial,2,2026-04-10 22:53:00.135566,2026-04-11 00:21:00.135566,88,26.94,8.08,22,4,0,4,terminee
1986,3,Borne C3 - Parking Aéroport,12,2026-04-11 05:49:00.135566,2026-04-11 06:41:00.135566,52,111.69,67.01,5,5,1,4,terminee
1987,3,Borne C3 - Parking Aéroport,43,2026-04-11 09:35:00.135566,2026-04-11 09:55:00.135566,20,49.35,29.61,9,5,1,4,terminee
264,1,Borne A1 - Centre Commercial,37,2026-04-11 10:48:00.135566,2026-04-11 12:29:00.135566,101,34.39,10.32,10,5,1,4,terminee
1158,2,Borne B2 - Parking Université,1,2026-04-11 11:41:00.135566,2026-04-11 12:18:00.135566,37,25.91,11.66,11,5,1,4,terminee
1157,2,Borne B2 - Parking Université,9,2026-04-11 11:49:00.135566,2026-04-11 13:31:00.135566,102,51.3,23.09,11,5,1,4,terminee
1988,3,Borne C3 - Parking Aéroport,7,2026-04-11 13:12:00.135566,2026-04-11 14:05:00.135566,53,116.38,69.83,13,5,1,4,terminee
1159,2,Borne B2 - Parking Université,20,2026-04-11 13:14:00.135566,2026-04-11 14:01:00.135566,47,33.03,14.86,13,5,1,4,terminee
1160,2,Borne B2 - Parking Université,28,2026-04-11 13:45:00.135566,2026-04-11 15:30:00.135566,105,75.0,33.75,13,5,1,4,terminee
1989,3,Borne C3 - Parking Aéroport,6,2026-04-11 14:40:00.135566,2026-04-11 16:23:00.135566,103,191.5,114.9,14,5,1,4,terminee
265,1,Borne A1 - Centre Commercial,31,2026-04-11 17:02:00.135566,2026-04-11 18:54:00.135566,112,37.06,11.12,17,5,1,4,terminee
266,1,Borne A1 - Centre Commercial,18,2026-04-11 17:33:00.135566,2026-04-11 19:11:00.135566,98,27.92,8.38,17,5,1,4,terminee
1991,3,Borne C3 - Parking Aéroport,47,2026-04-11 19:08:00.135566,2026-04-11 19:27:00.135566,19,32.17,19.3,19,5,1,4,terminee
1992,3,Borne C3 - Parking Aéroport,5,2026-04-11 19:37:00.135566,2026-04-11 20:22:00.135566,45,89.52,53.71,19,5,1,4,terminee
1990,3,Borne C3 - Parking Aéroport,13,2026-04-11 19:56:00.135566,2026-04-11 21:31:00.135566,95,184.11,110.47,19,5,1,4,terminee
1161,2,Borne B2 - Parking Université,30,2026-04-11 19:57:00.135566,2026-04-11 21:00:00.135566,63,49.38,22.22,19,5,1,4,terminee
1162,2,Borne B2 - Parking Université,44,2026-04-11 20:16:00.135566,2026-04-11 20:58:00.135566,42,27.53,12.39,20,5,1,4,terminee
1993,3,Borne C3 - Parking Aéroport,32,2026-04-11 20:50:00.135566,2026-04-11 22:14:00.135566,84,180.05,108.03,20,5,1,4,terminee
1994,3,Borne C3 - Parking Aéroport,2,2026-04-11 21:34:00.135566,2026-04-11 23:32:00.135566,118,230.02,138.01,21,5,1,4,terminee
268,1,Borne A1 - Centre Commercial,22,2026-04-12 08:05:00.135566,2026-04-12 09:20:00.135566,75,20.33,6.1,8,6,1,4,terminee
267,1,Borne A1 - Centre Commercial,32,2026-04-12 08:11:00.135566,2026-04-12 09:40:00.135566,89,25.27,7.58,8,6,1,4,terminee
1163,2,Borne B2 - Parking Université,38,2026-04-12 10:33:00.135566,2026-04-12 12:33:00.135566,120,84.94,38.22,10,6,1,4,terminee
269,1,Borne A1 - Centre Commercial,11,2026-04-12 12:20:00.135566,2026-04-12 14:00:00.135566,100,23.53,7.06,12,6,1,4,terminee
1164,2,Borne B2 - Parking Université,43,2026-04-12 13:06:00.135566,2026-04-12 13:21:00.135566,15,10.06,4.53,13,6,1,4,terminee
1165,2,Borne B2 - Parking Université,39,2026-04-12 13:53:00.135566,2026-04-12 14:55:00.135566,62,42.6,19.17,13,6,1,4,terminee
270,1,Borne A1 - Centre Commercial,19,2026-04-12 14:21:00.135566,2026-04-12 15:28:00.135566,67,21.56,6.47,14,6,1,4,terminee
271,1,Borne A1 - Centre Commercial,36,2026-04-12 14:42:00.135566,2026-04-12 15:48:00.135566,66,22.4,6.72,14,6,1,4,terminee
1166,2,Borne B2 - Parking Université,7,2026-04-12 16:38:00.135566,2026-04-12 17:29:00.135566,51,30.57,13.76,16,6,1,4,terminee
272,1,Borne A1 - Centre Commercial,17,2026-04-12 18:02:00.135566,2026-04-12 19:15:00.135566,73,17.0,5.1,18,6,1,4,terminee
1167,2,Borne B2 - Parking Université,18,2026-04-12 18:30:00.135566,2026-04-12 18:53:00.135566,23,14.08,6.34,18,6,1,4,terminee
273,1,Borne A1 - Centre Commercial,26,2026-04-12 19:20:00.135566,2026-04-12 19:49:00.135566,29,10.51,3.15,19,6,1,4,terminee
274,1,Borne A1 - Centre Commercial,1,2026-04-13 08:55:00.135566,2026-04-13 10:15:00.135566,80,27.28,8.18,8,0,0,4,terminee
1168,2,Borne B2 - Parking Université,17,2026-04-13 09:40:00.135566,2026-04-13 10:36:00.135566,56,44.08,19.84,9,0,0,4,terminee
1169,2,Borne B2 - Parking Université,42,2026-04-13 12:41:00.135566,2026-04-13 14:27:00.135566,106,86.64,38.99,12,0,0,4,terminee
1170,2,Borne B2 - Parking Université,49,2026-04-13 13:19:00.135566,2026-04-13 13:58:00.135566,39,21.45,9.65,13,0,0,4,terminee
275,1,Borne A1 - Centre Commercial,4,2026-04-13 13:42:00.135566,2026-04-13 15:06:00.135566,84,24.17,7.25,13,0,0,4,terminee
276,1,Borne A1 - Centre Commercial,49,2026-04-13 14:12:00.135566,2026-04-13 15:33:00.135566,81,22.12,6.64,14,0,0,4,terminee
1171,2,Borne B2 - Parking Université,39,2026-04-13 14:15:00.135566,2026-04-13 14:37:00.135566,22,16.91,7.61,14,0,0,4,terminee
1172,2,Borne B2 - Parking Université,9,2026-04-13 14:25:00.135566,2026-04-13 16:04:00.135566,99,60.05,27.02,14,0,0,4,terminee
1175,2,Borne B2 - Parking Université,37,2026-04-13 18:02:00.135566,2026-04-13 19:31:00.135566,89,65.51,29.48,18,0,0,4,terminee
1174,2,Borne B2 - Parking Université,48,2026-04-13 18:16:00.135566,2026-04-13 19:24:00.135566,68,43.17,19.43,18,0,0,4,terminee
277,1,Borne A1 - Centre Commercial,4,2026-04-13 18:31:00.135566,2026-04-13 20:06:00.135566,95,27.06,8.12,18,0,0,4,terminee
1173,2,Borne B2 - Parking Université,19,2026-04-13 18:46:00.135566,2026-04-13 19:04:00.135566,18,12.93,5.82,18,0,0,4,terminee
278,1,Borne A1 - Centre Commercial,19,2026-04-13 19:13:00.135566,2026-04-13 20:02:00.135566,49,14.73,4.42,19,0,0,4,terminee
1176,2,Borne B2 - Parking Université,46,2026-04-13 19:52:00.135566,2026-04-13 20:31:00.135566,39,23.96,10.78,19,0,0,4,terminee
1177,2,Borne B2 - Parking Université,31,2026-04-13 20:14:00.135566,2026-04-13 21:56:00.135566,102,69.18,31.13,20,0,0,4,terminee
279,1,Borne A1 - Centre Commercial,2,2026-04-13 20:28:00.135566,2026-04-13 22:12:00.135566,104,30.27,9.08,20,0,0,4,terminee
280,1,Borne A1 - Centre Commercial,46,2026-04-13 20:40:00.135566,2026-04-13 22:12:00.135566,92,31.03,9.31,20,0,0,4,terminee
1178,2,Borne B2 - Parking Université,20,2026-04-13 21:58:00.135566,2026-04-13 23:38:00.135566,100,61.95,27.88,21,0,0,4,terminee
1179,2,Borne B2 - Parking Université,36,2026-04-13 23:54:00.135566,2026-04-14 00:30:00.135566,36,28.09,12.64,23,0,0,4,terminee
1180,2,Borne B2 - Parking Université,9,2026-04-14 00:11:00.135566,2026-04-14 01:03:00.135566,52,27.69,12.46,0,1,0,4,terminee
281,1,Borne A1 - Centre Commercial,36,2026-04-14 08:10:00.135566,2026-04-14 09:04:00.135566,54,16.24,4.87,8,1,0,4,terminee
282,1,Borne A1 - Centre Commercial,8,2026-04-14 09:26:00.135566,2026-04-14 09:52:00.135566,26,6.58,1.97,9,1,0,4,terminee
1995,3,Borne C3 - Parking Aéroport,42,2026-04-14 11:02:00.135566,2026-04-14 12:08:00.135566,66,106.8,64.08,11,1,0,4,terminee
283,1,Borne A1 - Centre Commercial,10,2026-04-14 11:29:00.135566,2026-04-14 11:59:00.135566,30,9.45,2.83,11,1,0,4,terminee
284,1,Borne A1 - Centre Commercial,46,2026-04-14 11:31:00.135566,2026-04-14 13:17:00.135566,106,27.86,8.36,11,1,0,4,terminee
1996,3,Borne C3 - Parking Aéroport,44,2026-04-14 11:42:00.135566,2026-04-14 13:03:00.135566,81,158.63,95.18,11,1,0,4,terminee
1181,2,Borne B2 - Parking Université,36,2026-04-14 11:47:00.135566,2026-04-14 12:35:00.135566,48,35.6,16.02,11,1,0,4,terminee
285,1,Borne A1 - Centre Commercial,31,2026-04-14 13:17:00.135566,2026-04-14 14:25:00.135566,68,23.28,6.98,13,1,0,4,terminee
1183,2,Borne B2 - Parking Université,15,2026-04-14 13:41:00.135566,2026-04-14 14:07:00.135566,26,14.93,6.72,13,1,0,4,terminee
1184,2,Borne B2 - Parking Université,22,2026-04-14 13:47:00.135566,2026-04-14 14:41:00.135566,54,34.57,15.56,13,1,0,4,terminee
1182,2,Borne B2 - Parking Université,22,2026-04-14 13:48:00.135566,2026-04-14 14:26:00.135566,38,30.99,13.95,13,1,0,4,terminee
1185,2,Borne B2 - Parking Université,30,2026-04-14 14:23:00.135566,2026-04-14 15:11:00.135566,48,33.37,15.02,14,1,0,4,terminee
1997,3,Borne C3 - Parking Aéroport,38,2026-04-14 14:55:00.135566,2026-04-14 16:18:00.135566,83,136.86,82.12,14,1,0,4,terminee
286,1,Borne A1 - Centre Commercial,25,2026-04-14 15:15:00.135566,2026-04-14 16:28:00.135566,73,21.96,6.59,15,1,0,4,terminee
1186,2,Borne B2 - Parking Université,41,2026-04-14 15:54:00.135566,2026-04-14 16:24:00.135566,30,19.71,8.87,15,1,0,4,terminee
287,1,Borne A1 - Centre Commercial,9,2026-04-14 16:12:00.135566,2026-04-14 17:43:00.135566,91,26.8,8.04,16,1,0,4,terminee
1998,3,Borne C3 - Parking Aéroport,10,2026-04-14 16:14:00.135566,2026-04-14 16:38:00.135566,24,36.89,22.13,16,1,0,4,terminee
1188,2,Borne B2 - Parking Université,44,2026-04-14 16:30:00.135566,2026-04-14 17:09:00.135566,39,26.01,11.7,16,1,0,4,terminee
1187,2,Borne B2 - Parking Université,5,2026-04-14 16:37:00.135566,2026-04-14 18:06:00.135566,89,72.51,32.63,16,1,0,4,terminee
289,1,Borne A1 - Centre Commercial,1,2026-04-14 18:21:00.135566,2026-04-14 20:16:00.135566,115,33.86,10.16,18,1,0,4,terminee
1189,2,Borne B2 - Parking Université,4,2026-04-14 18:24:00.135566,2026-04-14 19:46:00.135566,82,49.16,22.12,18,1,0,4,terminee
288,1,Borne A1 - Centre Commercial,27,2026-04-14 18:55:00.135566,2026-04-14 19:18:00.135566,23,5.99,1.8,18,1,0,4,terminee
2001,3,Borne C3 - Parking Aéroport,20,2026-04-14 19:00:00.135566,2026-04-14 19:37:00.135566,37,78.91,47.35,19,1,0,4,terminee
2000,3,Borne C3 - Parking Aéroport,9,2026-04-14 19:02:00.135566,2026-04-14 19:48:00.135566,46,101.26,60.76,19,1,0,4,terminee
290,1,Borne A1 - Centre Commercial,38,2026-04-14 19:18:00.135566,2026-04-14 21:05:00.135566,107,28.23,8.47,19,1,0,4,terminee
1999,3,Borne C3 - Parking Aéroport,40,2026-04-14 19:31:00.135566,2026-04-14 21:09:00.135566,98,148.87,89.32,19,1,0,4,terminee
291,1,Borne A1 - Centre Commercial,10,2026-04-14 19:37:00.135566,2026-04-14 21:16:00.135566,99,28.89,8.67,19,1,0,4,terminee
1190,2,Borne B2 - Parking Université,13,2026-04-14 19:55:00.135566,2026-04-14 20:29:00.135566,34,18.56,8.35,19,1,0,4,terminee
292,1,Borne A1 - Centre Commercial,22,2026-04-14 20:28:00.135566,2026-04-14 21:51:00.135566,83,24.16,7.25,20,1,0,4,terminee
2002,3,Borne C3 - Parking Aéroport,40,2026-04-14 20:52:00.135566,2026-04-14 22:48:00.135566,116,185.29,111.17,20,1,0,4,terminee
1192,2,Borne B2 - Parking Université,12,2026-04-14 21:09:00.135566,2026-04-14 22:04:00.135566,55,43.31,19.49,21,1,0,4,terminee
2003,3,Borne C3 - Parking Aéroport,7,2026-04-14 21:10:00.135566,2026-04-14 22:40:00.135566,90,140.76,84.46,21,1,0,4,terminee
1191,2,Borne B2 - Parking Université,30,2026-04-14 21:21:00.135566,2026-04-14 22:28:00.135566,67,55.55,25.0,21,1,0,4,terminee
2004,3,Borne C3 - Parking Aéroport,40,2026-04-14 22:07:00.135566,2026-04-14 23:25:00.135566,78,163.41,98.05,22,1,0,4,terminee
293,1,Borne A1 - Centre Commercial,30,2026-04-14 23:35:00.135566,2026-04-15 01:27:00.135566,112,33.57,10.07,23,1,0,4,terminee
294,1,Borne A1 - Centre Commercial,45,2026-04-14 23:59:00.135566,2026-04-15 00:55:00.135566,56,19.46,5.84,23,1,0,4,terminee
2005,3,Borne C3 - Parking Aéroport,48,2026-04-15 06:51:00.135566,2026-04-15 07:31:00.135566,40,77.05,46.23,6,2,0,4,terminee
295,1,Borne A1 - Centre Commercial,50,2026-04-15 08:15:00.135566,2026-04-15 09:43:00.135566,88,24.3,7.29,8,2,0,4,terminee
296,1,Borne A1 - Centre Commercial,31,2026-04-15 08:26:00.135566,2026-04-15 08:46:00.135566,20,5.33,1.6,8,2,0,4,terminee
2006,3,Borne C3 - Parking Aéroport,44,2026-04-15 08:43:00.135566,2026-04-15 09:49:00.135566,66,120.4,72.24,8,2,0,4,terminee
297,1,Borne A1 - Centre Commercial,43,2026-04-15 08:45:00.135566,2026-04-15 10:43:00.135566,118,32.56,9.77,8,2,0,4,terminee
1193,2,Borne B2 - Parking Université,41,2026-04-15 08:49:00.135566,2026-04-15 09:14:00.135566,25,16.56,7.45,8,2,0,4,terminee
1194,2,Borne B2 - Parking Université,1,2026-04-15 09:11:00.135566,2026-04-15 10:06:00.135566,55,39.13,17.61,9,2,0,4,terminee
299,1,Borne A1 - Centre Commercial,38,2026-04-15 09:31:00.135566,2026-04-15 09:50:00.135566,19,4.53,1.36,9,2,0,4,terminee
2007,3,Borne C3 - Parking Aéroport,14,2026-04-15 09:36:00.135566,2026-04-15 11:00:00.135566,84,137.54,82.52,9,2,0,4,terminee
2008,3,Borne C3 - Parking Aéroport,22,2026-04-15 09:48:00.135566,2026-04-15 10:08:00.135566,20,41.86,25.12,9,2,0,4,terminee
298,1,Borne A1 - Centre Commercial,10,2026-04-15 09:50:00.135566,2026-04-15 11:50:00.135566,120,37.88,11.36,9,2,0,4,terminee
300,1,Borne A1 - Centre Commercial,29,2026-04-15 10:21:00.135566,2026-04-15 10:48:00.135566,27,9.4,2.82,10,2,0,4,terminee
301,1,Borne A1 - Centre Commercial,1,2026-04-15 11:06:00.135566,2026-04-15 12:28:00.135566,82,28.99,8.7,11,2,0,4,terminee
2009,3,Borne C3 - Parking Aéroport,49,2026-04-15 12:04:00.135566,2026-04-15 12:34:00.135566,30,53.22,31.93,12,2,0,4,terminee
1196,2,Borne B2 - Parking Université,32,2026-04-15 13:10:00.135566,2026-04-15 14:38:00.135566,88,66.42,29.89,13,2,0,4,terminee
2010,3,Borne C3 - Parking Aéroport,36,2026-04-15 13:26:00.135566,2026-04-15 14:02:00.135566,36,79.07,47.44,13,2,0,4,terminee
1195,2,Borne B2 - Parking Université,50,2026-04-15 13:28:00.135566,2026-04-15 14:18:00.135566,50,28.49,12.82,13,2,0,4,terminee
2011,3,Borne C3 - Parking Aéroport,38,2026-04-15 14:10:00.135566,2026-04-15 15:21:00.135566,71,123.8,74.28,14,2,0,4,terminee
302,1,Borne A1 - Centre Commercial,42,2026-04-15 14:46:00.135566,2026-04-15 15:19:00.135566,33,9.24,2.77,14,2,0,4,terminee
1197,2,Borne B2 - Parking Université,9,2026-04-15 14:50:00.135566,2026-04-15 16:42:00.135566,112,85.11,38.3,14,2,0,4,terminee
303,1,Borne A1 - Centre Commercial,17,2026-04-15 15:09:00.135566,2026-04-15 15:33:00.135566,24,6.93,2.08,15,2,0,4,terminee
2012,3,Borne C3 - Parking Aéroport,41,2026-04-15 16:02:00.135566,2026-04-15 16:34:00.135566,32,51.2,30.72,16,2,0,4,terminee
1198,2,Borne B2 - Parking Université,26,2026-04-15 16:39:00.135566,2026-04-15 17:49:00.135566,70,49.78,22.4,16,2,0,4,terminee
2013,3,Borne C3 - Parking Aéroport,2,2026-04-15 16:39:00.135566,2026-04-15 17:42:00.135566,63,143.49,86.09,16,2,0,4,terminee
2014,3,Borne C3 - Parking Aéroport,1,2026-04-15 16:56:00.135566,2026-04-15 18:13:00.135566,77,121.72,73.03,16,2,0,4,terminee
304,1,Borne A1 - Centre Commercial,42,2026-04-15 17:21:00.135566,2026-04-15 18:55:00.135566,94,30.23,9.07,17,2,0,4,terminee
1199,2,Borne B2 - Parking Université,3,2026-04-15 17:27:00.135566,2026-04-15 18:43:00.135566,76,47.71,21.47,17,2,0,4,terminee
2015,3,Borne C3 - Parking Aéroport,38,2026-04-15 18:11:00.135566,2026-04-15 18:37:00.135566,26,57.38,34.43,18,2,0,4,terminee
305,1,Borne A1 - Centre Commercial,35,2026-04-15 19:05:00.135566,2026-04-15 20:02:00.135566,57,19.67,5.9,19,2,0,4,terminee
306,1,Borne A1 - Centre Commercial,49,2026-04-15 19:24:00.135566,2026-04-15 20:19:00.135566,55,17.16,5.15,19,2,0,4,terminee
2017,3,Borne C3 - Parking Aéroport,10,2026-04-15 19:30:00.135566,2026-04-15 21:13:00.135566,103,167.57,100.54,19,2,0,4,terminee
2016,3,Borne C3 - Parking Aéroport,50,2026-04-15 19:56:00.135566,2026-04-15 20:47:00.135566,51,97.73,58.64,19,2,0,4,terminee
2019,3,Borne C3 - Parking Aéroport,3,2026-04-15 20:15:00.135566,2026-04-15 20:52:00.135566,37,78.09,46.85,20,2,0,4,terminee
2018,3,Borne C3 - Parking Aéroport,27,2026-04-15 20:40:00.135566,2026-04-15 21:29:00.135566,49,99.13,59.48,20,2,0,4,terminee
307,1,Borne A1 - Centre Commercial,5,2026-04-15 22:31:00.135566,2026-04-15 23:55:00.135566,84,18.92,5.68,22,2,0,4,terminee
308,1,Borne A1 - Centre Commercial,19,2026-04-16 03:15:00.135566,2026-04-16 04:50:00.135566,95,30.44,9.13,3,3,0,4,terminee
2020,3,Borne C3 - Parking Aéroport,6,2026-04-16 07:45:00.135566,2026-04-16 09:03:00.135566,78,164.74,98.84,7,3,0,4,terminee
309,1,Borne A1 - Centre Commercial,7,2026-04-16 08:14:00.135566,2026-04-16 10:04:00.135566,110,25.66,7.7,8,3,0,4,terminee
311,1,Borne A1 - Centre Commercial,2,2026-04-16 08:28:00.135566,2026-04-16 09:04:00.135566,36,11.58,3.47,8,3,0,4,terminee
1200,2,Borne B2 - Parking Université,1,2026-04-16 08:34:00.135566,2026-04-16 09:14:00.135566,40,29.74,13.38,8,3,0,4,terminee
310,1,Borne A1 - Centre Commercial,7,2026-04-16 08:48:00.135566,2026-04-16 10:24:00.135566,96,31.03,9.31,8,3,0,4,terminee
312,1,Borne A1 - Centre Commercial,19,2026-04-16 10:02:00.135566,2026-04-16 10:58:00.135566,56,18.86,5.66,10,3,0,4,terminee
2021,3,Borne C3 - Parking Aéroport,23,2026-04-16 10:40:00.135566,2026-04-16 12:40:00.135566,120,273.91,164.35,10,3,0,4,terminee
1201,2,Borne B2 - Parking Université,34,2026-04-16 10:57:00.135566,2026-04-16 11:53:00.135566,56,42.13,18.96,10,3,0,4,terminee
1202,2,Borne B2 - Parking Université,41,2026-04-16 11:12:00.135566,2026-04-16 11:29:00.135566,17,12.33,5.55,11,3,0,4,terminee
2022,3,Borne C3 - Parking Aéroport,13,2026-04-16 11:26:00.135566,2026-04-16 11:41:00.135566,15,30.87,18.52,11,3,0,4,terminee
2023,3,Borne C3 - Parking Aéroport,40,2026-04-16 13:07:00.135566,2026-04-16 14:29:00.135566,82,203.1,121.86,13,3,0,4,terminee
2025,3,Borne C3 - Parking Aéroport,43,2026-04-16 13:14:00.135566,2026-04-16 14:28:00.135566,74,168.0,100.8,13,3,0,4,terminee
2024,3,Borne C3 - Parking Aéroport,33,2026-04-16 13:23:00.135566,2026-04-16 15:15:00.135566,112,278.52,167.11,13,3,0,4,terminee
1203,2,Borne B2 - Parking Université,23,2026-04-16 13:46:00.135566,2026-04-16 14:32:00.135566,46,26.47,11.91,13,3,0,4,terminee
1204,2,Borne B2 - Parking Université,33,2026-04-16 14:19:00.135566,2026-04-16 14:50:00.135566,31,16.56,7.45,14,3,0,4,terminee
1206,2,Borne B2 - Parking Université,34,2026-04-16 15:19:00.135566,2026-04-16 16:11:00.135566,52,33.9,15.25,15,3,0,4,terminee
1205,2,Borne B2 - Parking Université,3,2026-04-16 15:37:00.135566,2026-04-16 16:31:00.135566,54,30.01,13.5,15,3,0,4,terminee
1208,2,Borne B2 - Parking Université,32,2026-04-16 16:08:00.135566,2026-04-16 17:06:00.135566,58,48.26,21.72,16,3,0,4,terminee
1207,2,Borne B2 - Parking Université,44,2026-04-16 16:38:00.135566,2026-04-16 18:00:00.135566,82,50.23,22.6,16,3,0,4,terminee
2026,3,Borne C3 - Parking Aéroport,8,2026-04-16 17:13:00.135566,2026-04-16 18:03:00.135566,50,77.65,46.59,17,3,0,4,terminee
313,1,Borne A1 - Centre Commercial,16,2026-04-16 18:22:00.135566,2026-04-16 19:24:00.135566,62,17.56,5.27,18,3,0,4,terminee
2028,3,Borne C3 - Parking Aéroport,3,2026-04-16 18:31:00.135566,2026-04-16 19:08:00.135566,37,61.41,36.85,18,3,0,4,terminee
314,1,Borne A1 - Centre Commercial,12,2026-04-16 18:33:00.135566,2026-04-16 19:40:00.135566,67,20.3,6.09,18,3,0,4,terminee
2027,3,Borne C3 - Parking Aéroport,31,2026-04-16 18:50:00.135566,2026-04-16 19:24:00.135566,34,74.3,44.58,18,3,0,4,terminee
2029,3,Borne C3 - Parking Aéroport,14,2026-04-16 19:03:00.135566,2026-04-16 20:40:00.135566,97,180.83,108.5,19,3,0,4,terminee
315,1,Borne A1 - Centre Commercial,25,2026-04-16 19:10:00.135566,2026-04-16 19:47:00.135566,37,8.57,2.57,19,3,0,4,terminee
2030,3,Borne C3 - Parking Aéroport,49,2026-04-16 19:27:00.135566,2026-04-16 20:14:00.135566,47,86.21,51.73,19,3,0,4,terminee
317,1,Borne A1 - Centre Commercial,17,2026-04-16 20:09:00.135566,2026-04-16 20:53:00.135566,44,12.66,3.8,20,3,0,4,terminee
1209,2,Borne B2 - Parking Université,26,2026-04-16 20:22:00.135566,2026-04-16 22:13:00.135566,111,62.47,28.11,20,3,0,4,terminee
316,1,Borne A1 - Centre Commercial,38,2026-04-16 20:39:00.135566,2026-04-16 22:21:00.135566,102,26.04,7.81,20,3,0,4,terminee
318,1,Borne A1 - Centre Commercial,30,2026-04-16 22:29:00.135566,2026-04-16 23:16:00.135566,47,14.94,4.48,22,3,0,4,terminee
319,1,Borne A1 - Centre Commercial,11,2026-04-16 22:57:00.135566,2026-04-16 23:48:00.135566,51,16.29,4.89,22,3,0,4,terminee
320,1,Borne A1 - Centre Commercial,38,2026-04-17 01:04:00.135566,2026-04-17 02:15:00.135566,71,25.46,7.64,1,4,0,4,terminee
1210,2,Borne B2 - Parking Université,9,2026-04-17 07:01:00.135566,2026-04-17 07:45:00.135566,44,25.29,11.38,7,4,0,4,terminee
2031,3,Borne C3 - Parking Aéroport,35,2026-04-17 09:06:00.135566,2026-04-17 10:55:00.135566,109,169.22,101.53,9,4,0,4,terminee
1211,2,Borne B2 - Parking Université,33,2026-04-17 10:13:00.135566,2026-04-17 12:01:00.135566,108,54.79,24.66,10,4,0,4,terminee
321,1,Borne A1 - Centre Commercial,45,2026-04-17 10:19:00.135566,2026-04-17 11:55:00.135566,96,34.67,10.4,10,4,0,4,terminee
322,1,Borne A1 - Centre Commercial,13,2026-04-17 12:16:00.135566,2026-04-17 13:29:00.135566,73,25.11,7.53,12,4,0,4,terminee
325,1,Borne A1 - Centre Commercial,43,2026-04-17 12:18:00.135566,2026-04-17 12:35:00.135566,17,6.18,1.85,12,4,0,4,terminee
323,1,Borne A1 - Centre Commercial,25,2026-04-17 12:24:00.135566,2026-04-17 13:40:00.135566,76,17.91,5.37,12,4,0,4,terminee
324,1,Borne A1 - Centre Commercial,45,2026-04-17 12:36:00.135566,2026-04-17 13:36:00.135566,60,18.26,5.48,12,4,0,4,terminee
1212,2,Borne B2 - Parking Université,42,2026-04-17 13:10:00.135566,2026-04-17 13:40:00.135566,30,18.67,8.4,13,4,0,4,terminee
2032,3,Borne C3 - Parking Aéroport,32,2026-04-17 13:11:00.135566,2026-04-17 13:46:00.135566,35,79.99,47.99,13,4,0,4,terminee
326,1,Borne A1 - Centre Commercial,44,2026-04-17 13:25:00.135566,2026-04-17 14:15:00.135566,50,11.06,3.32,13,4,0,4,terminee
2033,3,Borne C3 - Parking Aéroport,16,2026-04-17 14:32:00.135566,2026-04-17 15:01:00.135566,29,45.55,27.33,14,4,0,4,terminee
327,1,Borne A1 - Centre Commercial,39,2026-04-17 14:49:00.135566,2026-04-17 16:39:00.135566,110,39.91,11.97,14,4,0,4,terminee
2034,3,Borne C3 - Parking Aéroport,21,2026-04-17 15:46:00.135566,2026-04-17 16:57:00.135566,71,148.58,89.15,15,4,0,4,terminee
328,1,Borne A1 - Centre Commercial,19,2026-04-17 15:47:00.135566,2026-04-17 17:05:00.135566,78,26.69,8.01,15,4,0,4,terminee
1214,2,Borne B2 - Parking Université,4,2026-04-17 17:16:00.135566,2026-04-17 19:09:00.135566,113,76.64,34.49,17,4,0,4,terminee
2035,3,Borne C3 - Parking Aéroport,21,2026-04-17 17:26:00.135566,2026-04-17 18:06:00.135566,40,89.88,53.93,17,4,0,4,terminee
1215,2,Borne B2 - Parking Université,42,2026-04-17 17:38:00.135566,2026-04-17 17:59:00.135566,21,15.13,6.81,17,4,0,4,terminee
329,1,Borne A1 - Centre Commercial,23,2026-04-17 17:49:00.135566,2026-04-17 19:46:00.135566,117,29.69,8.91,17,4,0,4,terminee
1213,2,Borne B2 - Parking Université,41,2026-04-17 17:50:00.135566,2026-04-17 18:09:00.135566,19,11.88,5.35,17,4,0,4,terminee
330,1,Borne A1 - Centre Commercial,17,2026-04-17 18:14:00.135566,2026-04-17 19:50:00.135566,96,23.8,7.14,18,4,0,4,terminee
2036,3,Borne C3 - Parking Aéroport,15,2026-04-17 19:14:00.135566,2026-04-17 21:08:00.135566,114,183.56,110.14,19,4,0,4,terminee
331,1,Borne A1 - Centre Commercial,43,2026-04-17 19:43:00.135566,2026-04-17 21:34:00.135566,111,36.16,10.85,19,4,0,4,terminee
1216,2,Borne B2 - Parking Université,8,2026-04-17 19:53:00.135566,2026-04-17 20:10:00.135566,17,8.77,3.95,19,4,0,4,terminee
2037,3,Borne C3 - Parking Aéroport,13,2026-04-17 20:06:00.135566,2026-04-17 20:51:00.135566,45,100.7,60.42,20,4,0,4,terminee
1217,2,Borne B2 - Parking Université,36,2026-04-17 20:26:00.135566,2026-04-17 21:37:00.135566,71,44.5,20.03,20,4,0,4,terminee
334,1,Borne A1 - Centre Commercial,9,2026-04-17 21:02:00.135566,2026-04-17 22:31:00.135566,89,24.34,7.3,21,4,0,4,terminee
333,1,Borne A1 - Centre Commercial,29,2026-04-17 21:41:00.135566,2026-04-17 22:01:00.135566,20,5.31,1.59,21,4,0,4,terminee
332,1,Borne A1 - Centre Commercial,41,2026-04-17 21:43:00.135566,2026-04-17 22:15:00.135566,32,9.99,3.0,21,4,0,4,terminee
1218,2,Borne B2 - Parking Université,14,2026-04-18 06:16:00.135566,2026-04-18 07:31:00.135566,75,55.05,24.77,6,5,1,4,terminee
2038,3,Borne C3 - Parking Aéroport,32,2026-04-18 07:14:00.135566,2026-04-18 07:38:00.135566,24,47.3,28.38,7,5,1,4,terminee
1219,2,Borne B2 - Parking Université,20,2026-04-18 07:44:00.135566,2026-04-18 09:26:00.135566,102,72.43,32.59,7,5,1,4,terminee
2039,3,Borne C3 - Parking Aéroport,40,2026-04-18 08:03:00.135566,2026-04-18 09:13:00.135566,70,115.15,69.09,8,5,1,4,terminee
335,1,Borne A1 - Centre Commercial,27,2026-04-18 08:05:00.135566,2026-04-18 08:57:00.135566,52,13.93,4.18,8,5,1,4,terminee
336,1,Borne A1 - Centre Commercial,35,2026-04-18 09:11:00.135566,2026-04-18 09:51:00.135566,40,9.58,2.87,9,5,1,4,terminee
2040,3,Borne C3 - Parking Aéroport,9,2026-04-18 10:29:00.135566,2026-04-18 11:06:00.135566,37,69.83,41.9,10,5,1,4,terminee
2041,3,Borne C3 - Parking Aéroport,23,2026-04-18 12:29:00.135566,2026-04-18 14:16:00.135566,107,181.27,108.76,12,5,1,4,terminee
337,1,Borne A1 - Centre Commercial,18,2026-04-18 12:56:00.135566,2026-04-18 13:57:00.135566,61,18.17,5.45,12,5,1,4,terminee
2042,3,Borne C3 - Parking Aéroport,3,2026-04-18 13:17:00.135566,2026-04-18 13:57:00.135566,40,73.44,44.06,13,5,1,4,terminee
338,1,Borne A1 - Centre Commercial,31,2026-04-18 13:53:00.135566,2026-04-18 14:29:00.135566,36,9.28,2.78,13,5,1,4,terminee
340,1,Borne A1 - Centre Commercial,5,2026-04-18 15:51:00.135566,2026-04-18 16:20:00.135566,29,8.37,2.51,15,5,1,4,terminee
339,1,Borne A1 - Centre Commercial,22,2026-04-18 15:51:00.135566,2026-04-18 16:43:00.135566,52,17.13,5.14,15,5,1,4,terminee
341,1,Borne A1 - Centre Commercial,44,2026-04-18 16:09:00.135566,2026-04-18 18:00:00.135566,111,40.15,12.04,16,5,1,4,terminee
2043,3,Borne C3 - Parking Aéroport,9,2026-04-18 16:44:00.135566,2026-04-18 18:11:00.135566,87,135.69,81.41,16,5,1,4,terminee
342,1,Borne A1 - Centre Commercial,36,2026-04-18 16:46:00.135566,2026-04-18 18:27:00.135566,101,36.74,11.02,16,5,1,4,terminee
343,1,Borne A1 - Centre Commercial,1,2026-04-18 17:23:00.135566,2026-04-18 17:49:00.135566,26,8.74,2.62,17,5,1,4,terminee
1220,2,Borne B2 - Parking Université,34,2026-04-18 17:26:00.135566,2026-04-18 19:05:00.135566,99,52.83,23.77,17,5,1,4,terminee
2044,3,Borne C3 - Parking Aéroport,11,2026-04-18 18:07:00.135566,2026-04-18 19:21:00.135566,74,144.93,86.96,18,5,1,4,terminee
344,1,Borne A1 - Centre Commercial,24,2026-04-18 18:16:00.135566,2026-04-18 19:39:00.135566,83,19.76,5.93,18,5,1,4,terminee
1221,2,Borne B2 - Parking Université,9,2026-04-18 18:17:00.135566,2026-04-18 19:51:00.135566,94,65.98,29.69,18,5,1,4,terminee
1222,2,Borne B2 - Parking Université,40,2026-04-18 18:26:00.135566,2026-04-18 18:54:00.135566,28,18.77,8.45,18,5,1,4,terminee
1223,2,Borne B2 - Parking Université,7,2026-04-18 19:07:00.135566,2026-04-18 19:58:00.135566,51,27.44,12.35,19,5,1,4,terminee
345,1,Borne A1 - Centre Commercial,38,2026-04-18 19:43:00.135566,2026-04-18 21:33:00.135566,110,35.05,10.51,19,5,1,4,terminee
2045,3,Borne C3 - Parking Aéroport,19,2026-04-18 19:48:00.135566,2026-04-18 20:46:00.135566,58,99.75,59.85,19,5,1,4,terminee
347,1,Borne A1 - Centre Commercial,2,2026-04-18 20:06:00.135566,2026-04-18 21:47:00.135566,101,25.68,7.7,20,5,1,4,terminee
346,1,Borne A1 - Centre Commercial,24,2026-04-18 20:24:00.135566,2026-04-18 22:24:00.135566,120,37.64,11.29,20,5,1,4,terminee
2046,3,Borne C3 - Parking Aéroport,41,2026-04-18 21:38:00.135566,2026-04-18 22:13:00.135566,35,80.13,48.08,21,5,1,4,terminee
348,1,Borne A1 - Centre Commercial,40,2026-04-18 21:39:00.135566,2026-04-18 23:05:00.135566,86,23.06,6.92,21,5,1,4,terminee
349,1,Borne A1 - Centre Commercial,30,2026-04-19 07:14:00.135566,2026-04-19 08:51:00.135566,97,22.24,6.67,7,6,1,4,terminee
2047,3,Borne C3 - Parking Aéroport,36,2026-04-19 10:57:00.135566,2026-04-19 11:33:00.135566,36,74.81,44.89,10,6,1,4,terminee
2048,3,Borne C3 - Parking Aéroport,34,2026-04-19 11:54:00.135566,2026-04-19 12:38:00.135566,44,69.8,41.88,11,6,1,4,terminee
350,1,Borne A1 - Centre Commercial,27,2026-04-19 11:58:00.135566,2026-04-19 13:42:00.135566,104,27.49,8.25,11,6,1,4,terminee
351,1,Borne A1 - Centre Commercial,3,2026-04-19 12:07:00.135566,2026-04-19 12:39:00.135566,32,7.25,2.17,12,6,1,4,terminee
1224,2,Borne B2 - Parking Université,50,2026-04-19 12:31:00.135566,2026-04-19 13:11:00.135566,40,28.12,12.65,12,6,1,4,terminee
352,1,Borne A1 - Centre Commercial,16,2026-04-19 13:19:00.135566,2026-04-19 14:37:00.135566,78,18.49,5.55,13,6,1,4,terminee
1225,2,Borne B2 - Parking Université,23,2026-04-19 14:16:00.135566,2026-04-19 15:37:00.135566,81,66.77,30.05,14,6,1,4,terminee
2050,3,Borne C3 - Parking Aéroport,48,2026-04-19 14:17:00.135566,2026-04-19 14:33:00.135566,16,35.68,21.41,14,6,1,4,terminee
2049,3,Borne C3 - Parking Aéroport,30,2026-04-19 14:31:00.135566,2026-04-19 15:13:00.135566,42,87.85,52.71,14,6,1,4,terminee
2051,3,Borne C3 - Parking Aéroport,28,2026-04-19 14:55:00.135566,2026-04-19 15:41:00.135566,46,80.4,48.24,14,6,1,4,terminee
353,1,Borne A1 - Centre Commercial,30,2026-04-19 15:56:00.135566,2026-04-19 17:19:00.135566,83,19.91,5.97,15,6,1,4,terminee
354,1,Borne A1 - Centre Commercial,45,2026-04-19 16:23:00.135566,2026-04-19 18:03:00.135566,100,35.92,10.78,16,6,1,4,terminee
1226,2,Borne B2 - Parking Université,3,2026-04-19 17:45:00.135566,2026-04-19 18:52:00.135566,67,40.1,18.05,17,6,1,4,terminee
355,1,Borne A1 - Centre Commercial,47,2026-04-19 19:34:00.135566,2026-04-19 20:42:00.135566,68,20.82,6.25,19,6,1,4,terminee
1227,2,Borne B2 - Parking Université,45,2026-04-19 19:35:00.135566,2026-04-19 20:53:00.135566,78,62.67,28.2,19,6,1,4,terminee
2052,3,Borne C3 - Parking Aéroport,38,2026-04-19 19:37:00.135566,2026-04-19 20:20:00.135566,43,102.85,61.71,19,6,1,4,terminee
1228,2,Borne B2 - Parking Université,1,2026-04-19 20:59:00.135566,2026-04-19 22:15:00.135566,76,46.38,20.87,20,6,1,4,terminee
2053,3,Borne C3 - Parking Aéroport,27,2026-04-19 22:09:00.135566,2026-04-19 23:37:00.135566,88,211.05,126.63,22,6,1,4,terminee
1229,2,Borne B2 - Parking Université,8,2026-04-20 09:00:00.135566,2026-04-20 10:40:00.135566,100,52.97,23.84,9,0,0,4,terminee
2054,3,Borne C3 - Parking Aéroport,33,2026-04-20 09:02:00.135566,2026-04-20 10:17:00.135566,75,167.51,100.51,9,0,0,4,terminee
1230,2,Borne B2 - Parking Université,10,2026-04-20 09:53:00.135566,2026-04-20 11:21:00.135566,88,63.62,28.63,9,0,0,4,terminee
1231,2,Borne B2 - Parking Université,47,2026-04-20 10:05:00.135566,2026-04-20 11:59:00.135566,114,76.44,34.4,10,0,0,4,terminee
356,1,Borne A1 - Centre Commercial,32,2026-04-20 10:09:00.135566,2026-04-20 11:17:00.135566,68,21.49,6.45,10,0,0,4,terminee
1232,2,Borne B2 - Parking Université,42,2026-04-20 11:46:00.135566,2026-04-20 12:13:00.135566,27,21.64,9.74,11,0,0,4,terminee
1233,2,Borne B2 - Parking Université,19,2026-04-20 12:14:00.135566,2026-04-20 13:27:00.135566,73,60.56,27.25,12,0,0,4,terminee
358,1,Borne A1 - Centre Commercial,29,2026-04-20 13:02:00.135566,2026-04-20 14:45:00.135566,103,28.26,8.48,13,0,0,4,terminee
2055,3,Borne C3 - Parking Aéroport,31,2026-04-20 13:02:00.135566,2026-04-20 14:11:00.135566,69,140.15,84.09,13,0,0,4,terminee
357,1,Borne A1 - Centre Commercial,18,2026-04-20 13:39:00.135566,2026-04-20 14:46:00.135566,67,23.97,7.19,13,0,0,4,terminee
1234,2,Borne B2 - Parking Université,12,2026-04-20 15:16:00.135566,2026-04-20 16:30:00.135566,74,38.24,17.21,15,0,0,4,terminee
359,1,Borne A1 - Centre Commercial,7,2026-04-20 15:28:00.135566,2026-04-20 16:13:00.135566,45,15.55,4.67,15,0,0,4,terminee
360,1,Borne A1 - Centre Commercial,42,2026-04-20 15:43:00.135566,2026-04-20 16:45:00.135566,62,18.59,5.58,15,0,0,4,terminee
1235,2,Borne B2 - Parking Université,24,2026-04-20 15:55:00.135566,2026-04-20 16:15:00.135566,20,15.68,7.06,15,0,0,4,terminee
2056,3,Borne C3 - Parking Aéroport,7,2026-04-20 16:51:00.135566,2026-04-20 18:48:00.135566,117,257.01,154.21,16,0,0,4,terminee
362,1,Borne A1 - Centre Commercial,43,2026-04-20 17:07:00.135566,2026-04-20 19:07:00.135566,120,34.4,10.32,17,0,0,4,terminee
361,1,Borne A1 - Centre Commercial,13,2026-04-20 17:22:00.135566,2026-04-20 17:44:00.135566,22,6.12,1.84,17,0,0,4,terminee
363,1,Borne A1 - Centre Commercial,2,2026-04-20 18:13:00.135566,2026-04-20 19:50:00.135566,97,30.44,9.13,18,0,0,4,terminee
2057,3,Borne C3 - Parking Aéroport,36,2026-04-20 18:28:00.135566,2026-04-20 19:46:00.135566,78,135.76,81.46,18,0,0,4,terminee
1236,2,Borne B2 - Parking Université,48,2026-04-20 18:51:00.135566,2026-04-20 20:32:00.135566,101,61.03,27.46,18,0,0,4,terminee
1238,2,Borne B2 - Parking Université,11,2026-04-20 19:00:00.135566,2026-04-20 19:32:00.135566,32,23.08,10.39,19,0,0,4,terminee
364,1,Borne A1 - Centre Commercial,9,2026-04-20 19:03:00.135566,2026-04-20 20:58:00.135566,115,30.93,9.28,19,0,0,4,terminee
1237,2,Borne B2 - Parking Université,3,2026-04-20 19:07:00.135566,2026-04-20 19:34:00.135566,27,21.16,9.52,19,0,0,4,terminee
2059,3,Borne C3 - Parking Aéroport,16,2026-04-20 19:13:00.135566,2026-04-20 19:44:00.135566,31,57.61,34.57,19,0,0,4,terminee
2060,3,Borne C3 - Parking Aéroport,43,2026-04-20 19:41:00.135566,2026-04-20 20:07:00.135566,26,39.41,23.65,19,0,0,4,terminee
2058,3,Borne C3 - Parking Aéroport,27,2026-04-20 19:48:00.135566,2026-04-20 20:04:00.135566,16,35.09,21.05,19,0,0,4,terminee
365,1,Borne A1 - Centre Commercial,49,2026-04-20 19:50:00.135566,2026-04-20 21:17:00.135566,87,21.76,6.53,19,0,0,4,terminee
2061,3,Borne C3 - Parking Aéroport,37,2026-04-20 20:19:00.135566,2026-04-20 20:54:00.135566,35,77.12,46.27,20,0,0,4,terminee
366,1,Borne A1 - Centre Commercial,15,2026-04-20 20:35:00.135566,2026-04-20 21:16:00.135566,41,12.55,3.77,20,0,0,4,terminee
367,1,Borne A1 - Centre Commercial,39,2026-04-20 22:21:00.135566,2026-04-21 00:15:00.135566,114,27.55,8.27,22,0,0,4,terminee
2062,3,Borne C3 - Parking Aéroport,30,2026-04-20 22:47:00.135566,2026-04-21 00:16:00.135566,89,135.67,81.4,22,0,0,4,terminee
368,1,Borne A1 - Centre Commercial,10,2026-04-21 07:00:00.135566,2026-04-21 07:50:00.135566,50,17.29,5.19,7,1,0,4,terminee
1239,2,Borne B2 - Parking Université,40,2026-04-21 07:21:00.135566,2026-04-21 08:21:00.135566,60,47.89,21.55,7,1,0,4,terminee
371,1,Borne A1 - Centre Commercial,16,2026-04-21 08:00:00.135566,2026-04-21 09:00:00.135566,60,20.15,6.04,8,1,0,4,terminee
370,1,Borne A1 - Centre Commercial,9,2026-04-21 08:07:00.135566,2026-04-21 09:46:00.135566,99,34.36,10.31,8,1,0,4,terminee
2063,3,Borne C3 - Parking Aéroport,24,2026-04-21 08:08:00.135566,2026-04-21 09:53:00.135566,105,200.06,120.04,8,1,0,4,terminee
369,1,Borne A1 - Centre Commercial,12,2026-04-21 08:08:00.135566,2026-04-21 09:32:00.135566,84,21.57,6.47,8,1,0,4,terminee
1240,2,Borne B2 - Parking Université,22,2026-04-21 08:17:00.135566,2026-04-21 10:05:00.135566,108,57.35,25.81,8,1,0,4,terminee
372,1,Borne A1 - Centre Commercial,17,2026-04-21 08:37:00.135566,2026-04-21 09:33:00.135566,56,12.45,3.73,8,1,0,4,terminee
373,1,Borne A1 - Centre Commercial,34,2026-04-21 09:03:00.135566,2026-04-21 09:34:00.135566,31,10.19,3.06,9,1,0,4,terminee
2064,3,Borne C3 - Parking Aéroport,1,2026-04-21 09:40:00.135566,2026-04-21 10:54:00.135566,74,163.09,97.85,9,1,0,4,terminee
1241,2,Borne B2 - Parking Université,30,2026-04-21 10:11:00.135566,2026-04-21 10:40:00.135566,29,18.37,8.27,10,1,0,4,terminee
2065,3,Borne C3 - Parking Aéroport,45,2026-04-21 10:55:00.135566,2026-04-21 12:30:00.135566,95,149.22,89.53,10,1,0,4,terminee
374,1,Borne A1 - Centre Commercial,29,2026-04-21 11:07:00.135566,2026-04-21 12:57:00.135566,110,25.23,7.57,11,1,0,4,terminee
2066,3,Borne C3 - Parking Aéroport,28,2026-04-21 11:21:00.135566,2026-04-21 12:43:00.135566,82,125.68,75.41,11,1,0,4,terminee
375,1,Borne A1 - Centre Commercial,7,2026-04-21 11:49:00.135566,2026-04-21 12:50:00.135566,61,18.01,5.4,11,1,0,4,terminee
376,1,Borne A1 - Centre Commercial,40,2026-04-21 12:28:00.135566,2026-04-21 13:47:00.135566,79,19.95,5.98,12,1,0,4,terminee
2067,3,Borne C3 - Parking Aéroport,40,2026-04-21 12:48:00.135566,2026-04-21 13:37:00.135566,49,107.7,64.62,12,1,0,4,terminee
377,1,Borne A1 - Centre Commercial,43,2026-04-21 14:02:00.135566,2026-04-21 15:50:00.135566,108,36.17,10.85,14,1,0,4,terminee
2068,3,Borne C3 - Parking Aéroport,44,2026-04-21 14:34:00.135566,2026-04-21 16:02:00.135566,88,201.91,121.15,14,1,0,4,terminee
2069,3,Borne C3 - Parking Aéroport,48,2026-04-21 16:05:00.135566,2026-04-21 17:39:00.135566,94,223.8,134.28,16,1,0,4,terminee
1242,2,Borne B2 - Parking Université,31,2026-04-21 16:17:00.135566,2026-04-21 17:21:00.135566,64,46.72,21.02,16,1,0,4,terminee
2070,3,Borne C3 - Parking Aéroport,44,2026-04-21 17:59:00.135566,2026-04-21 18:21:00.135566,22,44.32,26.59,17,1,0,4,terminee
2071,3,Borne C3 - Parking Aéroport,24,2026-04-21 18:23:00.135566,2026-04-21 18:44:00.135566,21,33.83,20.3,18,1,0,4,terminee
378,1,Borne A1 - Centre Commercial,2,2026-04-21 18:33:00.135566,2026-04-21 19:26:00.135566,53,15.22,4.57,18,1,0,4,terminee
1243,2,Borne B2 - Parking Université,11,2026-04-21 18:51:00.135566,2026-04-21 19:59:00.135566,68,48.71,21.92,18,1,0,4,terminee
379,1,Borne A1 - Centre Commercial,28,2026-04-21 19:03:00.135566,2026-04-21 20:19:00.135566,76,26.16,7.85,19,1,0,4,terminee
1244,2,Borne B2 - Parking Université,4,2026-04-21 19:07:00.135566,2026-04-21 19:38:00.135566,31,22.69,10.21,19,1,0,4,terminee
2073,3,Borne C3 - Parking Aéroport,5,2026-04-21 19:11:00.135566,2026-04-21 20:48:00.135566,97,199.7,119.82,19,1,0,4,terminee
2075,3,Borne C3 - Parking Aéroport,42,2026-04-21 19:21:00.135566,2026-04-21 20:06:00.135566,45,91.78,55.07,19,1,0,4,terminee
2072,3,Borne C3 - Parking Aéroport,24,2026-04-21 19:29:00.135566,2026-04-21 21:03:00.135566,94,144.84,86.9,19,1,0,4,terminee
2074,3,Borne C3 - Parking Aéroport,9,2026-04-21 19:35:00.135566,2026-04-21 21:20:00.135566,105,238.73,143.24,19,1,0,4,terminee
1245,2,Borne B2 - Parking Université,38,2026-04-21 19:54:00.135566,2026-04-21 20:29:00.135566,35,18.71,8.42,19,1,0,4,terminee
1246,2,Borne B2 - Parking Université,29,2026-04-21 20:30:00.135566,2026-04-21 22:27:00.135566,117,80.69,36.31,20,1,0,4,terminee
2076,3,Borne C3 - Parking Aéroport,38,2026-04-21 20:30:00.135566,2026-04-21 22:19:00.135566,109,265.87,159.52,20,1,0,4,terminee
1247,2,Borne B2 - Parking Université,23,2026-04-22 07:11:00.135566,2026-04-22 08:44:00.135566,93,58.27,26.22,7,2,0,4,terminee
1248,2,Borne B2 - Parking Université,47,2026-04-22 07:39:00.135566,2026-04-22 07:57:00.135566,18,14.18,6.38,7,2,0,4,terminee
2077,3,Borne C3 - Parking Aéroport,49,2026-04-22 08:44:00.135566,2026-04-22 09:25:00.135566,41,92.38,55.43,8,2,0,4,terminee
1249,2,Borne B2 - Parking Université,32,2026-04-22 08:57:00.135566,2026-04-22 09:28:00.135566,31,20.49,9.22,8,2,0,4,terminee
2078,3,Borne C3 - Parking Aéroport,18,2026-04-22 09:14:00.135566,2026-04-22 10:10:00.135566,56,103.75,62.25,9,2,0,4,terminee
1250,2,Borne B2 - Parking Université,5,2026-04-22 10:07:00.135566,2026-04-22 11:14:00.135566,67,43.34,19.5,10,2,0,4,terminee
380,1,Borne A1 - Centre Commercial,29,2026-04-22 10:43:00.135566,2026-04-22 11:11:00.135566,28,8.17,2.45,10,2,0,4,terminee
1251,2,Borne B2 - Parking Université,46,2026-04-22 11:16:00.135566,2026-04-22 12:54:00.135566,98,59.27,26.67,11,2,0,4,terminee
2079,3,Borne C3 - Parking Aéroport,4,2026-04-22 11:32:00.135566,2026-04-22 13:14:00.135566,102,196.14,117.68,11,2,0,4,terminee
2080,3,Borne C3 - Parking Aéroport,32,2026-04-22 12:04:00.135566,2026-04-22 13:06:00.135566,62,114.4,68.64,12,2,0,4,terminee
382,1,Borne A1 - Centre Commercial,41,2026-04-22 12:04:00.135566,2026-04-22 12:35:00.135566,31,8.07,2.42,12,2,0,4,terminee
381,1,Borne A1 - Centre Commercial,10,2026-04-22 12:04:00.135566,2026-04-22 12:29:00.135566,25,6.68,2.0,12,2,0,4,terminee
1252,2,Borne B2 - Parking Université,48,2026-04-22 12:55:00.135566,2026-04-22 14:36:00.135566,101,68.17,30.68,12,2,0,4,terminee
1253,2,Borne B2 - Parking Université,43,2026-04-22 13:36:00.135566,2026-04-22 15:23:00.135566,107,73.65,33.14,13,2,0,4,terminee
1254,2,Borne B2 - Parking Université,45,2026-04-22 13:55:00.135566,2026-04-22 14:53:00.135566,58,39.04,17.57,13,2,0,4,terminee
2081,3,Borne C3 - Parking Aéroport,31,2026-04-22 14:32:00.135566,2026-04-22 15:54:00.135566,82,191.02,114.61,14,2,0,4,terminee
1255,2,Borne B2 - Parking Université,43,2026-04-22 14:44:00.135566,2026-04-22 16:18:00.135566,94,49.98,22.49,14,2,0,4,terminee
1257,2,Borne B2 - Parking Université,36,2026-04-22 17:43:00.135566,2026-04-22 19:20:00.135566,97,60.94,27.42,17,2,0,4,terminee
1256,2,Borne B2 - Parking Université,43,2026-04-22 17:46:00.135566,2026-04-22 18:32:00.135566,46,30.39,13.68,17,2,0,4,terminee
2082,3,Borne C3 - Parking Aéroport,35,2026-04-22 18:45:00.135566,2026-04-22 20:08:00.135566,83,180.8,108.48,18,2,0,4,terminee
1260,2,Borne B2 - Parking Université,5,2026-04-22 18:54:00.135566,2026-04-22 20:12:00.135566,78,61.6,27.72,18,2,0,4,terminee
1258,2,Borne B2 - Parking Université,42,2026-04-22 18:57:00.135566,2026-04-22 20:30:00.135566,93,48.19,21.69,18,2,0,4,terminee
2083,3,Borne C3 - Parking Aéroport,24,2026-04-22 18:57:00.135566,2026-04-22 19:49:00.135566,52,101.5,60.9,18,2,0,4,terminee
1259,2,Borne B2 - Parking Université,31,2026-04-22 18:59:00.135566,2026-04-22 19:34:00.135566,35,23.4,10.53,18,2,0,4,terminee
1261,2,Borne B2 - Parking Université,22,2026-04-22 19:48:00.135566,2026-04-22 21:05:00.135566,77,46.73,21.03,19,2,0,4,terminee
1262,2,Borne B2 - Parking Université,36,2026-04-22 20:17:00.135566,2026-04-22 20:38:00.135566,21,14.05,6.32,20,2,0,4,terminee
2084,3,Borne C3 - Parking Aéroport,5,2026-04-22 20:51:00.135566,2026-04-22 22:32:00.135566,101,246.98,148.19,20,2,0,4,terminee
383,1,Borne A1 - Centre Commercial,25,2026-04-23 07:37:00.135566,2026-04-23 09:02:00.135566,85,27.58,8.27,7,3,0,4,terminee
1264,2,Borne B2 - Parking Université,37,2026-04-23 08:05:00.135566,2026-04-23 09:18:00.135566,73,47.31,21.29,8,3,0,4,terminee
384,1,Borne A1 - Centre Commercial,33,2026-04-23 08:38:00.135566,2026-04-23 10:00:00.135566,82,21.59,6.48,8,3,0,4,terminee
1263,2,Borne B2 - Parking Université,16,2026-04-23 08:41:00.135566,2026-04-23 09:44:00.135566,63,39.97,17.99,8,3,0,4,terminee
386,1,Borne A1 - Centre Commercial,50,2026-04-23 09:07:00.135566,2026-04-23 10:45:00.135566,98,30.92,9.28,9,3,0,4,terminee
385,1,Borne A1 - Centre Commercial,45,2026-04-23 09:38:00.135566,2026-04-23 10:48:00.135566,70,16.42,4.93,9,3,0,4,terminee
1265,2,Borne B2 - Parking Université,29,2026-04-23 10:28:00.135566,2026-04-23 10:54:00.135566,26,20.42,9.19,10,3,0,4,terminee
1266,2,Borne B2 - Parking Université,48,2026-04-23 11:20:00.135566,2026-04-23 11:50:00.135566,30,24.81,11.16,11,3,0,4,terminee
387,1,Borne A1 - Centre Commercial,28,2026-04-23 11:35:00.135566,2026-04-23 13:22:00.135566,107,37.12,11.14,11,3,0,4,terminee
1268,2,Borne B2 - Parking Université,6,2026-04-23 12:02:00.135566,2026-04-23 13:28:00.135566,86,58.74,26.43,12,3,0,4,terminee
389,1,Borne A1 - Centre Commercial,21,2026-04-23 12:25:00.135566,2026-04-23 13:33:00.135566,68,22.24,6.67,12,3,0,4,terminee
388,1,Borne A1 - Centre Commercial,30,2026-04-23 12:28:00.135566,2026-04-23 13:12:00.135566,44,12.35,3.7,12,3,0,4,terminee
1267,2,Borne B2 - Parking Université,27,2026-04-23 12:41:00.135566,2026-04-23 12:58:00.135566,17,9.08,4.09,12,3,0,4,terminee
1270,2,Borne B2 - Parking Université,42,2026-04-23 13:19:00.135566,2026-04-23 14:39:00.135566,80,55.0,24.75,13,3,0,4,terminee
390,1,Borne A1 - Centre Commercial,24,2026-04-23 13:27:00.135566,2026-04-23 14:22:00.135566,55,17.47,5.24,13,3,0,4,terminee
1269,2,Borne B2 - Parking Université,41,2026-04-23 13:50:00.135566,2026-04-23 15:22:00.135566,92,75.54,33.99,13,3,0,4,terminee
391,1,Borne A1 - Centre Commercial,5,2026-04-23 14:09:00.135566,2026-04-23 15:51:00.135566,102,36.25,10.88,14,3,0,4,terminee
1271,2,Borne B2 - Parking Université,24,2026-04-23 15:42:00.135566,2026-04-23 16:55:00.135566,73,59.63,26.83,15,3,0,4,terminee
1273,2,Borne B2 - Parking Université,39,2026-04-23 18:21:00.135566,2026-04-23 19:47:00.135566,86,65.0,29.25,18,3,0,4,terminee
1272,2,Borne B2 - Parking Université,30,2026-04-23 18:52:00.135566,2026-04-23 19:13:00.135566,21,16.22,7.3,18,3,0,4,terminee
392,1,Borne A1 - Centre Commercial,7,2026-04-23 19:05:00.135566,2026-04-23 19:30:00.135566,25,5.84,1.75,19,3,0,4,terminee
1274,2,Borne B2 - Parking Université,46,2026-04-23 20:30:00.135566,2026-04-23 22:16:00.135566,106,76.22,34.3,20,3,0,4,terminee
393,1,Borne A1 - Centre Commercial,9,2026-04-23 20:47:00.135566,2026-04-23 22:36:00.135566,109,29.94,8.98,20,3,0,4,terminee
394,1,Borne A1 - Centre Commercial,36,2026-04-24 04:35:00.135566,2026-04-24 04:57:00.135566,22,6.73,2.02,4,4,0,4,terminee
395,1,Borne A1 - Centre Commercial,27,2026-04-24 04:35:00.135566,2026-04-24 05:32:00.135566,57,18.14,5.44,4,4,0,4,terminee
1275,2,Borne B2 - Parking Université,43,2026-04-24 07:28:00.135566,2026-04-24 07:57:00.135566,29,15.44,6.95,7,4,0,4,terminee
2085,3,Borne C3 - Parking Aéroport,12,2026-04-24 08:05:00.135566,2026-04-24 08:30:00.135566,25,47.27,28.36,8,4,0,4,terminee
1276,2,Borne B2 - Parking Université,41,2026-04-24 08:14:00.135566,2026-04-24 08:29:00.135566,15,9.21,4.14,8,4,0,4,terminee
2087,3,Borne C3 - Parking Aéroport,10,2026-04-24 09:07:00.135566,2026-04-24 10:51:00.135566,104,171.39,102.83,9,4,0,4,terminee
2086,3,Borne C3 - Parking Aéroport,18,2026-04-24 09:18:00.135566,2026-04-24 09:42:00.135566,24,38.62,23.17,9,4,0,4,terminee
396,1,Borne A1 - Centre Commercial,28,2026-04-24 11:22:00.135566,2026-04-24 13:02:00.135566,100,35.8,10.74,11,4,0,4,terminee
1277,2,Borne B2 - Parking Université,24,2026-04-24 11:51:00.135566,2026-04-24 12:43:00.135566,52,35.49,15.97,11,4,0,4,terminee
397,1,Borne A1 - Centre Commercial,19,2026-04-24 11:55:00.135566,2026-04-24 13:42:00.135566,107,24.35,7.3,11,4,0,4,terminee
2089,3,Borne C3 - Parking Aéroport,44,2026-04-24 12:01:00.135566,2026-04-24 12:53:00.135566,52,99.66,59.8,12,4,0,4,terminee
1279,2,Borne B2 - Parking Université,48,2026-04-24 12:31:00.135566,2026-04-24 13:03:00.135566,32,24.77,11.15,12,4,0,4,terminee
398,1,Borne A1 - Centre Commercial,37,2026-04-24 12:38:00.135566,2026-04-24 13:32:00.135566,54,14.67,4.4,12,4,0,4,terminee
1278,2,Borne B2 - Parking Université,11,2026-04-24 12:44:00.135566,2026-04-24 13:12:00.135566,28,14.43,6.49,12,4,0,4,terminee
2088,3,Borne C3 - Parking Aéroport,41,2026-04-24 12:55:00.135566,2026-04-24 13:36:00.135566,41,82.85,49.71,12,4,0,4,terminee
2091,3,Borne C3 - Parking Aéroport,19,2026-04-24 13:28:00.135566,2026-04-24 15:17:00.135566,109,233.77,140.26,13,4,0,4,terminee
2090,3,Borne C3 - Parking Aéroport,27,2026-04-24 13:34:00.135566,2026-04-24 14:05:00.135566,31,61.19,36.71,13,4,0,4,terminee
399,1,Borne A1 - Centre Commercial,31,2026-04-24 14:32:00.135566,2026-04-24 15:14:00.135566,42,10.19,3.06,14,4,0,4,terminee
400,1,Borne A1 - Centre Commercial,36,2026-04-24 15:14:00.135566,2026-04-24 15:42:00.135566,28,7.6,2.28,15,4,0,4,terminee
2092,3,Borne C3 - Parking Aéroport,15,2026-04-24 16:12:00.135566,2026-04-24 16:35:00.135566,23,35.01,21.01,16,4,0,4,terminee
401,1,Borne A1 - Centre Commercial,37,2026-04-24 17:23:00.135566,2026-04-24 17:52:00.135566,29,9.62,2.89,17,4,0,4,terminee
1280,2,Borne B2 - Parking Université,40,2026-04-24 17:46:00.135566,2026-04-24 18:53:00.135566,67,35.89,16.15,17,4,0,4,terminee
2093,3,Borne C3 - Parking Aéroport,27,2026-04-24 17:53:00.135566,2026-04-24 19:14:00.135566,81,173.72,104.23,17,4,0,4,terminee
1281,2,Borne B2 - Parking Université,26,2026-04-24 18:12:00.135566,2026-04-24 18:51:00.135566,39,21.07,9.48,18,4,0,4,terminee
1282,2,Borne B2 - Parking Université,13,2026-04-24 18:13:00.135566,2026-04-24 19:26:00.135566,73,56.56,25.45,18,4,0,4,terminee
402,1,Borne A1 - Centre Commercial,36,2026-04-24 18:14:00.135566,2026-04-24 20:12:00.135566,118,33.39,10.02,18,4,0,4,terminee
403,1,Borne A1 - Centre Commercial,44,2026-04-24 18:49:00.135566,2026-04-24 20:48:00.135566,119,37.03,11.11,18,4,0,4,terminee
2094,3,Borne C3 - Parking Aéroport,21,2026-04-24 20:37:00.135566,2026-04-24 21:35:00.135566,58,125.03,75.02,20,4,0,4,terminee
404,1,Borne A1 - Centre Commercial,43,2026-04-24 20:41:00.135566,2026-04-24 22:07:00.135566,86,19.25,5.77,20,4,0,4,terminee
405,1,Borne A1 - Centre Commercial,12,2026-04-24 20:53:00.135566,2026-04-24 22:36:00.135566,103,26.7,8.01,20,4,0,4,terminee
406,1,Borne A1 - Centre Commercial,22,2026-04-25 05:17:00.135566,2026-04-25 07:01:00.135566,104,34.51,10.35,5,5,1,4,terminee
2095,3,Borne C3 - Parking Aéroport,36,2026-04-25 06:42:00.135566,2026-04-25 08:26:00.135566,104,211.14,126.68,6,5,1,4,terminee
2096,3,Borne C3 - Parking Aéroport,9,2026-04-25 07:28:00.135566,2026-04-25 08:41:00.135566,73,131.7,79.02,7,5,1,4,terminee
2098,3,Borne C3 - Parking Aéroport,19,2026-04-25 08:14:00.135566,2026-04-25 09:30:00.135566,76,142.26,85.36,8,5,1,4,terminee
2097,3,Borne C3 - Parking Aéroport,17,2026-04-25 08:57:00.135566,2026-04-25 10:53:00.135566,116,209.55,125.73,8,5,1,4,terminee
407,1,Borne A1 - Centre Commercial,10,2026-04-25 09:22:00.135566,2026-04-25 09:37:00.135566,15,3.7,1.11,9,5,1,4,terminee
408,1,Borne A1 - Centre Commercial,10,2026-04-25 12:36:00.135566,2026-04-25 14:15:00.135566,99,27.6,8.28,12,5,1,4,terminee
2099,3,Borne C3 - Parking Aéroport,19,2026-04-25 12:49:00.135566,2026-04-25 13:10:00.135566,21,34.62,20.77,12,5,1,4,terminee
2100,3,Borne C3 - Parking Aéroport,11,2026-04-25 13:29:00.135566,2026-04-25 14:05:00.135566,36,76.27,45.76,13,5,1,4,terminee
2101,3,Borne C3 - Parking Aéroport,12,2026-04-25 13:45:00.135566,2026-04-25 15:08:00.135566,83,148.18,88.91,13,5,1,4,terminee
409,1,Borne A1 - Centre Commercial,6,2026-04-25 14:47:00.135566,2026-04-25 16:23:00.135566,96,34.8,10.44,14,5,1,4,terminee
2102,3,Borne C3 - Parking Aéroport,43,2026-04-25 14:53:00.135566,2026-04-25 16:38:00.135566,105,230.25,138.15,14,5,1,4,terminee
410,1,Borne A1 - Centre Commercial,27,2026-04-25 17:47:00.135566,2026-04-25 19:09:00.135566,82,20.63,6.19,17,5,1,4,terminee
411,1,Borne A1 - Centre Commercial,20,2026-04-25 18:29:00.135566,2026-04-25 19:27:00.135566,58,14.1,4.23,18,5,1,4,terminee
2103,3,Borne C3 - Parking Aéroport,8,2026-04-25 18:50:00.135566,2026-04-25 19:24:00.135566,34,56.48,33.89,18,5,1,4,terminee
2104,3,Borne C3 - Parking Aéroport,29,2026-04-25 19:02:00.135566,2026-04-25 19:57:00.135566,55,114.1,68.46,19,5,1,4,terminee
1284,2,Borne B2 - Parking Université,38,2026-04-25 19:02:00.135566,2026-04-25 20:38:00.135566,96,74.8,33.66,19,5,1,4,terminee
1283,2,Borne B2 - Parking Université,27,2026-04-25 19:45:00.135566,2026-04-25 20:43:00.135566,58,31.08,13.99,19,5,1,4,terminee
2105,3,Borne C3 - Parking Aéroport,36,2026-04-25 20:16:00.135566,2026-04-25 21:18:00.135566,62,104.44,62.66,20,5,1,4,terminee
2106,3,Borne C3 - Parking Aéroport,23,2026-04-25 21:45:00.135566,2026-04-25 22:04:00.135566,19,41.15,24.69,21,5,1,4,terminee
412,1,Borne A1 - Centre Commercial,37,2026-04-26 08:46:00.135566,2026-04-26 09:42:00.135566,56,18.7,5.61,8,6,1,4,terminee
1285,2,Borne B2 - Parking Université,30,2026-04-26 09:07:00.135566,2026-04-26 11:00:00.135566,113,90.09,40.54,9,6,1,4,terminee
1286,2,Borne B2 - Parking Université,9,2026-04-26 09:42:00.135566,2026-04-26 11:12:00.135566,90,73.69,33.16,9,6,1,4,terminee
1287,2,Borne B2 - Parking Université,4,2026-04-26 10:31:00.135566,2026-04-26 10:46:00.135566,15,10.15,4.57,10,6,1,4,terminee
413,1,Borne A1 - Centre Commercial,10,2026-04-26 10:38:00.135566,2026-04-26 11:03:00.135566,25,8.74,2.62,10,6,1,4,terminee
414,1,Borne A1 - Centre Commercial,44,2026-04-26 12:10:00.135566,2026-04-26 14:01:00.135566,111,34.48,10.34,12,6,1,4,terminee
1288,2,Borne B2 - Parking Université,31,2026-04-26 14:35:00.135566,2026-04-26 15:45:00.135566,70,54.57,24.56,14,6,1,4,terminee
1289,2,Borne B2 - Parking Université,12,2026-04-26 15:59:00.135566,2026-04-26 17:19:00.135566,80,60.83,27.37,15,6,1,4,terminee
1290,2,Borne B2 - Parking Université,9,2026-04-26 16:44:00.135566,2026-04-26 18:13:00.135566,89,49.65,22.34,16,6,1,4,terminee
415,1,Borne A1 - Centre Commercial,28,2026-04-26 17:05:00.135566,2026-04-26 17:54:00.135566,49,13.96,4.19,17,6,1,4,terminee
1291,2,Borne B2 - Parking Université,39,2026-04-26 18:06:00.135566,2026-04-26 19:10:00.135566,64,46.03,20.71,18,6,1,4,terminee
1293,2,Borne B2 - Parking Université,49,2026-04-26 18:26:00.135566,2026-04-26 19:58:00.135566,92,74.09,33.34,18,6,1,4,terminee
1292,2,Borne B2 - Parking Université,25,2026-04-26 18:56:00.135566,2026-04-26 19:52:00.135566,56,37.41,16.83,18,6,1,4,terminee
1294,2,Borne B2 - Parking Université,22,2026-04-26 19:15:00.135566,2026-04-26 20:05:00.135566,50,31.63,14.23,19,6,1,4,terminee
416,1,Borne A1 - Centre Commercial,18,2026-04-26 20:31:00.135566,2026-04-26 22:03:00.135566,92,26.2,7.86,20,6,1,4,terminee
417,1,Borne A1 - Centre Commercial,23,2026-04-27 00:13:00.135566,2026-04-27 02:04:00.135566,111,32.76,9.83,0,0,0,4,terminee
1295,2,Borne B2 - Parking Université,9,2026-04-27 00:18:00.135566,2026-04-27 01:30:00.135566,72,55.32,24.89,0,0,0,4,terminee
1296,2,Borne B2 - Parking Université,48,2026-04-27 05:26:00.135566,2026-04-27 06:58:00.135566,92,67.47,30.36,5,0,0,4,terminee
2107,3,Borne C3 - Parking Aéroport,2,2026-04-27 06:10:00.135566,2026-04-27 07:33:00.135566,83,149.53,89.72,6,0,0,4,terminee
1297,2,Borne B2 - Parking Université,36,2026-04-27 06:32:00.135566,2026-04-27 07:25:00.135566,53,41.39,18.63,6,0,0,4,terminee
1298,2,Borne B2 - Parking Université,36,2026-04-27 06:55:00.135566,2026-04-27 07:50:00.135566,55,40.55,18.25,6,0,0,4,terminee
2108,3,Borne C3 - Parking Aéroport,30,2026-04-27 08:25:00.135566,2026-04-27 09:43:00.135566,78,176.94,106.16,8,0,0,4,terminee
418,1,Borne A1 - Centre Commercial,44,2026-04-27 08:27:00.135566,2026-04-27 08:56:00.135566,29,7.58,2.27,8,0,0,4,terminee
1299,2,Borne B2 - Parking Université,40,2026-04-27 08:40:00.135566,2026-04-27 09:22:00.135566,42,23.81,10.71,8,0,0,4,terminee
2110,3,Borne C3 - Parking Aéroport,46,2026-04-27 10:34:00.135566,2026-04-27 11:53:00.135566,79,144.67,86.8,10,0,0,4,terminee
2109,3,Borne C3 - Parking Aéroport,48,2026-04-27 10:59:00.135566,2026-04-27 11:54:00.135566,55,91.08,54.65,10,0,0,4,terminee
2111,3,Borne C3 - Parking Aéroport,49,2026-04-27 11:18:00.135566,2026-04-27 12:33:00.135566,75,179.7,107.82,11,0,0,4,terminee
419,1,Borne A1 - Centre Commercial,20,2026-04-27 11:37:00.135566,2026-04-27 12:54:00.135566,77,22.89,6.87,11,0,0,4,terminee
1300,2,Borne B2 - Parking Université,44,2026-04-27 11:45:00.135566,2026-04-27 12:37:00.135566,52,37.9,17.05,11,0,0,4,terminee
420,1,Borne A1 - Centre Commercial,39,2026-04-27 12:02:00.135566,2026-04-27 12:45:00.135566,43,11.95,3.58,12,0,0,4,terminee
421,1,Borne A1 - Centre Commercial,14,2026-04-27 12:03:00.135566,2026-04-27 12:18:00.135566,15,3.75,1.12,12,0,0,4,terminee
1301,2,Borne B2 - Parking Université,12,2026-04-27 13:08:00.135566,2026-04-27 14:53:00.135566,105,75.25,33.86,13,0,0,4,terminee
2112,3,Borne C3 - Parking Aéroport,37,2026-04-27 13:36:00.135566,2026-04-27 15:16:00.135566,100,164.71,98.83,13,0,0,4,terminee
422,1,Borne A1 - Centre Commercial,19,2026-04-27 13:49:00.135566,2026-04-27 14:21:00.135566,32,10.63,3.19,13,0,0,4,terminee
423,1,Borne A1 - Centre Commercial,48,2026-04-27 14:20:00.135566,2026-04-27 14:50:00.135566,30,6.63,1.99,14,0,0,4,terminee
1302,2,Borne B2 - Parking Université,21,2026-04-27 14:32:00.135566,2026-04-27 15:56:00.135566,84,61.44,27.65,14,0,0,4,terminee
2113,3,Borne C3 - Parking Aéroport,8,2026-04-27 14:46:00.135566,2026-04-27 15:57:00.135566,71,130.55,78.33,14,0,0,4,terminee
424,1,Borne A1 - Centre Commercial,35,2026-04-27 15:27:00.135566,2026-04-27 16:04:00.135566,37,8.84,2.65,15,0,0,4,terminee
425,1,Borne A1 - Centre Commercial,43,2026-04-27 15:45:00.135566,2026-04-27 16:29:00.135566,44,12.91,3.87,15,0,0,4,terminee
1303,2,Borne B2 - Parking Université,36,2026-04-27 15:45:00.135566,2026-04-27 16:14:00.135566,29,21.85,9.83,15,0,0,4,terminee
426,1,Borne A1 - Centre Commercial,48,2026-04-27 16:51:00.135566,2026-04-27 17:51:00.135566,60,13.83,4.15,16,0,0,4,terminee
427,1,Borne A1 - Centre Commercial,5,2026-04-27 17:02:00.135566,2026-04-27 18:12:00.135566,70,15.59,4.68,17,0,0,4,terminee
1304,2,Borne B2 - Parking Université,43,2026-04-27 17:30:00.135566,2026-04-27 18:59:00.135566,89,61.43,27.64,17,0,0,4,terminee
2115,3,Borne C3 - Parking Aéroport,2,2026-04-27 17:43:00.135566,2026-04-27 19:08:00.135566,85,137.43,82.46,17,0,0,4,terminee
1305,2,Borne B2 - Parking Université,35,2026-04-27 17:45:00.135566,2026-04-27 18:53:00.135566,68,49.28,22.18,17,0,0,4,terminee
2114,3,Borne C3 - Parking Aéroport,9,2026-04-27 17:46:00.135566,2026-04-27 19:02:00.135566,76,182.41,109.45,17,0,0,4,terminee
428,1,Borne A1 - Centre Commercial,37,2026-04-27 17:55:00.135566,2026-04-27 18:50:00.135566,55,16.74,5.02,17,0,0,4,terminee
1307,2,Borne B2 - Parking Université,4,2026-04-27 18:06:00.135566,2026-04-27 18:24:00.135566,18,11.29,5.08,18,0,0,4,terminee
1306,2,Borne B2 - Parking Université,34,2026-04-27 18:18:00.135566,2026-04-27 19:27:00.135566,69,53.09,23.89,18,0,0,4,terminee
2117,3,Borne C3 - Parking Aéroport,39,2026-04-27 18:22:00.135566,2026-04-27 18:48:00.135566,26,47.49,28.49,18,0,0,4,terminee
2116,3,Borne C3 - Parking Aéroport,29,2026-04-27 18:25:00.135566,2026-04-27 19:59:00.135566,94,220.04,132.02,18,0,0,4,terminee
2118,3,Borne C3 - Parking Aéroport,15,2026-04-27 18:41:00.135566,2026-04-27 19:20:00.135566,39,81.25,48.75,18,0,0,4,terminee
430,1,Borne A1 - Centre Commercial,21,2026-04-27 19:07:00.135566,2026-04-27 20:13:00.135566,66,14.72,4.42,19,0,0,4,terminee
431,1,Borne A1 - Centre Commercial,30,2026-04-27 19:10:00.135566,2026-04-27 21:07:00.135566,117,42.0,12.6,19,0,0,4,terminee
429,1,Borne A1 - Centre Commercial,19,2026-04-27 19:25:00.135566,2026-04-27 21:10:00.135566,105,32.96,9.89,19,0,0,4,terminee
1308,2,Borne B2 - Parking Université,49,2026-04-27 19:42:00.135566,2026-04-27 20:04:00.135566,22,12.47,5.61,19,0,0,4,terminee
1309,2,Borne B2 - Parking Université,44,2026-04-27 19:50:00.135566,2026-04-27 20:25:00.135566,35,28.97,13.04,19,0,0,4,terminee
2119,3,Borne C3 - Parking Aéroport,2,2026-04-27 20:50:00.135566,2026-04-27 22:43:00.135566,113,200.91,120.55,20,0,0,4,terminee
432,1,Borne A1 - Centre Commercial,6,2026-04-27 20:53:00.135566,2026-04-27 22:36:00.135566,103,36.55,10.96,20,0,0,4,terminee
2120,3,Borne C3 - Parking Aéroport,44,2026-04-27 21:05:00.135566,2026-04-27 22:28:00.135566,83,195.0,117.0,21,0,0,4,terminee
433,1,Borne A1 - Centre Commercial,38,2026-04-27 21:27:00.135566,2026-04-27 21:55:00.135566,28,7.16,2.15,21,0,0,4,terminee
434,1,Borne A1 - Centre Commercial,20,2026-04-27 23:25:00.135566,2026-04-28 00:47:00.135566,82,18.99,5.7,23,0,0,4,terminee
435,1,Borne A1 - Centre Commercial,50,2026-04-28 00:47:00.135566,2026-04-28 01:45:00.135566,58,14.64,4.39,0,1,0,4,terminee
2121,3,Borne C3 - Parking Aéroport,32,2026-04-28 08:05:00.135566,2026-04-28 09:25:00.135566,80,151.55,90.93,8,1,0,4,terminee
436,1,Borne A1 - Centre Commercial,8,2026-04-28 08:10:00.135566,2026-04-28 08:34:00.135566,24,7.08,2.12,8,1,0,4,terminee
1310,2,Borne B2 - Parking Université,45,2026-04-28 08:16:00.135566,2026-04-28 08:49:00.135566,33,25.73,11.58,8,1,0,4,terminee
437,1,Borne A1 - Centre Commercial,50,2026-04-28 08:33:00.135566,2026-04-28 09:53:00.135566,80,19.88,5.96,8,1,0,4,terminee
2122,3,Borne C3 - Parking Aéroport,4,2026-04-28 09:20:00.135566,2026-04-28 10:52:00.135566,92,193.67,116.2,9,1,0,4,terminee
438,1,Borne A1 - Centre Commercial,42,2026-04-28 09:22:00.135566,2026-04-28 10:21:00.135566,59,19.27,5.78,9,1,0,4,terminee
2124,3,Borne C3 - Parking Aéroport,24,2026-04-28 09:45:00.135566,2026-04-28 10:54:00.135566,69,129.0,77.4,9,1,0,4,terminee
2123,3,Borne C3 - Parking Aéroport,10,2026-04-28 09:58:00.135566,2026-04-28 11:38:00.135566,100,186.11,111.67,9,1,0,4,terminee
439,1,Borne A1 - Centre Commercial,10,2026-04-28 10:52:00.135566,2026-04-28 11:25:00.135566,33,8.4,2.52,10,1,0,4,terminee
1311,2,Borne B2 - Parking Université,35,2026-04-28 11:50:00.135566,2026-04-28 12:42:00.135566,52,29.54,13.29,11,1,0,4,terminee
2125,3,Borne C3 - Parking Aéroport,20,2026-04-28 12:00:00.135566,2026-04-28 12:51:00.135566,51,94.09,56.45,12,1,0,4,terminee
1312,2,Borne B2 - Parking Université,7,2026-04-28 12:02:00.135566,2026-04-28 13:02:00.135566,60,46.28,20.83,12,1,0,4,terminee
2126,3,Borne C3 - Parking Aéroport,47,2026-04-28 12:28:00.135566,2026-04-28 13:54:00.135566,86,136.53,81.92,12,1,0,4,terminee
2127,3,Borne C3 - Parking Aéroport,27,2026-04-28 12:56:00.135566,2026-04-28 14:07:00.135566,71,159.15,95.49,12,1,0,4,terminee
1313,2,Borne B2 - Parking Université,15,2026-04-28 13:39:00.135566,2026-04-28 15:20:00.135566,101,75.4,33.93,13,1,0,4,terminee
2128,3,Borne C3 - Parking Aéroport,47,2026-04-28 13:51:00.135566,2026-04-28 15:02:00.135566,71,126.99,76.19,13,1,0,4,terminee
2129,3,Borne C3 - Parking Aéroport,27,2026-04-28 13:57:00.135566,2026-04-28 15:06:00.135566,69,153.77,92.26,13,1,0,4,terminee
1314,2,Borne B2 - Parking Université,16,2026-04-28 15:47:00.135566,2026-04-28 17:24:00.135566,97,66.65,29.99,15,1,0,4,terminee
440,1,Borne A1 - Centre Commercial,10,2026-04-28 16:16:00.135566,2026-04-28 16:56:00.135566,40,9.82,2.95,16,1,0,4,terminee
1315,2,Borne B2 - Parking Université,45,2026-04-28 16:32:00.135566,2026-04-28 18:27:00.135566,115,88.05,39.62,16,1,0,4,terminee
1316,2,Borne B2 - Parking Université,25,2026-04-28 17:18:00.135566,2026-04-28 19:01:00.135566,103,74.31,33.44,17,1,0,4,terminee
441,1,Borne A1 - Centre Commercial,12,2026-04-28 17:48:00.135566,2026-04-28 19:40:00.135566,112,35.41,10.62,17,1,0,4,terminee
2130,3,Borne C3 - Parking Aéroport,10,2026-04-28 18:08:00.135566,2026-04-28 19:38:00.135566,90,188.81,113.29,18,1,0,4,terminee
1319,2,Borne B2 - Parking Université,50,2026-04-28 18:16:00.135566,2026-04-28 18:56:00.135566,40,28.27,12.72,18,1,0,4,terminee
1318,2,Borne B2 - Parking Université,48,2026-04-28 18:20:00.135566,2026-04-28 19:45:00.135566,85,44.02,19.81,18,1,0,4,terminee
1317,2,Borne B2 - Parking Université,44,2026-04-28 18:24:00.135566,2026-04-28 19:32:00.135566,68,55.69,25.06,18,1,0,4,terminee
442,1,Borne A1 - Centre Commercial,49,2026-04-28 18:49:00.135566,2026-04-28 20:24:00.135566,95,27.78,8.33,18,1,0,4,terminee
2131,3,Borne C3 - Parking Aéroport,34,2026-04-28 19:13:00.135566,2026-04-28 20:06:00.135566,53,104.65,62.79,19,1,0,4,terminee
2132,3,Borne C3 - Parking Aéroport,38,2026-04-28 19:21:00.135566,2026-04-28 19:44:00.135566,23,55.96,33.58,19,1,0,4,terminee
443,1,Borne A1 - Centre Commercial,44,2026-04-28 20:36:00.135566,2026-04-28 22:28:00.135566,112,34.16,10.25,20,1,0,4,terminee
2134,3,Borne C3 - Parking Aéroport,36,2026-04-28 20:40:00.135566,2026-04-28 21:29:00.135566,49,93.81,56.29,20,1,0,4,terminee
2133,3,Borne C3 - Parking Aéroport,27,2026-04-28 20:48:00.135566,2026-04-28 21:51:00.135566,63,100.07,60.04,20,1,0,4,terminee
2135,3,Borne C3 - Parking Aéroport,13,2026-04-29 07:36:00.135566,2026-04-29 09:27:00.135566,111,268.05,160.83,7,2,0,4,terminee
2136,3,Borne C3 - Parking Aéroport,32,2026-04-29 08:11:00.135566,2026-04-29 09:14:00.135566,63,112.74,67.64,8,2,0,4,terminee
444,1,Borne A1 - Centre Commercial,40,2026-04-29 08:59:00.135566,2026-04-29 10:26:00.135566,87,27.34,8.2,8,2,0,4,terminee
446,1,Borne A1 - Centre Commercial,20,2026-04-29 09:04:00.135566,2026-04-29 10:19:00.135566,75,21.36,6.41,9,2,0,4,terminee
445,1,Borne A1 - Centre Commercial,29,2026-04-29 09:20:00.135566,2026-04-29 10:55:00.135566,95,25.3,7.59,9,2,0,4,terminee
2137,3,Borne C3 - Parking Aéroport,38,2026-04-29 10:02:00.135566,2026-04-29 12:02:00.135566,120,279.15,167.49,10,2,0,4,terminee
447,1,Borne A1 - Centre Commercial,23,2026-04-29 10:50:00.135566,2026-04-29 11:40:00.135566,50,15.34,4.6,10,2,0,4,terminee
1320,2,Borne B2 - Parking Université,41,2026-04-29 10:55:00.135566,2026-04-29 12:06:00.135566,71,55.14,24.81,10,2,0,4,terminee
1321,2,Borne B2 - Parking Université,49,2026-04-29 11:45:00.135566,2026-04-29 13:30:00.135566,105,75.17,33.83,11,2,0,4,terminee
1322,2,Borne B2 - Parking Université,13,2026-04-29 12:37:00.135566,2026-04-29 14:01:00.135566,84,62.68,28.21,12,2,0,4,terminee
1323,2,Borne B2 - Parking Université,19,2026-04-29 12:49:00.135566,2026-04-29 14:36:00.135566,107,87.89,39.55,12,2,0,4,terminee
449,1,Borne A1 - Centre Commercial,19,2026-04-29 13:02:00.135566,2026-04-29 13:24:00.135566,22,6.03,1.81,13,2,0,4,terminee
2138,3,Borne C3 - Parking Aéroport,30,2026-04-29 13:19:00.135566,2026-04-29 14:37:00.135566,78,160.62,96.37,13,2,0,4,terminee
448,1,Borne A1 - Centre Commercial,29,2026-04-29 13:32:00.135566,2026-04-29 13:56:00.135566,24,6.37,1.91,13,2,0,4,terminee
450,1,Borne A1 - Centre Commercial,6,2026-04-29 14:04:00.135566,2026-04-29 15:41:00.135566,97,33.64,10.09,14,2,0,4,terminee
2139,3,Borne C3 - Parking Aéroport,10,2026-04-29 14:14:00.135566,2026-04-29 14:32:00.135566,18,41.24,24.74,14,2,0,4,terminee
1324,2,Borne B2 - Parking Université,5,2026-04-29 14:28:00.135566,2026-04-29 15:05:00.135566,37,30.63,13.78,14,2,0,4,terminee
1325,2,Borne B2 - Parking Université,8,2026-04-29 15:11:00.135566,2026-04-29 15:48:00.135566,37,27.57,12.41,15,2,0,4,terminee
451,1,Borne A1 - Centre Commercial,30,2026-04-29 15:39:00.135566,2026-04-29 17:10:00.135566,91,26.79,8.04,15,2,0,4,terminee
1328,2,Borne B2 - Parking Université,10,2026-04-29 16:00:00.135566,2026-04-29 16:57:00.135566,57,37.36,16.81,16,2,0,4,terminee
1327,2,Borne B2 - Parking Université,17,2026-04-29 16:16:00.135566,2026-04-29 16:47:00.135566,31,17.16,7.72,16,2,0,4,terminee
1326,2,Borne B2 - Parking Université,36,2026-04-29 16:24:00.135566,2026-04-29 16:44:00.135566,20,12.86,5.79,16,2,0,4,terminee
2140,3,Borne C3 - Parking Aéroport,41,2026-04-29 17:16:00.135566,2026-04-29 18:09:00.135566,53,130.17,78.1,17,2,0,4,terminee
452,1,Borne A1 - Centre Commercial,48,2026-04-29 17:37:00.135566,2026-04-29 19:02:00.135566,85,30.6,9.18,17,2,0,4,terminee
1329,2,Borne B2 - Parking Université,39,2026-04-29 18:02:00.135566,2026-04-29 18:36:00.135566,34,27.52,12.38,18,2,0,4,terminee
2142,3,Borne C3 - Parking Aéroport,45,2026-04-29 19:26:00.135566,2026-04-29 20:03:00.135566,37,73.7,44.22,19,2,0,4,terminee
2141,3,Borne C3 - Parking Aéroport,19,2026-04-29 19:30:00.135566,2026-04-29 20:00:00.135566,30,64.61,38.77,19,2,0,4,terminee
1330,2,Borne B2 - Parking Université,40,2026-04-29 20:03:00.135566,2026-04-29 21:57:00.135566,114,92.43,41.59,20,2,0,4,terminee
453,1,Borne A1 - Centre Commercial,37,2026-04-29 20:57:00.135566,2026-04-29 21:17:00.135566,20,5.72,1.72,20,2,0,4,terminee
2143,3,Borne C3 - Parking Aéroport,49,2026-04-29 21:41:00.135566,2026-04-29 22:27:00.135566,46,70.31,42.19,21,2,0,4,terminee
454,1,Borne A1 - Centre Commercial,31,2026-04-30 07:41:00.135566,2026-04-30 08:20:00.135566,39,10.42,3.13,7,3,0,4,terminee
1333,2,Borne B2 - Parking Université,12,2026-04-30 08:20:00.135566,2026-04-30 09:42:00.135566,82,47.01,21.15,8,3,0,4,terminee
455,1,Borne A1 - Centre Commercial,29,2026-04-30 08:32:00.135566,2026-04-30 09:06:00.135566,34,12.26,3.68,8,3,0,4,terminee
1332,2,Borne B2 - Parking Université,46,2026-04-30 08:35:00.135566,2026-04-30 09:35:00.135566,60,31.46,14.16,8,3,0,4,terminee
1331,2,Borne B2 - Parking Université,37,2026-04-30 08:53:00.135566,2026-04-30 10:32:00.135566,99,59.44,26.75,8,3,0,4,terminee
2144,3,Borne C3 - Parking Aéroport,38,2026-04-30 09:04:00.135566,2026-04-30 10:35:00.135566,91,204.35,122.61,9,3,0,4,terminee
456,1,Borne A1 - Centre Commercial,22,2026-04-30 09:06:00.135566,2026-04-30 11:04:00.135566,118,41.52,12.46,9,3,0,4,terminee
1335,2,Borne B2 - Parking Université,6,2026-04-30 09:26:00.135566,2026-04-30 10:50:00.135566,84,57.04,25.67,9,3,0,4,terminee
2145,3,Borne C3 - Parking Aéroport,17,2026-04-30 09:30:00.135566,2026-04-30 10:57:00.135566,87,168.44,101.06,9,3,0,4,terminee
1334,2,Borne B2 - Parking Université,11,2026-04-30 09:33:00.135566,2026-04-30 09:56:00.135566,23,17.53,7.89,9,3,0,4,terminee
2146,3,Borne C3 - Parking Aéroport,45,2026-04-30 09:40:00.135566,2026-04-30 11:22:00.135566,102,201.56,120.94,9,3,0,4,terminee
1336,2,Borne B2 - Parking Université,43,2026-04-30 10:22:00.135566,2026-04-30 11:05:00.135566,43,34.16,15.37,10,3,0,4,terminee
457,1,Borne A1 - Centre Commercial,12,2026-04-30 10:45:00.135566,2026-04-30 11:10:00.135566,25,7.35,2.2,10,3,0,4,terminee
458,1,Borne A1 - Centre Commercial,29,2026-04-30 12:02:00.135566,2026-04-30 12:48:00.135566,46,14.89,4.47,12,3,0,4,terminee
1337,2,Borne B2 - Parking Université,14,2026-04-30 12:21:00.135566,2026-04-30 13:18:00.135566,57,35.36,15.91,12,3,0,4,terminee
459,1,Borne A1 - Centre Commercial,24,2026-04-30 12:33:00.135566,2026-04-30 13:54:00.135566,81,25.06,7.52,12,3,0,4,terminee
1338,2,Borne B2 - Parking Université,36,2026-04-30 12:48:00.135566,2026-04-30 14:22:00.135566,94,63.62,28.63,12,3,0,4,terminee
461,1,Borne A1 - Centre Commercial,41,2026-04-30 13:21:00.135566,2026-04-30 15:02:00.135566,101,31.08,9.32,13,3,0,4,terminee
460,1,Borne A1 - Centre Commercial,50,2026-04-30 13:23:00.135566,2026-04-30 14:14:00.135566,51,14.12,4.24,13,3,0,4,terminee
2147,3,Borne C3 - Parking Aéroport,47,2026-04-30 13:52:00.135566,2026-04-30 14:22:00.135566,30,56.2,33.72,13,3,0,4,terminee
2148,3,Borne C3 - Parking Aéroport,11,2026-04-30 14:36:00.135566,2026-04-30 14:53:00.135566,17,39.87,23.92,14,3,0,4,terminee
1339,2,Borne B2 - Parking Université,1,2026-04-30 14:52:00.135566,2026-04-30 16:43:00.135566,111,91.8,41.31,14,3,0,4,terminee
2149,3,Borne C3 - Parking Aéroport,30,2026-04-30 15:37:00.135566,2026-04-30 15:59:00.135566,22,36.22,21.73,15,3,0,4,terminee
462,1,Borne A1 - Centre Commercial,7,2026-04-30 15:41:00.135566,2026-04-30 16:38:00.135566,57,13.09,3.93,15,3,0,4,terminee
1340,2,Borne B2 - Parking Université,16,2026-04-30 16:07:00.135566,2026-04-30 17:47:00.135566,100,61.53,27.69,16,3,0,4,terminee
463,1,Borne A1 - Centre Commercial,17,2026-04-30 16:35:00.135566,2026-04-30 18:16:00.135566,101,27.95,8.38,16,3,0,4,terminee
464,1,Borne A1 - Centre Commercial,39,2026-04-30 16:46:00.135566,2026-04-30 18:25:00.135566,99,35.78,10.73,16,3,0,4,terminee
465,1,Borne A1 - Centre Commercial,38,2026-04-30 18:55:00.135566,2026-04-30 19:29:00.135566,34,9.14,2.74,18,3,0,4,terminee
2150,3,Borne C3 - Parking Aéroport,11,2026-04-30 18:56:00.135566,2026-04-30 20:39:00.135566,103,168.46,101.08,18,3,0,4,terminee
1341,2,Borne B2 - Parking Université,40,2026-04-30 18:57:00.135566,2026-04-30 20:34:00.135566,97,68.34,30.75,18,3,0,4,terminee
2151,3,Borne C3 - Parking Aéroport,41,2026-04-30 19:03:00.135566,2026-04-30 19:52:00.135566,49,91.2,54.72,19,3,0,4,terminee
466,1,Borne A1 - Centre Commercial,20,2026-04-30 19:42:00.135566,2026-04-30 20:15:00.135566,33,11.7,3.51,19,3,0,4,terminee
2152,3,Borne C3 - Parking Aéroport,19,2026-04-30 19:58:00.135566,2026-04-30 20:58:00.135566,60,92.92,55.75,19,3,0,4,terminee
1342,2,Borne B2 - Parking Université,21,2026-04-30 20:15:00.135566,2026-04-30 20:35:00.135566,20,14.55,6.55,20,3,0,4,terminee
1343,2,Borne B2 - Parking Université,25,2026-04-30 20:24:00.135566,2026-04-30 22:20:00.135566,116,94.54,42.54,20,3,0,4,terminee
2153,3,Borne C3 - Parking Aéroport,33,2026-04-30 20:33:00.135566,2026-04-30 22:09:00.135566,96,233.89,140.33,20,3,0,4,terminee
467,1,Borne A1 - Centre Commercial,9,2026-04-30 20:41:00.135566,2026-04-30 22:25:00.135566,104,32.98,9.89,20,3,0,4,terminee
2154,3,Borne C3 - Parking Aéroport,49,2026-04-30 21:12:00.135566,2026-04-30 23:05:00.135566,113,240.47,144.28,21,3,0,4,terminee
1344,2,Borne B2 - Parking Université,2,2026-04-30 21:16:00.135566,2026-04-30 22:40:00.135566,84,62.27,28.02,21,3,0,4,terminee
1345,2,Borne B2 - Parking Université,24,2026-04-30 21:58:00.135566,2026-04-30 23:19:00.135566,81,62.7,28.22,21,3,0,4,terminee
1346,2,Borne B2 - Parking Université,32,2026-04-30 23:32:00.135566,2026-05-01 01:29:00.135566,117,78.34,35.25,23,3,0,4,terminee
1347,2,Borne B2 - Parking Université,13,2026-05-01 07:02:00.135566,2026-05-01 07:54:00.135566,52,41.57,18.71,7,4,0,5,terminee
1349,2,Borne B2 - Parking Université,1,2026-05-01 08:10:00.135566,2026-05-01 10:03:00.135566,113,76.76,34.54,8,4,0,5,terminee
1348,2,Borne B2 - Parking Université,7,2026-05-01 08:20:00.135566,2026-05-01 09:40:00.135566,80,42.2,18.99,8,4,0,5,terminee
468,1,Borne A1 - Centre Commercial,20,2026-05-01 08:38:00.135566,2026-05-01 10:23:00.135566,105,37.55,11.26,8,4,0,5,terminee
1350,2,Borne B2 - Parking Université,41,2026-05-01 08:40:00.135566,2026-05-01 09:03:00.135566,23,13.12,5.9,8,4,0,5,terminee
1351,2,Borne B2 - Parking Université,28,2026-05-01 09:49:00.135566,2026-05-01 10:31:00.135566,42,33.11,14.9,9,4,0,5,terminee
1352,2,Borne B2 - Parking Université,45,2026-05-01 09:53:00.135566,2026-05-01 10:21:00.135566,28,15.92,7.16,9,4,0,5,terminee
469,1,Borne A1 - Centre Commercial,22,2026-05-01 10:35:00.135566,2026-05-01 11:38:00.135566,63,19.81,5.94,10,4,0,5,terminee
470,1,Borne A1 - Centre Commercial,48,2026-05-01 11:52:00.135566,2026-05-01 12:23:00.135566,31,9.87,2.96,11,4,0,5,terminee
471,1,Borne A1 - Centre Commercial,43,2026-05-01 12:43:00.135566,2026-05-01 14:05:00.135566,82,19.16,5.75,12,4,0,5,terminee
1353,2,Borne B2 - Parking Université,42,2026-05-01 12:56:00.135566,2026-05-01 14:45:00.135566,109,82.67,37.2,12,4,0,5,terminee
472,1,Borne A1 - Centre Commercial,24,2026-05-01 13:27:00.135566,2026-05-01 14:47:00.135566,80,21.85,6.56,13,4,0,5,terminee
473,1,Borne A1 - Centre Commercial,22,2026-05-01 14:19:00.135566,2026-05-01 14:57:00.135566,38,13.66,4.1,14,4,0,5,terminee
474,1,Borne A1 - Centre Commercial,9,2026-05-01 14:49:00.135566,2026-05-01 16:06:00.135566,77,19.11,5.73,14,4,0,5,terminee
1355,2,Borne B2 - Parking Université,3,2026-05-01 15:01:00.135566,2026-05-01 16:14:00.135566,73,53.94,24.27,15,4,0,5,terminee
1354,2,Borne B2 - Parking Université,10,2026-05-01 15:52:00.135566,2026-05-01 16:16:00.135566,24,17.98,8.09,15,4,0,5,terminee
1356,2,Borne B2 - Parking Université,17,2026-05-01 16:05:00.135566,2026-05-01 16:29:00.135566,24,12.43,5.59,16,4,0,5,terminee
475,1,Borne A1 - Centre Commercial,7,2026-05-01 16:09:00.135566,2026-05-01 16:33:00.135566,24,6.32,1.9,16,4,0,5,terminee
1357,2,Borne B2 - Parking Université,15,2026-05-01 17:35:00.135566,2026-05-01 17:59:00.135566,24,16.6,7.47,17,4,0,5,terminee
1358,2,Borne B2 - Parking Université,29,2026-05-01 17:58:00.135566,2026-05-01 18:46:00.135566,48,30.52,13.73,17,4,0,5,terminee
1359,2,Borne B2 - Parking Université,2,2026-05-01 18:40:00.135566,2026-05-01 19:46:00.135566,66,42.53,19.14,18,4,0,5,terminee
1360,2,Borne B2 - Parking Université,1,2026-05-01 19:24:00.135566,2026-05-01 21:05:00.135566,101,54.48,24.52,19,4,0,5,terminee
476,1,Borne A1 - Centre Commercial,48,2026-05-01 20:32:00.135566,2026-05-01 22:25:00.135566,113,33.81,10.14,20,4,0,5,terminee
1361,2,Borne B2 - Parking Université,49,2026-05-01 20:41:00.135566,2026-05-01 22:28:00.135566,107,75.55,34.0,20,4,0,5,terminee
1362,2,Borne B2 - Parking Université,5,2026-05-01 20:47:00.135566,2026-05-01 22:16:00.135566,89,45.85,20.63,20,4,0,5,terminee
1363,2,Borne B2 - Parking Université,44,2026-05-01 22:22:00.135566,2026-05-01 23:41:00.135566,79,42.29,19.03,22,4,0,5,terminee
1364,2,Borne B2 - Parking Université,49,2026-05-02 08:19:00.135566,2026-05-02 09:51:00.135566,92,48.65,21.89,8,5,1,5,terminee
2155,3,Borne C3 - Parking Aéroport,44,2026-05-02 09:34:00.135566,2026-05-02 10:30:00.135566,56,132.86,79.72,9,5,1,5,terminee
1365,2,Borne B2 - Parking Université,43,2026-05-02 11:59:00.135566,2026-05-02 13:10:00.135566,71,44.53,20.04,11,5,1,5,terminee
1366,2,Borne B2 - Parking Université,15,2026-05-02 12:01:00.135566,2026-05-02 13:16:00.135566,75,41.41,18.63,12,5,1,5,terminee
2156,3,Borne C3 - Parking Aéroport,45,2026-05-02 12:51:00.135566,2026-05-02 13:44:00.135566,53,93.89,56.33,12,5,1,5,terminee
477,1,Borne A1 - Centre Commercial,22,2026-05-02 12:56:00.135566,2026-05-02 14:18:00.135566,82,18.49,5.55,12,5,1,5,terminee
478,1,Borne A1 - Centre Commercial,39,2026-05-02 12:56:00.135566,2026-05-02 14:49:00.135566,113,35.1,10.53,12,5,1,5,terminee
1367,2,Borne B2 - Parking Université,35,2026-05-02 13:08:00.135566,2026-05-02 14:58:00.135566,110,69.34,31.2,13,5,1,5,terminee
1368,2,Borne B2 - Parking Université,44,2026-05-02 13:18:00.135566,2026-05-02 14:54:00.135566,96,52.61,23.67,13,5,1,5,terminee
479,1,Borne A1 - Centre Commercial,45,2026-05-02 13:24:00.135566,2026-05-02 13:58:00.135566,34,8.29,2.49,13,5,1,5,terminee
2157,3,Borne C3 - Parking Aéroport,38,2026-05-02 13:44:00.135566,2026-05-02 14:45:00.135566,61,97.35,58.41,13,5,1,5,terminee
2158,3,Borne C3 - Parking Aéroport,9,2026-05-02 14:22:00.135566,2026-05-02 16:22:00.135566,120,197.25,118.35,14,5,1,5,terminee
2159,3,Borne C3 - Parking Aéroport,32,2026-05-02 14:33:00.135566,2026-05-02 15:24:00.135566,51,95.52,57.31,14,5,1,5,terminee
1369,2,Borne B2 - Parking Université,42,2026-05-02 15:56:00.135566,2026-05-02 17:52:00.135566,116,91.53,41.19,15,5,1,5,terminee
480,1,Borne A1 - Centre Commercial,11,2026-05-02 16:49:00.135566,2026-05-02 18:23:00.135566,94,31.83,9.55,16,5,1,5,terminee
481,1,Borne A1 - Centre Commercial,24,2026-05-02 17:46:00.135566,2026-05-02 18:57:00.135566,71,16.07,4.82,17,5,1,5,terminee
1370,2,Borne B2 - Parking Université,36,2026-05-02 18:23:00.135566,2026-05-02 18:39:00.135566,16,10.95,4.93,18,5,1,5,terminee
482,1,Borne A1 - Centre Commercial,29,2026-05-02 18:43:00.135566,2026-05-02 20:30:00.135566,107,27.27,8.18,18,5,1,5,terminee
1371,2,Borne B2 - Parking Université,37,2026-05-02 19:09:00.135566,2026-05-02 19:39:00.135566,30,15.42,6.94,19,5,1,5,terminee
2160,3,Borne C3 - Parking Aéroport,11,2026-05-02 19:26:00.135566,2026-05-02 20:24:00.135566,58,140.41,84.25,19,5,1,5,terminee
1372,2,Borne B2 - Parking Université,6,2026-05-02 19:38:00.135566,2026-05-02 20:43:00.135566,65,44.14,19.86,19,5,1,5,terminee
2161,3,Borne C3 - Parking Aéroport,15,2026-05-02 20:06:00.135566,2026-05-02 20:48:00.135566,42,69.49,41.69,20,5,1,5,terminee
483,1,Borne A1 - Centre Commercial,29,2026-05-02 20:39:00.135566,2026-05-02 21:30:00.135566,51,16.85,5.06,20,5,1,5,terminee
1373,2,Borne B2 - Parking Université,47,2026-05-02 22:19:00.135566,2026-05-02 23:00:00.135566,41,30.73,13.83,22,5,1,5,terminee
484,1,Borne A1 - Centre Commercial,31,2026-05-03 03:14:00.135566,2026-05-03 04:37:00.135566,83,21.17,6.35,3,6,1,5,terminee
485,1,Borne A1 - Centre Commercial,37,2026-05-03 09:57:00.135566,2026-05-03 10:36:00.135566,39,10.68,3.2,9,6,1,5,terminee
1374,2,Borne B2 - Parking Université,42,2026-05-03 10:22:00.135566,2026-05-03 11:04:00.135566,42,26.78,12.05,10,6,1,5,terminee
486,1,Borne A1 - Centre Commercial,50,2026-05-03 10:28:00.135566,2026-05-03 11:42:00.135566,74,24.63,7.39,10,6,1,5,terminee
2162,3,Borne C3 - Parking Aéroport,34,2026-05-03 10:50:00.135566,2026-05-03 12:16:00.135566,86,181.75,109.05,10,6,1,5,terminee
2163,3,Borne C3 - Parking Aéroport,45,2026-05-03 10:54:00.135566,2026-05-03 12:17:00.135566,83,183.64,110.18,10,6,1,5,terminee
487,1,Borne A1 - Centre Commercial,11,2026-05-03 11:24:00.135566,2026-05-03 12:43:00.135566,79,23.49,7.05,11,6,1,5,terminee
2164,3,Borne C3 - Parking Aéroport,30,2026-05-03 12:48:00.135566,2026-05-03 14:45:00.135566,117,188.83,113.3,12,6,1,5,terminee
2165,3,Borne C3 - Parking Aéroport,9,2026-05-03 12:58:00.135566,2026-05-03 13:22:00.135566,24,38.8,23.28,12,6,1,5,terminee
1375,2,Borne B2 - Parking Université,12,2026-05-03 13:54:00.135566,2026-05-03 15:14:00.135566,80,43.8,19.71,13,6,1,5,terminee
2166,3,Borne C3 - Parking Aéroport,20,2026-05-03 14:59:00.135566,2026-05-03 15:16:00.135566,17,33.65,20.19,14,6,1,5,terminee
488,1,Borne A1 - Centre Commercial,9,2026-05-03 16:52:00.135566,2026-05-03 17:32:00.135566,40,13.5,4.05,16,6,1,5,terminee
1376,2,Borne B2 - Parking Université,13,2026-05-03 19:14:00.135566,2026-05-03 20:47:00.135566,93,72.38,32.57,19,6,1,5,terminee
2167,3,Borne C3 - Parking Aéroport,29,2026-05-03 19:44:00.135566,2026-05-03 20:45:00.135566,61,99.98,59.99,19,6,1,5,terminee
2168,3,Borne C3 - Parking Aéroport,22,2026-05-03 19:56:00.135566,2026-05-03 21:27:00.135566,91,184.1,110.46,19,6,1,5,terminee
1377,2,Borne B2 - Parking Université,37,2026-05-03 20:07:00.135566,2026-05-03 20:45:00.135566,38,27.5,12.38,20,6,1,5,terminee
489,1,Borne A1 - Centre Commercial,31,2026-05-03 22:55:00.135566,2026-05-03 23:42:00.135566,47,10.7,3.21,22,6,1,5,terminee
490,1,Borne A1 - Centre Commercial,7,2026-05-03 23:55:00.135566,2026-05-04 00:57:00.135566,62,18.68,5.6,23,6,1,5,terminee
1378,2,Borne B2 - Parking Université,36,2026-05-04 04:54:00.135566,2026-05-04 05:15:00.135566,21,16.46,7.41,4,0,0,5,terminee
491,1,Borne A1 - Centre Commercial,19,2026-05-04 06:45:00.135566,2026-05-04 08:06:00.135566,81,27.93,8.38,6,0,0,5,terminee
492,1,Borne A1 - Centre Commercial,29,2026-05-04 07:05:00.135566,2026-05-04 08:57:00.135566,112,27.27,8.18,7,0,0,5,terminee
493,1,Borne A1 - Centre Commercial,28,2026-05-04 11:57:00.135566,2026-05-04 13:17:00.135566,80,19.33,5.8,11,0,0,5,terminee
494,1,Borne A1 - Centre Commercial,23,2026-05-04 12:05:00.135566,2026-05-04 12:48:00.135566,43,14.61,4.38,12,0,0,5,terminee
1379,2,Borne B2 - Parking Université,19,2026-05-04 12:29:00.135566,2026-05-04 14:06:00.135566,97,66.27,29.82,12,0,0,5,terminee
496,1,Borne A1 - Centre Commercial,6,2026-05-04 12:32:00.135566,2026-05-04 13:34:00.135566,62,15.78,4.73,12,0,0,5,terminee
1380,2,Borne B2 - Parking Université,13,2026-05-04 12:42:00.135566,2026-05-04 13:05:00.135566,23,13.42,6.04,12,0,0,5,terminee
1381,2,Borne B2 - Parking Université,22,2026-05-04 12:46:00.135566,2026-05-04 14:15:00.135566,89,58.95,26.53,12,0,0,5,terminee
495,1,Borne A1 - Centre Commercial,26,2026-05-04 12:59:00.135566,2026-05-04 13:17:00.135566,18,5.06,1.52,12,0,0,5,terminee
499,1,Borne A1 - Centre Commercial,31,2026-05-04 13:08:00.135566,2026-05-04 13:27:00.135566,19,4.98,1.49,13,0,0,5,terminee
497,1,Borne A1 - Centre Commercial,7,2026-05-04 13:23:00.135566,2026-05-04 14:06:00.135566,43,9.64,2.89,13,0,0,5,terminee
498,1,Borne A1 - Centre Commercial,10,2026-05-04 13:53:00.135566,2026-05-04 15:39:00.135566,106,33.42,10.03,13,0,0,5,terminee
500,1,Borne A1 - Centre Commercial,31,2026-05-04 14:44:00.135566,2026-05-04 15:16:00.135566,32,10.6,3.18,14,0,0,5,terminee
1383,2,Borne B2 - Parking Université,13,2026-05-04 15:06:00.135566,2026-05-04 15:57:00.135566,51,36.03,16.21,15,0,0,5,terminee
1382,2,Borne B2 - Parking Université,16,2026-05-04 15:22:00.135566,2026-05-04 15:53:00.135566,31,22.44,10.1,15,0,0,5,terminee
1384,2,Borne B2 - Parking Université,40,2026-05-04 17:20:00.135566,2026-05-04 18:37:00.135566,77,50.07,22.53,17,0,0,5,terminee
501,1,Borne A1 - Centre Commercial,6,2026-05-04 18:28:00.135566,2026-05-04 20:01:00.135566,93,20.53,6.16,18,0,0,5,terminee
1385,2,Borne B2 - Parking Université,10,2026-05-04 18:42:00.135566,2026-05-04 19:36:00.135566,54,39.48,17.77,18,0,0,5,terminee
1386,2,Borne B2 - Parking Université,21,2026-05-04 19:36:00.135566,2026-05-04 21:03:00.135566,87,54.07,24.33,19,0,0,5,terminee
502,1,Borne A1 - Centre Commercial,10,2026-05-04 21:01:00.135566,2026-05-04 21:48:00.135566,47,11.83,3.55,21,0,0,5,terminee
1387,2,Borne B2 - Parking Université,16,2026-05-04 21:27:00.135566,2026-05-04 22:03:00.135566,36,18.06,8.13,21,0,0,5,terminee
503,1,Borne A1 - Centre Commercial,28,2026-05-04 22:35:00.135566,2026-05-05 00:23:00.135566,108,33.4,10.02,22,0,0,5,terminee
2169,3,Borne C3 - Parking Aéroport,9,2026-05-05 06:47:00.135566,2026-05-05 08:46:00.135566,119,192.61,115.57,6,1,0,5,terminee
1389,2,Borne B2 - Parking Université,9,2026-05-05 07:27:00.135566,2026-05-05 08:17:00.135566,50,39.0,17.55,7,1,0,5,terminee
1388,2,Borne B2 - Parking Université,42,2026-05-05 07:50:00.135566,2026-05-05 08:33:00.135566,43,31.71,14.27,7,1,0,5,terminee
2170,3,Borne C3 - Parking Aéroport,15,2026-05-05 07:54:00.135566,2026-05-05 09:37:00.135566,103,169.16,101.5,7,1,0,5,terminee
1390,2,Borne B2 - Parking Université,31,2026-05-05 08:43:00.135566,2026-05-05 10:31:00.135566,108,65.94,29.67,8,1,0,5,terminee
504,1,Borne A1 - Centre Commercial,20,2026-05-05 09:07:00.135566,2026-05-05 11:01:00.135566,114,29.9,8.97,9,1,0,5,terminee
2171,3,Borne C3 - Parking Aéroport,6,2026-05-05 09:19:00.135566,2026-05-05 09:50:00.135566,31,53.01,31.81,9,1,0,5,terminee
1391,2,Borne B2 - Parking Université,20,2026-05-05 09:29:00.135566,2026-05-05 10:41:00.135566,72,44.61,20.07,9,1,0,5,terminee
1392,2,Borne B2 - Parking Université,42,2026-05-05 10:31:00.135566,2026-05-05 11:56:00.135566,85,45.58,20.51,10,1,0,5,terminee
1393,2,Borne B2 - Parking Université,9,2026-05-05 10:38:00.135566,2026-05-05 11:03:00.135566,25,19.51,8.78,10,1,0,5,terminee
505,1,Borne A1 - Centre Commercial,41,2026-05-05 11:07:00.135566,2026-05-05 11:28:00.135566,21,5.35,1.6,11,1,0,5,terminee
2172,3,Borne C3 - Parking Aéroport,8,2026-05-05 11:27:00.135566,2026-05-05 13:10:00.135566,103,233.09,139.85,11,1,0,5,terminee
2173,3,Borne C3 - Parking Aéroport,49,2026-05-05 12:04:00.135566,2026-05-05 12:21:00.135566,17,38.67,23.2,12,1,0,5,terminee
2174,3,Borne C3 - Parking Aéroport,3,2026-05-05 12:27:00.135566,2026-05-05 12:47:00.135566,20,33.93,20.36,12,1,0,5,terminee
506,1,Borne A1 - Centre Commercial,8,2026-05-05 12:50:00.135566,2026-05-05 14:24:00.135566,94,26.98,8.09,12,1,0,5,terminee
507,1,Borne A1 - Centre Commercial,2,2026-05-05 12:53:00.135566,2026-05-05 14:11:00.135566,78,23.99,7.2,12,1,0,5,terminee
1395,2,Borne B2 - Parking Université,5,2026-05-05 12:56:00.135566,2026-05-05 14:31:00.135566,95,49.92,22.46,12,1,0,5,terminee
1394,2,Borne B2 - Parking Université,47,2026-05-05 12:57:00.135566,2026-05-05 14:20:00.135566,83,46.93,21.12,12,1,0,5,terminee
1396,2,Borne B2 - Parking Université,41,2026-05-05 13:57:00.135566,2026-05-05 14:14:00.135566,17,13.31,5.99,13,1,0,5,terminee
2176,3,Borne C3 - Parking Aéroport,3,2026-05-05 15:30:00.135566,2026-05-05 16:00:00.135566,30,72.26,43.36,15,1,0,5,terminee
2175,3,Borne C3 - Parking Aéroport,4,2026-05-05 15:50:00.135566,2026-05-05 17:29:00.135566,99,199.33,119.6,15,1,0,5,terminee
1397,2,Borne B2 - Parking Université,26,2026-05-05 17:01:00.135566,2026-05-05 19:00:00.135566,119,82.58,37.16,17,1,0,5,terminee
2177,3,Borne C3 - Parking Aéroport,49,2026-05-05 17:04:00.135566,2026-05-05 17:57:00.135566,53,114.88,68.93,17,1,0,5,terminee
508,1,Borne A1 - Centre Commercial,46,2026-05-05 17:40:00.135566,2026-05-05 19:00:00.135566,80,24.35,7.3,17,1,0,5,terminee
2178,3,Borne C3 - Parking Aéroport,39,2026-05-05 18:06:00.135566,2026-05-05 20:01:00.135566,115,186.74,112.04,18,1,0,5,terminee
509,1,Borne A1 - Centre Commercial,40,2026-05-05 18:09:00.135566,2026-05-05 19:01:00.135566,52,14.71,4.41,18,1,0,5,terminee
510,1,Borne A1 - Centre Commercial,12,2026-05-05 18:22:00.135566,2026-05-05 19:07:00.135566,45,13.67,4.1,18,1,0,5,terminee
511,1,Borne A1 - Centre Commercial,24,2026-05-05 18:42:00.135566,2026-05-05 20:22:00.135566,100,23.26,6.98,18,1,0,5,terminee
1398,2,Borne B2 - Parking Université,3,2026-05-05 18:49:00.135566,2026-05-05 20:19:00.135566,90,51.38,23.12,18,1,0,5,terminee
512,1,Borne A1 - Centre Commercial,33,2026-05-05 20:04:00.135566,2026-05-05 21:26:00.135566,82,24.58,7.37,20,1,0,5,terminee
2179,3,Borne C3 - Parking Aéroport,12,2026-05-05 20:13:00.135566,2026-05-05 21:43:00.135566,90,216.11,129.67,20,1,0,5,terminee
2180,3,Borne C3 - Parking Aéroport,10,2026-05-05 20:42:00.135566,2026-05-05 21:41:00.135566,59,90.23,54.14,20,1,0,5,terminee
2181,3,Borne C3 - Parking Aéroport,11,2026-05-06 07:17:00.135566,2026-05-06 08:46:00.135566,89,164.46,98.68,7,2,0,5,terminee
2182,3,Borne C3 - Parking Aéroport,40,2026-05-06 08:54:00.135566,2026-05-06 10:13:00.135566,79,180.18,108.11,8,2,0,5,terminee
1399,2,Borne B2 - Parking Université,35,2026-05-06 09:35:00.135566,2026-05-06 10:23:00.135566,48,32.7,14.72,9,2,0,5,terminee
513,1,Borne A1 - Centre Commercial,31,2026-05-06 12:35:00.135566,2026-05-06 12:52:00.135566,17,4.71,1.41,12,2,0,5,terminee
514,1,Borne A1 - Centre Commercial,24,2026-05-06 13:02:00.135566,2026-05-06 14:38:00.135566,96,26.57,7.97,13,2,0,5,terminee
2183,3,Borne C3 - Parking Aéroport,7,2026-05-06 14:15:00.135566,2026-05-06 15:34:00.135566,79,163.55,98.13,14,2,0,5,terminee
1400,2,Borne B2 - Parking Université,24,2026-05-06 14:30:00.135566,2026-05-06 16:08:00.135566,98,74.32,33.44,14,2,0,5,terminee
1401,2,Borne B2 - Parking Université,38,2026-05-06 15:25:00.135566,2026-05-06 16:08:00.135566,43,34.28,15.43,15,2,0,5,terminee
517,1,Borne A1 - Centre Commercial,49,2026-05-06 16:06:00.135566,2026-05-06 17:59:00.135566,113,34.5,10.35,16,2,0,5,terminee
515,1,Borne A1 - Centre Commercial,5,2026-05-06 16:16:00.135566,2026-05-06 18:06:00.135566,110,24.46,7.34,16,2,0,5,terminee
516,1,Borne A1 - Centre Commercial,41,2026-05-06 16:22:00.135566,2026-05-06 17:07:00.135566,45,14.74,4.42,16,2,0,5,terminee
1402,2,Borne B2 - Parking Université,33,2026-05-06 17:46:00.135566,2026-05-06 18:38:00.135566,52,28.32,12.74,17,2,0,5,terminee
1404,2,Borne B2 - Parking Université,40,2026-05-06 18:00:00.135566,2026-05-06 19:39:00.135566,99,57.38,25.82,18,2,0,5,terminee
518,1,Borne A1 - Centre Commercial,35,2026-05-06 18:21:00.135566,2026-05-06 18:53:00.135566,32,7.25,2.17,18,2,0,5,terminee
1403,2,Borne B2 - Parking Université,33,2026-05-06 18:32:00.135566,2026-05-06 18:58:00.135566,26,16.44,7.4,18,2,0,5,terminee
519,1,Borne A1 - Centre Commercial,50,2026-05-06 19:21:00.135566,2026-05-06 21:20:00.135566,119,37.4,11.22,19,2,0,5,terminee
1405,2,Borne B2 - Parking Université,9,2026-05-06 19:43:00.135566,2026-05-06 20:19:00.135566,36,27.09,12.19,19,2,0,5,terminee
1406,2,Borne B2 - Parking Université,37,2026-05-06 20:28:00.135566,2026-05-06 21:03:00.135566,35,19.59,8.82,20,2,0,5,terminee
2184,3,Borne C3 - Parking Aéroport,34,2026-05-06 20:52:00.135566,2026-05-06 22:21:00.135566,89,201.43,120.86,20,2,0,5,terminee
1407,2,Borne B2 - Parking Université,31,2026-05-06 21:42:00.135566,2026-05-06 22:15:00.135566,33,24.6,11.07,21,2,0,5,terminee
520,1,Borne A1 - Centre Commercial,31,2026-05-07 06:43:00.135566,2026-05-07 07:57:00.135566,74,26.93,8.08,6,3,0,5,terminee
2185,3,Borne C3 - Parking Aéroport,49,2026-05-07 08:12:00.135566,2026-05-07 09:03:00.135566,51,85.26,51.16,8,3,0,5,terminee
521,1,Borne A1 - Centre Commercial,5,2026-05-07 08:40:00.135566,2026-05-07 09:18:00.135566,38,12.88,3.86,8,3,0,5,terminee
1408,2,Borne B2 - Parking Université,32,2026-05-07 09:22:00.135566,2026-05-07 09:42:00.135566,20,11.46,5.16,9,3,0,5,terminee
2186,3,Borne C3 - Parking Aéroport,7,2026-05-07 09:34:00.135566,2026-05-07 09:49:00.135566,15,37.1,22.26,9,3,0,5,terminee
1409,2,Borne B2 - Parking Université,15,2026-05-07 10:14:00.135566,2026-05-07 10:37:00.135566,23,13.53,6.09,10,3,0,5,terminee
522,1,Borne A1 - Centre Commercial,3,2026-05-07 10:45:00.135566,2026-05-07 12:39:00.135566,114,40.86,12.26,10,3,0,5,terminee
523,1,Borne A1 - Centre Commercial,13,2026-05-07 11:18:00.135566,2026-05-07 11:58:00.135566,40,9.06,2.72,11,3,0,5,terminee
2187,3,Borne C3 - Parking Aéroport,46,2026-05-07 11:59:00.135566,2026-05-07 12:41:00.135566,42,101.66,61.0,11,3,0,5,terminee
1410,2,Borne B2 - Parking Université,24,2026-05-07 12:02:00.135566,2026-05-07 13:42:00.135566,100,56.89,25.6,12,3,0,5,terminee
2189,3,Borne C3 - Parking Aéroport,12,2026-05-07 12:28:00.135566,2026-05-07 14:09:00.135566,101,248.23,148.94,12,3,0,5,terminee
2188,3,Borne C3 - Parking Aéroport,12,2026-05-07 12:30:00.135566,2026-05-07 13:31:00.135566,61,134.09,80.45,12,3,0,5,terminee
525,1,Borne A1 - Centre Commercial,35,2026-05-07 12:32:00.135566,2026-05-07 13:37:00.135566,65,23.73,7.12,12,3,0,5,terminee
524,1,Borne A1 - Centre Commercial,20,2026-05-07 12:56:00.135566,2026-05-07 13:16:00.135566,20,5.33,1.6,12,3,0,5,terminee
1412,2,Borne B2 - Parking Université,46,2026-05-07 13:02:00.135566,2026-05-07 14:40:00.135566,98,59.59,26.82,13,3,0,5,terminee
527,1,Borne A1 - Centre Commercial,50,2026-05-07 13:12:00.135566,2026-05-07 14:03:00.135566,51,13.89,4.17,13,3,0,5,terminee
1411,2,Borne B2 - Parking Université,3,2026-05-07 13:24:00.135566,2026-05-07 14:39:00.135566,75,60.45,27.2,13,3,0,5,terminee
526,1,Borne A1 - Centre Commercial,42,2026-05-07 13:30:00.135566,2026-05-07 14:17:00.135566,47,10.59,3.18,13,3,0,5,terminee
528,1,Borne A1 - Centre Commercial,8,2026-05-07 14:03:00.135566,2026-05-07 15:41:00.135566,98,26.33,7.9,14,3,0,5,terminee
1413,2,Borne B2 - Parking Université,48,2026-05-07 14:33:00.135566,2026-05-07 16:09:00.135566,96,74.55,33.55,14,3,0,5,terminee
529,1,Borne A1 - Centre Commercial,26,2026-05-07 15:51:00.135566,2026-05-07 16:53:00.135566,62,17.61,5.28,15,3,0,5,terminee
530,1,Borne A1 - Centre Commercial,25,2026-05-07 16:47:00.135566,2026-05-07 17:58:00.135566,71,24.94,7.48,16,3,0,5,terminee
2190,3,Borne C3 - Parking Aéroport,28,2026-05-07 17:53:00.135566,2026-05-07 18:53:00.135566,60,148.88,89.33,17,3,0,5,terminee
2191,3,Borne C3 - Parking Aéroport,8,2026-05-07 18:13:00.135566,2026-05-07 19:33:00.135566,80,138.2,82.92,18,3,0,5,terminee
531,1,Borne A1 - Centre Commercial,32,2026-05-07 18:21:00.135566,2026-05-07 18:59:00.135566,38,11.13,3.34,18,3,0,5,terminee
1414,2,Borne B2 - Parking Université,12,2026-05-07 19:16:00.135566,2026-05-07 20:45:00.135566,89,60.65,27.29,19,3,0,5,terminee
1415,2,Borne B2 - Parking Université,38,2026-05-07 19:24:00.135566,2026-05-07 21:02:00.135566,98,61.36,27.61,19,3,0,5,terminee
2193,3,Borne C3 - Parking Aéroport,24,2026-05-07 19:33:00.135566,2026-05-07 20:05:00.135566,32,63.87,38.32,19,3,0,5,terminee
2192,3,Borne C3 - Parking Aéroport,8,2026-05-07 19:48:00.135566,2026-05-07 20:43:00.135566,55,89.3,53.58,19,3,0,5,terminee
532,1,Borne A1 - Centre Commercial,6,2026-05-07 21:23:00.135566,2026-05-07 23:20:00.135566,117,34.65,10.39,21,3,0,5,terminee
2194,3,Borne C3 - Parking Aéroport,3,2026-05-07 21:45:00.135566,2026-05-07 22:36:00.135566,51,104.91,62.95,21,3,0,5,terminee
533,1,Borne A1 - Centre Commercial,39,2026-05-07 21:46:00.135566,2026-05-07 22:55:00.135566,69,15.98,4.79,21,3,0,5,terminee
2195,3,Borne C3 - Parking Aéroport,25,2026-05-07 22:05:00.135566,2026-05-07 23:01:00.135566,56,111.65,66.99,22,3,0,5,terminee
1416,2,Borne B2 - Parking Université,25,2026-05-07 23:41:00.135566,2026-05-08 00:05:00.135566,24,16.13,7.26,23,3,0,5,terminee
2196,3,Borne C3 - Parking Aéroport,29,2026-05-08 08:38:00.135566,2026-05-08 10:27:00.135566,109,197.51,118.51,8,4,0,5,terminee
2197,3,Borne C3 - Parking Aéroport,28,2026-05-08 09:14:00.135566,2026-05-08 10:39:00.135566,85,162.12,97.27,9,4,0,5,terminee
1418,2,Borne B2 - Parking Université,31,2026-05-08 09:52:00.135566,2026-05-08 10:51:00.135566,59,39.07,17.58,9,4,0,5,terminee
1419,2,Borne B2 - Parking Université,9,2026-05-08 09:56:00.135566,2026-05-08 11:28:00.135566,92,46.2,20.79,9,4,0,5,terminee
1417,2,Borne B2 - Parking Université,23,2026-05-08 09:58:00.135566,2026-05-08 10:41:00.135566,43,28.9,13.0,9,4,0,5,terminee
2198,3,Borne C3 - Parking Aéroport,31,2026-05-08 10:12:00.135566,2026-05-08 10:35:00.135566,23,55.08,33.05,10,4,0,5,terminee
1420,2,Borne B2 - Parking Université,33,2026-05-08 10:28:00.135566,2026-05-08 11:04:00.135566,36,20.76,9.34,10,4,0,5,terminee
534,1,Borne A1 - Centre Commercial,21,2026-05-08 10:52:00.135566,2026-05-08 11:30:00.135566,38,11.4,3.42,10,4,0,5,terminee
535,1,Borne A1 - Centre Commercial,19,2026-05-08 11:06:00.135566,2026-05-08 11:31:00.135566,25,6.7,2.01,11,4,0,5,terminee
2199,3,Borne C3 - Parking Aéroport,44,2026-05-08 11:43:00.135566,2026-05-08 12:45:00.135566,62,104.12,62.47,11,4,0,5,terminee
1421,2,Borne B2 - Parking Université,12,2026-05-08 13:41:00.135566,2026-05-08 14:31:00.135566,50,28.53,12.84,13,4,0,5,terminee
2200,3,Borne C3 - Parking Aéroport,29,2026-05-08 14:31:00.135566,2026-05-08 16:12:00.135566,101,162.12,97.27,14,4,0,5,terminee
2201,3,Borne C3 - Parking Aéroport,8,2026-05-08 14:33:00.135566,2026-05-08 16:12:00.135566,99,215.48,129.29,14,4,0,5,terminee
1422,2,Borne B2 - Parking Université,8,2026-05-08 15:10:00.135566,2026-05-08 16:11:00.135566,61,42.74,19.23,15,4,0,5,terminee
536,1,Borne A1 - Centre Commercial,28,2026-05-08 15:19:00.135566,2026-05-08 16:31:00.135566,72,22.2,6.66,15,4,0,5,terminee
2202,3,Borne C3 - Parking Aéroport,38,2026-05-08 16:09:00.135566,2026-05-08 17:14:00.135566,65,123.54,74.12,16,4,0,5,terminee
537,1,Borne A1 - Centre Commercial,29,2026-05-08 16:10:00.135566,2026-05-08 17:53:00.135566,103,29.37,8.81,16,4,0,5,terminee
2203,3,Borne C3 - Parking Aéroport,11,2026-05-08 17:06:00.135566,2026-05-08 18:55:00.135566,109,264.36,158.62,17,4,0,5,terminee
538,1,Borne A1 - Centre Commercial,23,2026-05-08 18:02:00.135566,2026-05-08 19:50:00.135566,108,37.54,11.26,18,4,0,5,terminee
2204,3,Borne C3 - Parking Aéroport,22,2026-05-08 18:04:00.135566,2026-05-08 19:05:00.135566,61,150.99,90.59,18,4,0,5,terminee
539,1,Borne A1 - Centre Commercial,4,2026-05-08 18:39:00.135566,2026-05-08 19:49:00.135566,70,18.22,5.47,18,4,0,5,terminee
540,1,Borne A1 - Centre Commercial,24,2026-05-08 19:04:00.135566,2026-05-08 20:44:00.135566,100,31.35,9.4,19,4,0,5,terminee
541,1,Borne A1 - Centre Commercial,11,2026-05-08 19:32:00.135566,2026-05-08 21:29:00.135566,117,38.61,11.58,19,4,0,5,terminee
542,1,Borne A1 - Centre Commercial,44,2026-05-08 20:01:00.135566,2026-05-08 20:34:00.135566,33,11.37,3.41,20,4,0,5,terminee
2206,3,Borne C3 - Parking Aéroport,47,2026-05-08 20:07:00.135566,2026-05-08 20:51:00.135566,44,102.88,61.73,20,4,0,5,terminee
2205,3,Borne C3 - Parking Aéroport,26,2026-05-08 20:12:00.135566,2026-05-08 21:43:00.135566,91,213.31,127.99,20,4,0,5,terminee
543,1,Borne A1 - Centre Commercial,5,2026-05-08 20:50:00.135566,2026-05-08 22:01:00.135566,71,15.98,4.79,20,4,0,5,terminee
1423,2,Borne B2 - Parking Université,22,2026-05-08 21:42:00.135566,2026-05-08 22:26:00.135566,44,28.08,12.64,21,4,0,5,terminee
544,1,Borne A1 - Centre Commercial,24,2026-05-08 23:15:00.135566,2026-05-09 01:09:00.135566,114,35.87,10.76,23,4,0,5,terminee
2207,3,Borne C3 - Parking Aéroport,50,2026-05-08 23:31:00.135566,2026-05-09 00:21:00.135566,50,113.24,67.94,23,4,0,5,terminee
2208,3,Borne C3 - Parking Aéroport,42,2026-05-09 00:17:00.135566,2026-05-09 02:08:00.135566,111,254.13,152.48,0,5,1,5,terminee
545,1,Borne A1 - Centre Commercial,10,2026-05-09 08:24:00.135566,2026-05-09 09:51:00.135566,87,19.55,5.87,8,5,1,5,terminee
1424,2,Borne B2 - Parking Université,31,2026-05-09 08:46:00.135566,2026-05-09 09:15:00.135566,29,19.15,8.62,8,5,1,5,terminee
1425,2,Borne B2 - Parking Université,42,2026-05-09 09:30:00.135566,2026-05-09 10:11:00.135566,41,28.57,12.86,9,5,1,5,terminee
546,1,Borne A1 - Centre Commercial,24,2026-05-09 10:43:00.135566,2026-05-09 11:55:00.135566,72,25.86,7.76,10,5,1,5,terminee
2209,3,Borne C3 - Parking Aéroport,39,2026-05-09 11:25:00.135566,2026-05-09 12:25:00.135566,60,118.55,71.13,11,5,1,5,terminee
547,1,Borne A1 - Centre Commercial,9,2026-05-09 11:28:00.135566,2026-05-09 13:20:00.135566,112,25.9,7.77,11,5,1,5,terminee
548,1,Borne A1 - Centre Commercial,42,2026-05-09 11:33:00.135566,2026-05-09 12:34:00.135566,61,16.98,5.09,11,5,1,5,terminee
549,1,Borne A1 - Centre Commercial,2,2026-05-09 12:17:00.135566,2026-05-09 13:03:00.135566,46,16.6,4.98,12,5,1,5,terminee
2210,3,Borne C3 - Parking Aéroport,10,2026-05-09 12:25:00.135566,2026-05-09 13:42:00.135566,77,154.88,92.93,12,5,1,5,terminee
550,1,Borne A1 - Centre Commercial,25,2026-05-09 13:47:00.135566,2026-05-09 14:25:00.135566,38,11.14,3.34,13,5,1,5,terminee
551,1,Borne A1 - Centre Commercial,50,2026-05-09 13:58:00.135566,2026-05-09 15:24:00.135566,86,20.41,6.12,13,5,1,5,terminee
552,1,Borne A1 - Centre Commercial,40,2026-05-09 14:16:00.135566,2026-05-09 16:01:00.135566,105,29.97,8.99,14,5,1,5,terminee
2211,3,Borne C3 - Parking Aéroport,17,2026-05-09 14:49:00.135566,2026-05-09 16:02:00.135566,73,117.39,70.43,14,5,1,5,terminee
554,1,Borne A1 - Centre Commercial,5,2026-05-09 16:12:00.135566,2026-05-09 16:42:00.135566,30,7.2,2.16,16,5,1,5,terminee
553,1,Borne A1 - Centre Commercial,32,2026-05-09 16:18:00.135566,2026-05-09 18:01:00.135566,103,36.5,10.95,16,5,1,5,terminee
1426,2,Borne B2 - Parking Université,3,2026-05-09 18:53:00.135566,2026-05-09 20:00:00.135566,67,34.0,15.3,18,5,1,5,terminee
2213,3,Borne C3 - Parking Aéroport,5,2026-05-09 19:01:00.135566,2026-05-09 19:28:00.135566,27,60.42,36.25,19,5,1,5,terminee
556,1,Borne A1 - Centre Commercial,21,2026-05-09 19:05:00.135566,2026-05-09 21:03:00.135566,118,37.76,11.33,19,5,1,5,terminee
555,1,Borne A1 - Centre Commercial,29,2026-05-09 19:28:00.135566,2026-05-09 20:05:00.135566,37,13.02,3.91,19,5,1,5,terminee
2212,3,Borne C3 - Parking Aéroport,9,2026-05-09 19:31:00.135566,2026-05-09 20:49:00.135566,78,135.0,81.0,19,5,1,5,terminee
557,1,Borne A1 - Centre Commercial,36,2026-05-09 21:42:00.135566,2026-05-09 22:41:00.135566,59,19.12,5.74,21,5,1,5,terminee
1427,2,Borne B2 - Parking Université,9,2026-05-09 22:08:00.135566,2026-05-09 23:36:00.135566,88,61.38,27.62,22,5,1,5,terminee
1428,2,Borne B2 - Parking Université,37,2026-05-09 23:40:00.135566,2026-05-10 01:00:00.135566,80,41.05,18.47,23,5,1,5,terminee
2214,3,Borne C3 - Parking Aéroport,44,2026-05-10 07:01:00.135566,2026-05-10 07:38:00.135566,37,69.66,41.8,7,6,1,5,terminee
1429,2,Borne B2 - Parking Université,12,2026-05-10 07:09:00.135566,2026-05-10 07:31:00.135566,22,12.22,5.5,7,6,1,5,terminee
2215,3,Borne C3 - Parking Aéroport,40,2026-05-10 08:20:00.135566,2026-05-10 08:54:00.135566,34,61.29,36.77,8,6,1,5,terminee
1430,2,Borne B2 - Parking Université,37,2026-05-10 09:33:00.135566,2026-05-10 10:39:00.135566,66,46.19,20.79,9,6,1,5,terminee
1431,2,Borne B2 - Parking Université,47,2026-05-10 10:40:00.135566,2026-05-10 10:57:00.135566,17,13.48,6.07,10,6,1,5,terminee
558,1,Borne A1 - Centre Commercial,11,2026-05-10 11:34:00.135566,2026-05-10 12:26:00.135566,52,18.24,5.47,11,6,1,5,terminee
559,1,Borne A1 - Centre Commercial,41,2026-05-10 11:45:00.135566,2026-05-10 13:30:00.135566,105,37.38,11.21,11,6,1,5,terminee
1432,2,Borne B2 - Parking Université,6,2026-05-10 12:42:00.135566,2026-05-10 14:42:00.135566,120,71.34,32.1,12,6,1,5,terminee
560,1,Borne A1 - Centre Commercial,15,2026-05-10 13:11:00.135566,2026-05-10 15:07:00.135566,116,31.67,9.5,13,6,1,5,terminee
561,1,Borne A1 - Centre Commercial,16,2026-05-10 15:07:00.135566,2026-05-10 15:47:00.135566,40,13.45,4.03,15,6,1,5,terminee
2216,3,Borne C3 - Parking Aéroport,49,2026-05-10 16:06:00.135566,2026-05-10 17:58:00.135566,112,176.57,105.94,16,6,1,5,terminee
1433,2,Borne B2 - Parking Université,31,2026-05-10 16:13:00.135566,2026-05-10 17:25:00.135566,72,50.56,22.75,16,6,1,5,terminee
2217,3,Borne C3 - Parking Aéroport,30,2026-05-10 17:33:00.135566,2026-05-10 19:26:00.135566,113,225.12,135.07,17,6,1,5,terminee
2218,3,Borne C3 - Parking Aéroport,32,2026-05-10 18:12:00.135566,2026-05-10 19:04:00.135566,52,112.43,67.46,18,6,1,5,terminee
562,1,Borne A1 - Centre Commercial,36,2026-05-10 18:50:00.135566,2026-05-10 20:08:00.135566,78,17.46,5.24,18,6,1,5,terminee
2219,3,Borne C3 - Parking Aéroport,35,2026-05-10 19:32:00.135566,2026-05-10 20:20:00.135566,48,98.04,58.82,19,6,1,5,terminee
2220,3,Borne C3 - Parking Aéroport,3,2026-05-10 19:34:00.135566,2026-05-10 19:51:00.135566,17,41.69,25.01,19,6,1,5,terminee
1434,2,Borne B2 - Parking Université,27,2026-05-10 19:55:00.135566,2026-05-10 21:11:00.135566,76,42.32,19.04,19,6,1,5,terminee
2221,3,Borne C3 - Parking Aéroport,21,2026-05-10 20:27:00.135566,2026-05-10 20:57:00.135566,30,56.51,33.91,20,6,1,5,terminee
563,1,Borne A1 - Centre Commercial,36,2026-05-10 20:36:00.135566,2026-05-10 21:38:00.135566,62,17.89,5.37,20,6,1,5,terminee
1435,2,Borne B2 - Parking Université,50,2026-05-10 22:38:00.135566,2026-05-10 23:11:00.135566,33,25.24,11.36,22,6,1,5,terminee
564,1,Borne A1 - Centre Commercial,5,2026-05-10 23:08:00.135566,2026-05-11 00:41:00.135566,93,32.52,9.76,23,6,1,5,terminee
565,1,Borne A1 - Centre Commercial,47,2026-05-11 04:19:00.135566,2026-05-11 05:24:00.135566,65,23.83,7.15,4,0,0,5,terminee
1436,2,Borne B2 - Parking Université,17,2026-05-11 06:11:00.135566,2026-05-11 07:45:00.135566,94,67.67,30.45,6,0,0,5,terminee
1437,2,Borne B2 - Parking Université,30,2026-05-11 07:10:00.135566,2026-05-11 08:57:00.135566,107,77.95,35.08,7,0,0,5,terminee
2222,3,Borne C3 - Parking Aéroport,12,2026-05-11 07:28:00.135566,2026-05-11 08:41:00.135566,73,112.13,67.28,7,0,0,5,terminee
566,1,Borne A1 - Centre Commercial,27,2026-05-11 07:30:00.135566,2026-05-11 08:52:00.135566,82,22.98,6.89,7,0,0,5,terminee
1438,2,Borne B2 - Parking Université,25,2026-05-11 08:38:00.135566,2026-05-11 10:08:00.135566,90,47.07,21.18,8,0,0,5,terminee
567,1,Borne A1 - Centre Commercial,21,2026-05-11 10:52:00.135566,2026-05-11 12:20:00.135566,88,20.31,6.09,10,0,0,5,terminee
1439,2,Borne B2 - Parking Université,13,2026-05-11 11:24:00.135566,2026-05-11 11:55:00.135566,31,16.62,7.48,11,0,0,5,terminee
2223,3,Borne C3 - Parking Aéroport,20,2026-05-11 11:35:00.135566,2026-05-11 13:14:00.135566,99,233.68,140.21,11,0,0,5,terminee
568,1,Borne A1 - Centre Commercial,44,2026-05-11 11:41:00.135566,2026-05-11 12:05:00.135566,24,6.86,2.06,11,0,0,5,terminee
569,1,Borne A1 - Centre Commercial,50,2026-05-11 12:33:00.135566,2026-05-11 13:32:00.135566,59,14.09,4.23,12,0,0,5,terminee
1440,2,Borne B2 - Parking Université,10,2026-05-11 12:33:00.135566,2026-05-11 13:52:00.135566,79,57.52,25.88,12,0,0,5,terminee
2224,3,Borne C3 - Parking Aéroport,28,2026-05-11 12:56:00.135566,2026-05-11 14:41:00.135566,105,174.74,104.84,12,0,0,5,terminee
570,1,Borne A1 - Centre Commercial,50,2026-05-11 13:35:00.135566,2026-05-11 15:11:00.135566,96,29.4,8.82,13,0,0,5,terminee
1441,2,Borne B2 - Parking Université,40,2026-05-11 13:38:00.135566,2026-05-11 14:05:00.135566,27,15.1,6.79,13,0,0,5,terminee
571,1,Borne A1 - Centre Commercial,4,2026-05-11 14:08:00.135566,2026-05-11 15:18:00.135566,70,20.56,6.17,14,0,0,5,terminee
1442,2,Borne B2 - Parking Université,35,2026-05-11 14:38:00.135566,2026-05-11 14:57:00.135566,19,15.06,6.78,14,0,0,5,terminee
2225,3,Borne C3 - Parking Aéroport,32,2026-05-11 15:08:00.135566,2026-05-11 16:02:00.135566,54,119.65,71.79,15,0,0,5,terminee
2226,3,Borne C3 - Parking Aéroport,32,2026-05-11 15:48:00.135566,2026-05-11 16:17:00.135566,29,60.0,36.0,15,0,0,5,terminee
572,1,Borne A1 - Centre Commercial,20,2026-05-11 15:53:00.135566,2026-05-11 16:23:00.135566,30,8.88,2.66,15,0,0,5,terminee
573,1,Borne A1 - Centre Commercial,46,2026-05-11 17:10:00.135566,2026-05-11 17:45:00.135566,35,9.36,2.81,17,0,0,5,terminee
1443,2,Borne B2 - Parking Université,31,2026-05-11 17:32:00.135566,2026-05-11 19:23:00.135566,111,59.85,26.93,17,0,0,5,terminee
2227,3,Borne C3 - Parking Aéroport,37,2026-05-11 17:42:00.135566,2026-05-11 19:07:00.135566,85,185.76,111.46,17,0,0,5,terminee
574,1,Borne A1 - Centre Commercial,34,2026-05-11 18:14:00.135566,2026-05-11 19:13:00.135566,59,21.18,6.35,18,0,0,5,terminee
576,1,Borne A1 - Centre Commercial,18,2026-05-11 19:12:00.135566,2026-05-11 20:48:00.135566,96,34.59,10.38,19,0,0,5,terminee
2228,3,Borne C3 - Parking Aéroport,11,2026-05-11 19:30:00.135566,2026-05-11 20:45:00.135566,75,154.67,92.8,19,0,0,5,terminee
1444,2,Borne B2 - Parking Université,35,2026-05-11 19:42:00.135566,2026-05-11 20:13:00.135566,31,24.82,11.17,19,0,0,5,terminee
1446,2,Borne B2 - Parking Université,27,2026-05-11 19:43:00.135566,2026-05-11 21:21:00.135566,98,63.1,28.39,19,0,0,5,terminee
1445,2,Borne B2 - Parking Université,50,2026-05-11 19:52:00.135566,2026-05-11 20:07:00.135566,15,11.98,5.39,19,0,0,5,terminee
575,1,Borne A1 - Centre Commercial,17,2026-05-11 19:57:00.135566,2026-05-11 20:48:00.135566,51,17.55,5.26,19,0,0,5,terminee
2229,3,Borne C3 - Parking Aéroport,32,2026-05-11 20:32:00.135566,2026-05-11 20:54:00.135566,22,41.61,24.97,20,0,0,5,terminee
1447,2,Borne B2 - Parking Université,28,2026-05-11 21:23:00.135566,2026-05-11 21:43:00.135566,20,14.65,6.59,21,0,0,5,terminee
2230,3,Borne C3 - Parking Aéroport,23,2026-05-11 22:37:00.135566,2026-05-11 23:40:00.135566,63,133.37,80.02,22,0,0,5,terminee
1448,2,Borne B2 - Parking Université,50,2026-05-12 05:14:00.135566,2026-05-12 07:11:00.135566,117,77.3,34.78,5,1,0,5,terminee
2231,3,Borne C3 - Parking Aéroport,38,2026-05-12 06:18:00.135566,2026-05-12 07:14:00.135566,56,87.44,52.46,6,1,0,5,terminee
1449,2,Borne B2 - Parking Université,48,2026-05-12 07:24:00.135566,2026-05-12 08:23:00.135566,59,41.08,18.49,7,1,0,5,terminee
2232,3,Borne C3 - Parking Aéroport,23,2026-05-12 08:02:00.135566,2026-05-12 08:33:00.135566,31,72.44,43.46,8,1,0,5,terminee
578,1,Borne A1 - Centre Commercial,38,2026-05-12 08:05:00.135566,2026-05-12 09:24:00.135566,79,24.81,7.44,8,1,0,5,terminee
577,1,Borne A1 - Centre Commercial,35,2026-05-12 08:08:00.135566,2026-05-12 09:43:00.135566,95,25.12,7.54,8,1,0,5,terminee
579,1,Borne A1 - Centre Commercial,40,2026-05-12 08:37:00.135566,2026-05-12 09:11:00.135566,34,8.33,2.5,8,1,0,5,terminee
580,1,Borne A1 - Centre Commercial,37,2026-05-12 09:46:00.135566,2026-05-12 11:18:00.135566,92,24.8,7.44,9,1,0,5,terminee
2233,3,Borne C3 - Parking Aéroport,49,2026-05-12 09:51:00.135566,2026-05-12 11:40:00.135566,109,227.15,136.29,9,1,0,5,terminee
2234,3,Borne C3 - Parking Aéroport,7,2026-05-12 09:57:00.135566,2026-05-12 11:32:00.135566,95,174.92,104.95,9,1,0,5,terminee
1450,2,Borne B2 - Parking Université,37,2026-05-12 09:58:00.135566,2026-05-12 11:50:00.135566,112,87.26,39.27,9,1,0,5,terminee
581,1,Borne A1 - Centre Commercial,6,2026-05-12 10:02:00.135566,2026-05-12 12:02:00.135566,120,41.6,12.48,10,1,0,5,terminee
1451,2,Borne B2 - Parking Université,31,2026-05-12 10:06:00.135566,2026-05-12 11:15:00.135566,69,37.58,16.91,10,1,0,5,terminee
2235,3,Borne C3 - Parking Aéroport,27,2026-05-12 10:27:00.135566,2026-05-12 11:26:00.135566,59,147.02,88.21,10,1,0,5,terminee
1453,2,Borne B2 - Parking Université,27,2026-05-12 11:18:00.135566,2026-05-12 12:49:00.135566,91,72.1,32.45,11,1,0,5,terminee
1452,2,Borne B2 - Parking Université,6,2026-05-12 11:49:00.135566,2026-05-12 12:33:00.135566,44,35.35,15.91,11,1,0,5,terminee
582,1,Borne A1 - Centre Commercial,17,2026-05-12 12:02:00.135566,2026-05-12 13:39:00.135566,97,32.31,9.69,12,1,0,5,terminee
1454,2,Borne B2 - Parking Université,48,2026-05-12 12:16:00.135566,2026-05-12 12:55:00.135566,39,19.57,8.81,12,1,0,5,terminee
2236,3,Borne C3 - Parking Aéroport,16,2026-05-12 12:22:00.135566,2026-05-12 12:44:00.135566,22,47.55,28.53,12,1,0,5,terminee
2237,3,Borne C3 - Parking Aéroport,6,2026-05-12 13:15:00.135566,2026-05-12 14:52:00.135566,97,175.77,105.46,13,1,0,5,terminee
583,1,Borne A1 - Centre Commercial,27,2026-05-12 13:41:00.135566,2026-05-12 14:22:00.135566,41,13.63,4.09,13,1,0,5,terminee
1455,2,Borne B2 - Parking Université,8,2026-05-12 13:50:00.135566,2026-05-12 14:05:00.135566,15,10.39,4.68,13,1,0,5,terminee
2238,3,Borne C3 - Parking Aéroport,20,2026-05-12 13:58:00.135566,2026-05-12 15:41:00.135566,103,161.25,96.75,13,1,0,5,terminee
2239,3,Borne C3 - Parking Aéroport,35,2026-05-12 14:07:00.135566,2026-05-12 15:05:00.135566,58,96.85,58.11,14,1,0,5,terminee
2240,3,Borne C3 - Parking Aéroport,28,2026-05-12 14:20:00.135566,2026-05-12 14:39:00.135566,19,37.26,22.36,14,1,0,5,terminee
584,1,Borne A1 - Centre Commercial,41,2026-05-12 14:39:00.135566,2026-05-12 16:15:00.135566,96,21.55,6.46,14,1,0,5,terminee
1456,2,Borne B2 - Parking Université,14,2026-05-12 15:33:00.135566,2026-05-12 15:48:00.135566,15,9.38,4.22,15,1,0,5,terminee
2241,3,Borne C3 - Parking Aéroport,18,2026-05-12 15:36:00.135566,2026-05-12 16:56:00.135566,80,192.11,115.27,15,1,0,5,terminee
2242,3,Borne C3 - Parking Aéroport,2,2026-05-12 16:01:00.135566,2026-05-12 17:45:00.135566,104,204.85,122.91,16,1,0,5,terminee
2243,3,Borne C3 - Parking Aéroport,21,2026-05-12 16:20:00.135566,2026-05-12 17:23:00.135566,63,130.43,78.26,16,1,0,5,terminee
1457,2,Borne B2 - Parking Université,24,2026-05-12 17:44:00.135566,2026-05-12 19:41:00.135566,117,70.82,31.87,17,1,0,5,terminee
2244,3,Borne C3 - Parking Aéroport,7,2026-05-12 18:36:00.135566,2026-05-12 19:03:00.135566,27,62.32,37.39,18,1,0,5,terminee
1458,2,Borne B2 - Parking Université,38,2026-05-12 19:06:00.135566,2026-05-12 19:40:00.135566,34,21.83,9.82,19,1,0,5,terminee
585,1,Borne A1 - Centre Commercial,20,2026-05-12 19:34:00.135566,2026-05-12 20:26:00.135566,52,16.34,4.9,19,1,0,5,terminee
1459,2,Borne B2 - Parking Université,28,2026-05-12 20:16:00.135566,2026-05-12 21:04:00.135566,48,37.68,16.96,20,1,0,5,terminee
586,1,Borne A1 - Centre Commercial,44,2026-05-12 20:30:00.135566,2026-05-12 21:16:00.135566,46,15.55,4.67,20,1,0,5,terminee
1460,2,Borne B2 - Parking Université,44,2026-05-12 20:36:00.135566,2026-05-12 21:37:00.135566,61,42.94,19.32,20,1,0,5,terminee
587,1,Borne A1 - Centre Commercial,45,2026-05-12 21:25:00.135566,2026-05-12 22:18:00.135566,53,15.19,4.56,21,1,0,5,terminee
588,1,Borne A1 - Centre Commercial,31,2026-05-13 07:03:00.135566,2026-05-13 07:38:00.135566,35,9.96,2.99,7,2,0,5,terminee
1461,2,Borne B2 - Parking Université,36,2026-05-13 07:25:00.135566,2026-05-13 09:16:00.135566,111,63.04,28.37,7,2,0,5,terminee
2245,3,Borne C3 - Parking Aéroport,49,2026-05-13 09:13:00.135566,2026-05-13 10:11:00.135566,58,115.81,69.49,9,2,0,5,terminee
590,1,Borne A1 - Centre Commercial,23,2026-05-13 09:20:00.135566,2026-05-13 11:06:00.135566,106,28.28,8.48,9,2,0,5,terminee
589,1,Borne A1 - Centre Commercial,10,2026-05-13 09:29:00.135566,2026-05-13 10:10:00.135566,41,11.07,3.32,9,2,0,5,terminee
1463,2,Borne B2 - Parking Université,20,2026-05-13 09:35:00.135566,2026-05-13 11:01:00.135566,86,56.87,25.59,9,2,0,5,terminee
1464,2,Borne B2 - Parking Université,26,2026-05-13 09:36:00.135566,2026-05-13 10:35:00.135566,59,44.73,20.13,9,2,0,5,terminee
2246,3,Borne C3 - Parking Aéroport,20,2026-05-13 09:42:00.135566,2026-05-13 10:40:00.135566,58,96.66,58.0,9,2,0,5,terminee
1462,2,Borne B2 - Parking Université,24,2026-05-13 09:50:00.135566,2026-05-13 11:16:00.135566,86,56.83,25.57,9,2,0,5,terminee
2247,3,Borne C3 - Parking Aéroport,41,2026-05-13 10:23:00.135566,2026-05-13 11:33:00.135566,70,119.12,71.47,10,2,0,5,terminee
591,1,Borne A1 - Centre Commercial,33,2026-05-13 10:25:00.135566,2026-05-13 10:56:00.135566,31,10.28,3.08,10,2,0,5,terminee
592,1,Borne A1 - Centre Commercial,30,2026-05-13 11:35:00.135566,2026-05-13 12:03:00.135566,28,7.47,2.24,11,2,0,5,terminee
593,1,Borne A1 - Centre Commercial,10,2026-05-13 12:07:00.135566,2026-05-13 12:56:00.135566,49,14.01,4.2,12,2,0,5,terminee
1465,2,Borne B2 - Parking Université,43,2026-05-13 12:47:00.135566,2026-05-13 13:19:00.135566,32,25.12,11.3,12,2,0,5,terminee
2248,3,Borne C3 - Parking Aéroport,35,2026-05-13 12:54:00.135566,2026-05-13 14:49:00.135566,115,181.16,108.7,12,2,0,5,terminee
2249,3,Borne C3 - Parking Aéroport,20,2026-05-13 13:13:00.135566,2026-05-13 14:04:00.135566,51,90.02,54.01,13,2,0,5,terminee
2250,3,Borne C3 - Parking Aéroport,40,2026-05-13 13:36:00.135566,2026-05-13 14:42:00.135566,66,152.1,91.26,13,2,0,5,terminee
1466,2,Borne B2 - Parking Université,45,2026-05-13 14:07:00.135566,2026-05-13 15:57:00.135566,110,63.42,28.54,14,2,0,5,terminee
1467,2,Borne B2 - Parking Université,26,2026-05-13 15:10:00.135566,2026-05-13 15:37:00.135566,27,15.43,6.94,15,2,0,5,terminee
2251,3,Borne C3 - Parking Aéroport,38,2026-05-13 16:47:00.135566,2026-05-13 17:13:00.135566,26,57.66,34.6,16,2,0,5,terminee
594,1,Borne A1 - Centre Commercial,25,2026-05-13 17:06:00.135566,2026-05-13 17:27:00.135566,21,5.51,1.65,17,2,0,5,terminee
2252,3,Borne C3 - Parking Aéroport,5,2026-05-13 17:06:00.135566,2026-05-13 18:36:00.135566,90,165.32,99.19,17,2,0,5,terminee
1469,2,Borne B2 - Parking Université,11,2026-05-13 17:44:00.135566,2026-05-13 19:26:00.135566,102,75.03,33.76,17,2,0,5,terminee
1468,2,Borne B2 - Parking Université,40,2026-05-13 17:50:00.135566,2026-05-13 18:48:00.135566,58,44.48,20.02,17,2,0,5,terminee
2254,3,Borne C3 - Parking Aéroport,42,2026-05-13 18:13:00.135566,2026-05-13 19:12:00.135566,59,135.44,81.26,18,2,0,5,terminee
1470,2,Borne B2 - Parking Université,6,2026-05-13 18:24:00.135566,2026-05-13 20:00:00.135566,96,48.17,21.68,18,2,0,5,terminee
1472,2,Borne B2 - Parking Université,15,2026-05-13 18:27:00.135566,2026-05-13 18:53:00.135566,26,13.56,6.1,18,2,0,5,terminee
2253,3,Borne C3 - Parking Aéroport,28,2026-05-13 18:36:00.135566,2026-05-13 20:33:00.135566,117,237.63,142.58,18,2,0,5,terminee
1471,2,Borne B2 - Parking Université,39,2026-05-13 18:52:00.135566,2026-05-13 19:25:00.135566,33,21.69,9.76,18,2,0,5,terminee
2255,3,Borne C3 - Parking Aéroport,20,2026-05-13 18:52:00.135566,2026-05-13 19:45:00.135566,53,106.25,63.75,18,2,0,5,terminee
1473,2,Borne B2 - Parking Université,47,2026-05-13 19:23:00.135566,2026-05-13 19:48:00.135566,25,17.58,7.91,19,2,0,5,terminee
1474,2,Borne B2 - Parking Université,34,2026-05-13 19:24:00.135566,2026-05-13 20:30:00.135566,66,46.51,20.93,19,2,0,5,terminee
2256,3,Borne C3 - Parking Aéroport,13,2026-05-13 19:27:00.135566,2026-05-13 21:06:00.135566,99,201.95,121.17,19,2,0,5,terminee
595,1,Borne A1 - Centre Commercial,11,2026-05-13 19:55:00.135566,2026-05-13 21:28:00.135566,93,26.16,7.85,19,2,0,5,terminee
2257,3,Borne C3 - Parking Aéroport,33,2026-05-13 20:26:00.135566,2026-05-13 21:32:00.135566,66,115.58,69.35,20,2,0,5,terminee
2258,3,Borne C3 - Parking Aéroport,12,2026-05-13 20:29:00.135566,2026-05-13 22:09:00.135566,100,226.34,135.8,20,2,0,5,terminee
596,1,Borne A1 - Centre Commercial,47,2026-05-13 20:52:00.135566,2026-05-13 21:48:00.135566,56,19.99,6.0,20,2,0,5,terminee
2259,3,Borne C3 - Parking Aéroport,34,2026-05-13 22:56:00.135566,2026-05-13 23:13:00.135566,17,36.17,21.7,22,2,0,5,terminee
597,1,Borne A1 - Centre Commercial,32,2026-05-14 07:20:00.135566,2026-05-14 07:59:00.135566,39,12.95,3.88,7,3,0,5,terminee
598,1,Borne A1 - Centre Commercial,20,2026-05-14 07:32:00.135566,2026-05-14 08:46:00.135566,74,21.69,6.51,7,3,0,5,terminee
1475,2,Borne B2 - Parking Université,4,2026-05-14 08:18:00.135566,2026-05-14 10:04:00.135566,106,87.04,39.17,8,3,0,5,terminee
599,1,Borne A1 - Centre Commercial,26,2026-05-14 08:31:00.135566,2026-05-14 08:48:00.135566,17,3.96,1.19,8,3,0,5,terminee
2260,3,Borne C3 - Parking Aéroport,48,2026-05-14 08:36:00.135566,2026-05-14 09:54:00.135566,78,133.61,80.17,8,3,0,5,terminee
1477,2,Borne B2 - Parking Université,43,2026-05-14 09:28:00.135566,2026-05-14 09:44:00.135566,16,9.08,4.09,9,3,0,5,terminee
2261,3,Borne C3 - Parking Aéroport,35,2026-05-14 09:29:00.135566,2026-05-14 10:18:00.135566,49,119.42,71.65,9,3,0,5,terminee
1476,2,Borne B2 - Parking Université,32,2026-05-14 09:49:00.135566,2026-05-14 11:48:00.135566,119,66.45,29.9,9,3,0,5,terminee
2262,3,Borne C3 - Parking Aéroport,28,2026-05-14 09:51:00.135566,2026-05-14 11:24:00.135566,93,218.81,131.29,9,3,0,5,terminee
600,1,Borne A1 - Centre Commercial,14,2026-05-14 11:32:00.135566,2026-05-14 12:45:00.135566,73,26.41,7.92,11,3,0,5,terminee
601,1,Borne A1 - Centre Commercial,19,2026-05-14 11:37:00.135566,2026-05-14 12:37:00.135566,60,13.63,4.09,11,3,0,5,terminee
2263,3,Borne C3 - Parking Aéroport,4,2026-05-14 11:59:00.135566,2026-05-14 13:26:00.135566,87,193.72,116.23,11,3,0,5,terminee
1478,2,Borne B2 - Parking Université,13,2026-05-14 11:59:00.135566,2026-05-14 13:56:00.135566,117,78.71,35.42,11,3,0,5,terminee
1479,2,Borne B2 - Parking Université,34,2026-05-14 12:02:00.135566,2026-05-14 13:57:00.135566,115,80.48,36.22,12,3,0,5,terminee
602,1,Borne A1 - Centre Commercial,42,2026-05-14 12:31:00.135566,2026-05-14 14:02:00.135566,91,31.8,9.54,12,3,0,5,terminee
2265,3,Borne C3 - Parking Aéroport,49,2026-05-14 13:15:00.135566,2026-05-14 13:49:00.135566,34,76.38,45.83,13,3,0,5,terminee
2266,3,Borne C3 - Parking Aéroport,5,2026-05-14 13:19:00.135566,2026-05-14 14:29:00.135566,70,133.72,80.23,13,3,0,5,terminee
2264,3,Borne C3 - Parking Aéroport,10,2026-05-14 13:33:00.135566,2026-05-14 14:13:00.135566,40,74.57,44.74,13,3,0,5,terminee
603,1,Borne A1 - Centre Commercial,1,2026-05-14 13:43:00.135566,2026-05-14 14:58:00.135566,75,19.64,5.89,13,3,0,5,terminee
1480,2,Borne B2 - Parking Université,44,2026-05-14 13:44:00.135566,2026-05-14 14:28:00.135566,44,31.02,13.96,13,3,0,5,terminee
1481,2,Borne B2 - Parking Université,1,2026-05-14 14:02:00.135566,2026-05-14 15:03:00.135566,61,35.36,15.91,14,3,0,5,terminee
605,1,Borne A1 - Centre Commercial,24,2026-05-14 14:46:00.135566,2026-05-14 15:47:00.135566,61,20.25,6.08,14,3,0,5,terminee
604,1,Borne A1 - Centre Commercial,17,2026-05-14 14:54:00.135566,2026-05-14 15:22:00.135566,28,7.93,2.38,14,3,0,5,terminee
1482,2,Borne B2 - Parking Université,50,2026-05-14 17:10:00.135566,2026-05-14 17:36:00.135566,26,21.64,9.74,17,3,0,5,terminee
1483,2,Borne B2 - Parking Université,26,2026-05-14 17:25:00.135566,2026-05-14 18:25:00.135566,60,43.39,19.53,17,3,0,5,terminee
2267,3,Borne C3 - Parking Aéroport,18,2026-05-14 17:40:00.135566,2026-05-14 18:21:00.135566,41,96.18,57.71,17,3,0,5,terminee
2268,3,Borne C3 - Parking Aéroport,17,2026-05-14 18:52:00.135566,2026-05-14 19:43:00.135566,51,109.45,65.67,18,3,0,5,terminee
606,1,Borne A1 - Centre Commercial,36,2026-05-14 19:02:00.135566,2026-05-14 20:08:00.135566,66,15.02,4.51,19,3,0,5,terminee
607,1,Borne A1 - Centre Commercial,5,2026-05-14 19:12:00.135566,2026-05-14 20:13:00.135566,61,18.37,5.51,19,3,0,5,terminee
1484,2,Borne B2 - Parking Université,48,2026-05-14 19:37:00.135566,2026-05-14 20:17:00.135566,40,26.9,12.11,19,3,0,5,terminee
608,1,Borne A1 - Centre Commercial,36,2026-05-14 21:24:00.135566,2026-05-14 22:43:00.135566,79,22.6,6.78,21,3,0,5,terminee
1485,2,Borne B2 - Parking Université,36,2026-05-14 22:45:00.135566,2026-05-14 23:08:00.135566,23,18.55,8.35,22,3,0,5,terminee
2269,3,Borne C3 - Parking Aéroport,16,2026-05-14 23:43:00.135566,2026-05-15 01:14:00.135566,91,157.99,94.79,23,3,0,5,terminee
609,1,Borne A1 - Centre Commercial,44,2026-05-15 05:17:00.135566,2026-05-15 07:17:00.135566,120,43.81,13.14,5,4,0,5,terminee
1486,2,Borne B2 - Parking Université,38,2026-05-15 07:18:00.135566,2026-05-15 09:05:00.135566,107,83.09,37.39,7,4,0,5,terminee
610,1,Borne A1 - Centre Commercial,7,2026-05-15 09:39:00.135566,2026-05-15 10:09:00.135566,30,7.17,2.15,9,4,0,5,terminee
1487,2,Borne B2 - Parking Université,18,2026-05-15 10:22:00.135566,2026-05-15 11:21:00.135566,59,48.44,21.8,10,4,0,5,terminee
611,1,Borne A1 - Centre Commercial,22,2026-05-15 12:25:00.135566,2026-05-15 13:27:00.135566,62,20.87,6.26,12,4,0,5,terminee
1488,2,Borne B2 - Parking Université,30,2026-05-15 13:14:00.135566,2026-05-15 14:46:00.135566,92,75.53,33.99,13,4,0,5,terminee
612,1,Borne A1 - Centre Commercial,13,2026-05-15 14:35:00.135566,2026-05-15 15:36:00.135566,61,20.17,6.05,14,4,0,5,terminee
1489,2,Borne B2 - Parking Université,17,2026-05-15 14:59:00.135566,2026-05-15 16:05:00.135566,66,45.65,20.54,14,4,0,5,terminee
614,1,Borne A1 - Centre Commercial,22,2026-05-15 18:02:00.135566,2026-05-15 18:21:00.135566,19,4.56,1.37,18,4,0,5,terminee
613,1,Borne A1 - Centre Commercial,3,2026-05-15 18:38:00.135566,2026-05-15 19:58:00.135566,80,22.31,6.69,18,4,0,5,terminee
1491,2,Borne B2 - Parking Université,8,2026-05-15 19:04:00.135566,2026-05-15 20:23:00.135566,79,47.25,21.26,19,4,0,5,terminee
1490,2,Borne B2 - Parking Université,36,2026-05-15 19:11:00.135566,2026-05-15 20:18:00.135566,67,44.81,20.16,19,4,0,5,terminee
617,1,Borne A1 - Centre Commercial,40,2026-05-15 19:20:00.135566,2026-05-15 19:55:00.135566,35,9.72,2.92,19,4,0,5,terminee
616,1,Borne A1 - Centre Commercial,40,2026-05-15 19:38:00.135566,2026-05-15 20:58:00.135566,80,19.24,5.77,19,4,0,5,terminee
615,1,Borne A1 - Centre Commercial,10,2026-05-15 19:51:00.135566,2026-05-15 21:06:00.135566,75,22.21,6.66,19,4,0,5,terminee
1492,2,Borne B2 - Parking Université,35,2026-05-15 19:51:00.135566,2026-05-15 21:11:00.135566,80,65.51,29.48,19,4,0,5,terminee
1493,2,Borne B2 - Parking Université,45,2026-05-15 19:52:00.135566,2026-05-15 21:48:00.135566,116,80.23,36.1,19,4,0,5,terminee
1494,2,Borne B2 - Parking Université,50,2026-05-15 20:28:00.135566,2026-05-15 21:31:00.135566,63,43.33,19.5,20,4,0,5,terminee
618,1,Borne A1 - Centre Commercial,33,2026-05-15 21:47:00.135566,2026-05-15 22:40:00.135566,53,16.28,4.88,21,4,0,5,terminee
619,1,Borne A1 - Centre Commercial,46,2026-05-15 21:53:00.135566,2026-05-15 23:13:00.135566,80,23.85,7.16,21,4,0,5,terminee
620,1,Borne A1 - Centre Commercial,2,2026-05-16 07:36:00.135566,2026-05-16 08:29:00.135566,53,15.35,4.6,7,5,1,5,terminee
1495,2,Borne B2 - Parking Université,50,2026-05-16 11:15:00.135566,2026-05-16 13:06:00.135566,111,68.07,30.63,11,5,1,5,terminee
621,1,Borne A1 - Centre Commercial,27,2026-05-16 11:23:00.135566,2026-05-16 12:20:00.135566,57,18.17,5.45,11,5,1,5,terminee
622,1,Borne A1 - Centre Commercial,47,2026-05-16 12:37:00.135566,2026-05-16 13:31:00.135566,54,18.19,5.46,12,5,1,5,terminee
623,1,Borne A1 - Centre Commercial,39,2026-05-16 14:55:00.135566,2026-05-16 16:38:00.135566,103,32.17,9.65,14,5,1,5,terminee
1496,2,Borne B2 - Parking Université,38,2026-05-16 15:29:00.135566,2026-05-16 17:11:00.135566,102,66.66,30.0,15,5,1,5,terminee
624,1,Borne A1 - Centre Commercial,50,2026-05-16 17:30:00.135566,2026-05-16 18:18:00.135566,48,17.37,5.21,17,5,1,5,terminee
1498,2,Borne B2 - Parking Université,15,2026-05-16 18:04:00.135566,2026-05-16 19:07:00.135566,63,44.81,20.16,18,5,1,5,terminee
625,1,Borne A1 - Centre Commercial,4,2026-05-16 18:37:00.135566,2026-05-16 20:05:00.135566,88,22.3,6.69,18,5,1,5,terminee
626,1,Borne A1 - Centre Commercial,41,2026-05-16 18:37:00.135566,2026-05-16 19:53:00.135566,76,18.62,5.59,18,5,1,5,terminee
1497,2,Borne B2 - Parking Université,17,2026-05-16 18:55:00.135566,2026-05-16 19:13:00.135566,18,11.89,5.35,18,5,1,5,terminee
627,1,Borne A1 - Centre Commercial,25,2026-05-16 19:46:00.135566,2026-05-16 21:20:00.135566,94,31.36,9.41,19,5,1,5,terminee
1499,2,Borne B2 - Parking Université,21,2026-05-16 21:43:00.135566,2026-05-16 23:27:00.135566,104,59.97,26.99,21,5,1,5,terminee
628,1,Borne A1 - Centre Commercial,3,2026-05-16 22:09:00.135566,2026-05-17 00:09:00.135566,120,38.38,11.51,22,5,1,5,terminee
1500,2,Borne B2 - Parking Université,1,2026-05-16 22:26:00.135566,2026-05-16 23:26:00.135566,60,40.33,18.15,22,5,1,5,terminee
629,1,Borne A1 - Centre Commercial,2,2026-05-17 06:36:00.135566,2026-05-17 08:20:00.135566,104,24.56,7.37,6,6,1,5,terminee
630,1,Borne A1 - Centre Commercial,27,2026-05-17 07:28:00.135566,2026-05-17 08:23:00.135566,55,15.48,4.64,7,6,1,5,terminee
2270,3,Borne C3 - Parking Aéroport,36,2026-05-17 07:52:00.135566,2026-05-17 08:46:00.135566,54,106.06,63.64,7,6,1,5,terminee
631,1,Borne A1 - Centre Commercial,50,2026-05-17 08:44:00.135566,2026-05-17 09:25:00.135566,41,11.49,3.45,8,6,1,5,terminee
632,1,Borne A1 - Centre Commercial,48,2026-05-17 09:39:00.135566,2026-05-17 10:54:00.135566,75,26.1,7.83,9,6,1,5,terminee
1501,2,Borne B2 - Parking Université,6,2026-05-17 09:44:00.135566,2026-05-17 10:32:00.135566,48,27.97,12.59,9,6,1,5,terminee
2271,3,Borne C3 - Parking Aéroport,3,2026-05-17 10:27:00.135566,2026-05-17 11:36:00.135566,69,148.14,88.88,10,6,1,5,terminee
2272,3,Borne C3 - Parking Aéroport,2,2026-05-17 14:12:00.135566,2026-05-17 14:47:00.135566,35,62.04,37.22,14,6,1,5,terminee
634,1,Borne A1 - Centre Commercial,43,2026-05-17 14:13:00.135566,2026-05-17 15:39:00.135566,86,23.02,6.91,14,6,1,5,terminee
633,1,Borne A1 - Centre Commercial,34,2026-05-17 14:46:00.135566,2026-05-17 15:08:00.135566,22,7.12,2.14,14,6,1,5,terminee
635,1,Borne A1 - Centre Commercial,12,2026-05-17 15:30:00.135566,2026-05-17 16:52:00.135566,82,22.57,6.77,15,6,1,5,terminee
2273,3,Borne C3 - Parking Aéroport,43,2026-05-17 16:16:00.135566,2026-05-17 18:12:00.135566,116,267.21,160.33,16,6,1,5,terminee
1502,2,Borne B2 - Parking Université,22,2026-05-17 16:25:00.135566,2026-05-17 18:06:00.135566,101,75.71,34.07,16,6,1,5,terminee
636,1,Borne A1 - Centre Commercial,23,2026-05-17 16:29:00.135566,2026-05-17 17:52:00.135566,83,22.43,6.73,16,6,1,5,terminee
2274,3,Borne C3 - Parking Aéroport,3,2026-05-17 17:35:00.135566,2026-05-17 18:12:00.135566,37,79.34,47.6,17,6,1,5,terminee
637,1,Borne A1 - Centre Commercial,44,2026-05-17 18:43:00.135566,2026-05-17 20:36:00.135566,113,39.24,11.77,18,6,1,5,terminee
2275,3,Borne C3 - Parking Aéroport,4,2026-05-17 18:46:00.135566,2026-05-17 20:03:00.135566,77,175.73,105.44,18,6,1,5,terminee
1503,2,Borne B2 - Parking Université,31,2026-05-17 19:04:00.135566,2026-05-17 20:29:00.135566,85,68.89,31.0,19,6,1,5,terminee
2276,3,Borne C3 - Parking Aéroport,20,2026-05-17 19:55:00.135566,2026-05-17 20:20:00.135566,25,45.35,27.21,19,6,1,5,terminee
638,1,Borne A1 - Centre Commercial,40,2026-05-17 20:41:00.135566,2026-05-17 22:38:00.135566,117,37.64,11.29,20,6,1,5,terminee
2277,3,Borne C3 - Parking Aéroport,43,2026-05-18 07:57:00.135566,2026-05-18 09:04:00.135566,67,160.58,96.35,7,0,0,5,terminee
1507,2,Borne B2 - Parking Université,17,2026-05-18 08:15:00.135566,2026-05-18 10:04:00.135566,109,63.29,28.48,8,0,0,5,terminee
1505,2,Borne B2 - Parking Université,44,2026-05-18 08:17:00.135566,2026-05-18 08:55:00.135566,38,31.0,13.95,8,0,0,5,terminee
1504,2,Borne B2 - Parking Université,37,2026-05-18 08:20:00.135566,2026-05-18 09:20:00.135566,60,34.37,15.47,8,0,0,5,terminee
639,1,Borne A1 - Centre Commercial,18,2026-05-18 08:30:00.135566,2026-05-18 09:09:00.135566,39,14.06,4.22,8,0,0,5,terminee
2278,3,Borne C3 - Parking Aéroport,47,2026-05-18 08:42:00.135566,2026-05-18 09:08:00.135566,26,49.32,29.59,8,0,0,5,terminee
2279,3,Borne C3 - Parking Aéroport,37,2026-05-18 08:53:00.135566,2026-05-18 09:25:00.135566,32,55.55,33.33,8,0,0,5,terminee
1506,2,Borne B2 - Parking Université,13,2026-05-18 08:59:00.135566,2026-05-18 09:38:00.135566,39,25.99,11.7,8,0,0,5,terminee
1508,2,Borne B2 - Parking Université,16,2026-05-18 09:13:00.135566,2026-05-18 09:57:00.135566,44,24.97,11.24,9,0,0,5,terminee
640,1,Borne A1 - Centre Commercial,20,2026-05-18 09:35:00.135566,2026-05-18 10:28:00.135566,53,13.41,4.02,9,0,0,5,terminee
2280,3,Borne C3 - Parking Aéroport,34,2026-05-18 09:47:00.135566,2026-05-18 11:06:00.135566,79,192.2,115.32,9,0,0,5,terminee
2281,3,Borne C3 - Parking Aéroport,34,2026-05-18 11:42:00.135566,2026-05-18 13:11:00.135566,89,218.02,130.81,11,0,0,5,terminee
641,1,Borne A1 - Centre Commercial,45,2026-05-18 11:49:00.135566,2026-05-18 12:40:00.135566,51,16.49,4.95,11,0,0,5,terminee
1509,2,Borne B2 - Parking Université,50,2026-05-18 11:53:00.135566,2026-05-18 13:27:00.135566,94,58.16,26.17,11,0,0,5,terminee
1510,2,Borne B2 - Parking Université,44,2026-05-18 12:06:00.135566,2026-05-18 12:36:00.135566,30,24.2,10.89,12,0,0,5,terminee
2282,3,Borne C3 - Parking Aéroport,16,2026-05-18 12:16:00.135566,2026-05-18 13:34:00.135566,78,186.0,111.6,12,0,0,5,terminee
643,1,Borne A1 - Centre Commercial,19,2026-05-18 12:35:00.135566,2026-05-18 14:31:00.135566,116,37.8,11.34,12,0,0,5,terminee
642,1,Borne A1 - Centre Commercial,23,2026-05-18 12:45:00.135566,2026-05-18 14:02:00.135566,77,20.52,6.16,12,0,0,5,terminee
644,1,Borne A1 - Centre Commercial,25,2026-05-18 13:07:00.135566,2026-05-18 14:35:00.135566,88,28.09,8.43,13,0,0,5,terminee
2283,3,Borne C3 - Parking Aéroport,21,2026-05-18 13:38:00.135566,2026-05-18 14:08:00.135566,30,68.2,40.92,13,0,0,5,terminee
1511,2,Borne B2 - Parking Université,49,2026-05-18 13:42:00.135566,2026-05-18 15:00:00.135566,78,54.96,24.73,13,0,0,5,terminee
1512,2,Borne B2 - Parking Université,31,2026-05-18 13:54:00.135566,2026-05-18 15:18:00.135566,84,68.82,30.97,13,0,0,5,terminee
2284,3,Borne C3 - Parking Aéroport,48,2026-05-18 14:21:00.135566,2026-05-18 15:50:00.135566,89,199.11,119.47,14,0,0,5,terminee
645,1,Borne A1 - Centre Commercial,50,2026-05-18 14:57:00.135566,2026-05-18 16:02:00.135566,65,22.1,6.63,14,0,0,5,terminee
2285,3,Borne C3 - Parking Aéroport,14,2026-05-18 15:47:00.135566,2026-05-18 16:32:00.135566,45,109.6,65.76,15,0,0,5,terminee
646,1,Borne A1 - Centre Commercial,19,2026-05-18 16:51:00.135566,2026-05-18 17:24:00.135566,33,8.67,2.6,16,0,0,5,terminee
1513,2,Borne B2 - Parking Université,37,2026-05-18 17:23:00.135566,2026-05-18 18:57:00.135566,94,56.88,25.6,17,0,0,5,terminee
647,1,Borne A1 - Centre Commercial,29,2026-05-18 17:45:00.135566,2026-05-18 18:10:00.135566,25,6.77,2.03,17,0,0,5,terminee
1516,2,Borne B2 - Parking Université,34,2026-05-18 17:48:00.135566,2026-05-18 19:16:00.135566,88,47.76,21.49,17,0,0,5,terminee
1514,2,Borne B2 - Parking Université,49,2026-05-18 17:55:00.135566,2026-05-18 18:45:00.135566,50,33.18,14.93,17,0,0,5,terminee
1515,2,Borne B2 - Parking Université,15,2026-05-18 17:58:00.135566,2026-05-18 19:18:00.135566,80,47.47,21.36,17,0,0,5,terminee
649,1,Borne A1 - Centre Commercial,36,2026-05-18 18:12:00.135566,2026-05-18 20:12:00.135566,120,35.88,10.76,18,0,0,5,terminee
648,1,Borne A1 - Centre Commercial,14,2026-05-18 18:41:00.135566,2026-05-18 19:28:00.135566,47,15.49,4.65,18,0,0,5,terminee
1517,2,Borne B2 - Parking Université,35,2026-05-18 18:51:00.135566,2026-05-18 20:00:00.135566,69,45.5,20.48,18,0,0,5,terminee
1518,2,Borne B2 - Parking Université,44,2026-05-18 19:02:00.135566,2026-05-18 20:21:00.135566,79,48.65,21.89,19,0,0,5,terminee
2286,3,Borne C3 - Parking Aéroport,18,2026-05-18 20:09:00.135566,2026-05-18 20:37:00.135566,28,46.9,28.14,20,0,0,5,terminee
2287,3,Borne C3 - Parking Aéroport,38,2026-05-18 20:28:00.135566,2026-05-18 21:35:00.135566,67,117.54,70.52,20,0,0,5,terminee
1519,2,Borne B2 - Parking Université,8,2026-05-18 20:49:00.135566,2026-05-18 21:26:00.135566,37,24.14,10.86,20,0,0,5,terminee
650,1,Borne A1 - Centre Commercial,40,2026-05-19 06:44:00.135566,2026-05-19 07:33:00.135566,49,11.77,3.53,6,1,0,5,terminee
1520,2,Borne B2 - Parking Université,45,2026-05-19 11:44:00.135566,2026-05-19 13:05:00.135566,81,52.92,23.81,11,1,0,5,terminee
651,1,Borne A1 - Centre Commercial,4,2026-05-19 11:47:00.135566,2026-05-19 13:17:00.135566,90,22.96,6.89,11,1,0,5,terminee
1521,2,Borne B2 - Parking Université,25,2026-05-19 13:00:00.135566,2026-05-19 13:16:00.135566,16,11.6,5.22,13,1,0,5,terminee
1522,2,Borne B2 - Parking Université,40,2026-05-19 13:37:00.135566,2026-05-19 14:04:00.135566,27,16.43,7.39,13,1,0,5,terminee
652,1,Borne A1 - Centre Commercial,15,2026-05-19 13:42:00.135566,2026-05-19 15:04:00.135566,82,20.75,6.22,13,1,0,5,terminee
1523,2,Borne B2 - Parking Université,17,2026-05-19 14:55:00.135566,2026-05-19 15:43:00.135566,48,26.99,12.15,14,1,0,5,terminee
653,1,Borne A1 - Centre Commercial,46,2026-05-19 16:03:00.135566,2026-05-19 16:30:00.135566,27,7.58,2.27,16,1,0,5,terminee
654,1,Borne A1 - Centre Commercial,9,2026-05-19 16:30:00.135566,2026-05-19 16:57:00.135566,27,8.64,2.59,16,1,0,5,terminee
655,1,Borne A1 - Centre Commercial,11,2026-05-19 17:00:00.135566,2026-05-19 18:25:00.135566,85,30.89,9.27,17,1,0,5,terminee
1524,2,Borne B2 - Parking Université,40,2026-05-19 17:15:00.135566,2026-05-19 18:04:00.135566,49,32.2,14.49,17,1,0,5,terminee
1525,2,Borne B2 - Parking Université,28,2026-05-19 17:21:00.135566,2026-05-19 18:22:00.135566,61,34.24,15.41,17,1,0,5,terminee
1526,2,Borne B2 - Parking Université,24,2026-05-19 18:13:00.135566,2026-05-19 19:21:00.135566,68,49.88,22.45,18,1,0,5,terminee
658,1,Borne A1 - Centre Commercial,50,2026-05-19 18:20:00.135566,2026-05-19 19:11:00.135566,51,16.05,4.82,18,1,0,5,terminee
1527,2,Borne B2 - Parking Université,12,2026-05-19 18:23:00.135566,2026-05-19 19:29:00.135566,66,39.15,17.62,18,1,0,5,terminee
656,1,Borne A1 - Centre Commercial,31,2026-05-19 18:26:00.135566,2026-05-19 20:04:00.135566,98,35.0,10.5,18,1,0,5,terminee
657,1,Borne A1 - Centre Commercial,19,2026-05-19 18:30:00.135566,2026-05-19 20:08:00.135566,98,24.43,7.33,18,1,0,5,terminee
659,1,Borne A1 - Centre Commercial,35,2026-05-19 19:05:00.135566,2026-05-19 20:43:00.135566,98,29.81,8.94,19,1,0,5,terminee
1529,2,Borne B2 - Parking Université,18,2026-05-19 19:14:00.135566,2026-05-19 21:13:00.135566,119,63.46,28.56,19,1,0,5,terminee
1528,2,Borne B2 - Parking Université,44,2026-05-19 19:36:00.135566,2026-05-19 20:07:00.135566,31,25.62,11.53,19,1,0,5,terminee
660,1,Borne A1 - Centre Commercial,3,2026-05-19 19:47:00.135566,2026-05-19 21:34:00.135566,107,36.88,11.06,19,1,0,5,terminee
1530,2,Borne B2 - Parking Université,25,2026-05-19 20:51:00.135566,2026-05-19 21:36:00.135566,45,30.83,13.87,20,1,0,5,terminee
661,1,Borne A1 - Centre Commercial,12,2026-05-19 20:58:00.135566,2026-05-19 21:35:00.135566,37,10.41,3.12,20,1,0,5,terminee
1531,2,Borne B2 - Parking Université,48,2026-05-19 21:12:00.135566,2026-05-19 21:45:00.135566,33,25.3,11.38,21,1,0,5,terminee
662,1,Borne A1 - Centre Commercial,26,2026-05-19 21:59:00.135566,2026-05-19 22:18:00.135566,19,6.96,2.09,21,1,0,5,terminee
1532,2,Borne B2 - Parking Université,12,2026-05-20 08:09:00.135566,2026-05-20 09:24:00.135566,75,57.64,25.94,8,2,0,5,terminee
663,1,Borne A1 - Centre Commercial,48,2026-05-20 08:50:00.135566,2026-05-20 10:08:00.135566,78,19.29,5.79,8,2,0,5,terminee
666,1,Borne A1 - Centre Commercial,35,2026-05-20 09:18:00.135566,2026-05-20 10:31:00.135566,73,26.65,7.99,9,2,0,5,terminee
665,1,Borne A1 - Centre Commercial,22,2026-05-20 09:19:00.135566,2026-05-20 10:46:00.135566,87,26.83,8.05,9,2,0,5,terminee
1533,2,Borne B2 - Parking Université,41,2026-05-20 09:26:00.135566,2026-05-20 10:44:00.135566,78,42.5,19.12,9,2,0,5,terminee
664,1,Borne A1 - Centre Commercial,1,2026-05-20 09:55:00.135566,2026-05-20 10:47:00.135566,52,18.13,5.44,9,2,0,5,terminee
667,1,Borne A1 - Centre Commercial,9,2026-05-20 10:33:00.135566,2026-05-20 11:51:00.135566,78,27.33,8.2,10,2,0,5,terminee
2288,3,Borne C3 - Parking Aéroport,28,2026-05-20 10:44:00.135566,2026-05-20 11:13:00.135566,29,52.68,31.61,10,2,0,5,terminee
1534,2,Borne B2 - Parking Université,32,2026-05-20 11:33:00.135566,2026-05-20 12:56:00.135566,83,61.44,27.65,11,2,0,5,terminee
2289,3,Borne C3 - Parking Aéroport,18,2026-05-20 12:30:00.135566,2026-05-20 14:12:00.135566,102,178.13,106.88,12,2,0,5,terminee
1536,2,Borne B2 - Parking Université,11,2026-05-20 13:03:00.135566,2026-05-20 14:08:00.135566,65,34.64,15.59,13,2,0,5,terminee
1535,2,Borne B2 - Parking Université,37,2026-05-20 13:19:00.135566,2026-05-20 14:06:00.135566,47,32.31,14.54,13,2,0,5,terminee
668,1,Borne A1 - Centre Commercial,13,2026-05-20 13:54:00.135566,2026-05-20 15:13:00.135566,79,22.8,6.84,13,2,0,5,terminee
671,1,Borne A1 - Centre Commercial,19,2026-05-20 14:00:00.135566,2026-05-20 15:49:00.135566,109,29.37,8.81,14,2,0,5,terminee
670,1,Borne A1 - Centre Commercial,12,2026-05-20 14:29:00.135566,2026-05-20 16:06:00.135566,97,25.0,7.5,14,2,0,5,terminee
669,1,Borne A1 - Centre Commercial,47,2026-05-20 14:51:00.135566,2026-05-20 15:20:00.135566,29,7.79,2.34,14,2,0,5,terminee
672,1,Borne A1 - Centre Commercial,12,2026-05-20 16:36:00.135566,2026-05-20 18:17:00.135566,101,33.44,10.03,16,2,0,5,terminee
1537,2,Borne B2 - Parking Université,31,2026-05-20 17:03:00.135566,2026-05-20 17:45:00.135566,42,32.39,14.58,17,2,0,5,terminee
2290,3,Borne C3 - Parking Aéroport,24,2026-05-20 17:56:00.135566,2026-05-20 19:51:00.135566,115,280.25,168.15,17,2,0,5,terminee
675,1,Borne A1 - Centre Commercial,31,2026-05-20 19:06:00.135566,2026-05-20 19:44:00.135566,38,13.83,4.15,19,2,0,5,terminee
676,1,Borne A1 - Centre Commercial,25,2026-05-20 19:20:00.135566,2026-05-20 20:06:00.135566,46,10.17,3.05,19,2,0,5,terminee
674,1,Borne A1 - Centre Commercial,43,2026-05-20 19:32:00.135566,2026-05-20 20:28:00.135566,56,13.03,3.91,19,2,0,5,terminee
673,1,Borne A1 - Centre Commercial,28,2026-05-20 19:39:00.135566,2026-05-20 21:15:00.135566,96,33.75,10.12,19,2,0,5,terminee
2292,3,Borne C3 - Parking Aéroport,39,2026-05-20 20:01:00.135566,2026-05-20 21:38:00.135566,97,239.28,143.57,20,2,0,5,terminee
677,1,Borne A1 - Centre Commercial,22,2026-05-20 20:15:00.135566,2026-05-20 21:27:00.135566,72,23.8,7.14,20,2,0,5,terminee
2291,3,Borne C3 - Parking Aéroport,20,2026-05-20 20:30:00.135566,2026-05-20 22:16:00.135566,106,197.98,118.79,20,2,0,5,terminee
1538,2,Borne B2 - Parking Université,48,2026-05-20 21:53:00.135566,2026-05-20 23:28:00.135566,95,50.55,22.75,21,2,0,5,terminee
1539,2,Borne B2 - Parking Université,36,2026-05-20 22:21:00.135566,2026-05-20 23:09:00.135566,48,29.78,13.4,22,2,0,5,terminee
678,1,Borne A1 - Centre Commercial,1,2026-05-21 08:19:00.135566,2026-05-21 09:48:00.135566,89,29.02,8.71,8,3,0,5,terminee
680,1,Borne A1 - Centre Commercial,20,2026-05-21 11:03:00.135566,2026-05-21 12:43:00.135566,100,23.73,7.12,11,3,0,5,terminee
679,1,Borne A1 - Centre Commercial,16,2026-05-21 11:16:00.135566,2026-05-21 12:54:00.135566,98,26.73,8.02,11,3,0,5,terminee
1540,2,Borne B2 - Parking Université,2,2026-05-21 11:35:00.135566,2026-05-21 13:33:00.135566,118,69.14,31.11,11,3,0,5,terminee
681,1,Borne A1 - Centre Commercial,46,2026-05-21 12:10:00.135566,2026-05-21 13:16:00.135566,66,21.16,6.35,12,3,0,5,terminee
1541,2,Borne B2 - Parking Université,44,2026-05-21 12:26:00.135566,2026-05-21 12:56:00.135566,30,18.51,8.33,12,3,0,5,terminee
1542,2,Borne B2 - Parking Université,42,2026-05-21 13:38:00.135566,2026-05-21 14:18:00.135566,40,27.69,12.46,13,3,0,5,terminee
682,1,Borne A1 - Centre Commercial,41,2026-05-21 13:49:00.135566,2026-05-21 14:43:00.135566,54,17.35,5.21,13,3,0,5,terminee
1543,2,Borne B2 - Parking Université,50,2026-05-21 14:41:00.135566,2026-05-21 16:04:00.135566,83,46.33,20.85,14,3,0,5,terminee
1544,2,Borne B2 - Parking Université,33,2026-05-21 15:18:00.135566,2026-05-21 16:18:00.135566,60,36.5,16.43,15,3,0,5,terminee
1545,2,Borne B2 - Parking Université,6,2026-05-21 15:31:00.135566,2026-05-21 17:25:00.135566,114,84.99,38.25,15,3,0,5,terminee
1546,2,Borne B2 - Parking Université,41,2026-05-21 17:24:00.135566,2026-05-21 18:57:00.135566,93,55.38,24.92,17,3,0,5,terminee
1547,2,Borne B2 - Parking Université,22,2026-05-21 18:09:00.135566,2026-05-21 18:45:00.135566,36,25.69,11.56,18,3,0,5,terminee
1548,2,Borne B2 - Parking Université,26,2026-05-21 18:26:00.135566,2026-05-21 20:01:00.135566,95,66.89,30.1,18,3,0,5,terminee
1550,2,Borne B2 - Parking Université,19,2026-05-21 19:14:00.135566,2026-05-21 20:09:00.135566,55,33.31,14.99,19,3,0,5,terminee
1551,2,Borne B2 - Parking Université,26,2026-05-21 19:45:00.135566,2026-05-21 20:34:00.135566,49,34.39,15.48,19,3,0,5,terminee
1549,2,Borne B2 - Parking Université,22,2026-05-21 19:54:00.135566,2026-05-21 20:18:00.135566,24,12.63,5.68,19,3,0,5,terminee
683,1,Borne A1 - Centre Commercial,15,2026-05-21 20:58:00.135566,2026-05-21 21:50:00.135566,52,14.24,4.27,20,3,0,5,terminee
1552,2,Borne B2 - Parking Université,24,2026-05-21 22:17:00.135566,2026-05-21 23:28:00.135566,71,53.98,24.29,22,3,0,5,terminee
1553,2,Borne B2 - Parking Université,29,2026-05-22 03:47:00.135566,2026-05-22 05:17:00.135566,90,60.63,27.28,3,4,0,5,terminee
2293,3,Borne C3 - Parking Aéroport,43,2026-05-22 05:51:00.135566,2026-05-22 06:12:00.135566,21,46.0,27.6,5,4,0,5,terminee
1554,2,Borne B2 - Parking Université,2,2026-05-22 08:26:00.135566,2026-05-22 09:02:00.135566,36,20.21,9.09,8,4,0,5,terminee
684,1,Borne A1 - Centre Commercial,30,2026-05-22 09:14:00.135566,2026-05-22 09:46:00.135566,32,9.28,2.78,9,4,0,5,terminee
2294,3,Borne C3 - Parking Aéroport,20,2026-05-22 10:15:00.135566,2026-05-22 11:02:00.135566,47,96.48,57.89,10,4,0,5,terminee
2296,3,Borne C3 - Parking Aéroport,29,2026-05-22 11:07:00.135566,2026-05-22 12:30:00.135566,83,196.46,117.88,11,4,0,5,terminee
2295,3,Borne C3 - Parking Aéroport,44,2026-05-22 11:40:00.135566,2026-05-22 13:24:00.135566,104,193.74,116.24,11,4,0,5,terminee
1555,2,Borne B2 - Parking Université,17,2026-05-22 12:08:00.135566,2026-05-22 13:56:00.135566,108,62.45,28.1,12,4,0,5,terminee
2297,3,Borne C3 - Parking Aéroport,26,2026-05-22 12:24:00.135566,2026-05-22 12:40:00.135566,16,38.56,23.14,12,4,0,5,terminee
685,1,Borne A1 - Centre Commercial,45,2026-05-22 12:47:00.135566,2026-05-22 14:19:00.135566,92,25.28,7.58,12,4,0,5,terminee
1556,2,Borne B2 - Parking Université,14,2026-05-22 12:47:00.135566,2026-05-22 14:31:00.135566,104,77.99,35.1,12,4,0,5,terminee
1557,2,Borne B2 - Parking Université,5,2026-05-22 13:10:00.135566,2026-05-22 14:15:00.135566,65,34.73,15.63,13,4,0,5,terminee
1558,2,Borne B2 - Parking Université,2,2026-05-22 13:59:00.135566,2026-05-22 15:14:00.135566,75,51.21,23.04,13,4,0,5,terminee
1560,2,Borne B2 - Parking Université,6,2026-05-22 14:06:00.135566,2026-05-22 14:54:00.135566,48,33.89,15.25,14,4,0,5,terminee
686,1,Borne A1 - Centre Commercial,43,2026-05-22 14:35:00.135566,2026-05-22 15:50:00.135566,75,24.83,7.45,14,4,0,5,terminee
1559,2,Borne B2 - Parking Université,6,2026-05-22 14:49:00.135566,2026-05-22 15:54:00.135566,65,43.85,19.73,14,4,0,5,terminee
1561,2,Borne B2 - Parking Université,16,2026-05-22 16:41:00.135566,2026-05-22 17:45:00.135566,64,38.6,17.37,16,4,0,5,terminee
2298,3,Borne C3 - Parking Aéroport,49,2026-05-22 16:59:00.135566,2026-05-22 17:46:00.135566,47,84.64,50.78,16,4,0,5,terminee
2299,3,Borne C3 - Parking Aéroport,11,2026-05-22 17:15:00.135566,2026-05-22 18:08:00.135566,53,90.65,54.39,17,4,0,5,terminee
687,1,Borne A1 - Centre Commercial,44,2026-05-22 17:52:00.135566,2026-05-22 18:34:00.135566,42,13.93,4.18,17,4,0,5,terminee
689,1,Borne A1 - Centre Commercial,24,2026-05-22 18:33:00.135566,2026-05-22 19:45:00.135566,72,21.42,6.43,18,4,0,5,terminee
688,1,Borne A1 - Centre Commercial,6,2026-05-22 18:48:00.135566,2026-05-22 20:19:00.135566,91,31.67,9.5,18,4,0,5,terminee
2300,3,Borne C3 - Parking Aéroport,50,2026-05-22 18:58:00.135566,2026-05-22 20:09:00.135566,71,151.33,90.8,18,4,0,5,terminee
2301,3,Borne C3 - Parking Aéroport,18,2026-05-22 19:41:00.135566,2026-05-22 20:48:00.135566,67,153.38,92.03,19,4,0,5,terminee
1562,2,Borne B2 - Parking Université,9,2026-05-22 19:47:00.135566,2026-05-22 20:38:00.135566,51,33.03,14.86,19,4,0,5,terminee
2302,3,Borne C3 - Parking Aéroport,32,2026-05-22 19:55:00.135566,2026-05-22 20:20:00.135566,25,58.08,34.85,19,4,0,5,terminee
1564,2,Borne B2 - Parking Université,21,2026-05-22 20:02:00.135566,2026-05-22 21:41:00.135566,99,61.28,27.58,20,4,0,5,terminee
1563,2,Borne B2 - Parking Université,2,2026-05-22 20:08:00.135566,2026-05-22 21:30:00.135566,82,63.92,28.76,20,4,0,5,terminee
2303,3,Borne C3 - Parking Aéroport,22,2026-05-22 22:30:00.135566,2026-05-23 00:19:00.135566,109,208.51,125.11,22,4,0,5,terminee
1565,2,Borne B2 - Parking Université,35,2026-05-23 09:55:00.135566,2026-05-23 11:10:00.135566,75,49.18,22.13,9,5,1,5,terminee
1566,2,Borne B2 - Parking Université,9,2026-05-23 11:59:00.135566,2026-05-23 12:48:00.135566,49,33.46,15.06,11,5,1,5,terminee
690,1,Borne A1 - Centre Commercial,36,2026-05-23 12:04:00.135566,2026-05-23 13:31:00.135566,87,20.57,6.17,12,5,1,5,terminee
1567,2,Borne B2 - Parking Université,39,2026-05-23 15:44:00.135566,2026-05-23 17:08:00.135566,84,46.96,21.13,15,5,1,5,terminee
1568,2,Borne B2 - Parking Université,37,2026-05-23 16:29:00.135566,2026-05-23 18:04:00.135566,95,71.22,32.05,16,5,1,5,terminee
1569,2,Borne B2 - Parking Université,35,2026-05-23 18:27:00.135566,2026-05-23 19:49:00.135566,82,58.49,26.32,18,5,1,5,terminee
2304,3,Borne C3 - Parking Aéroport,11,2026-05-23 18:56:00.135566,2026-05-23 20:55:00.135566,119,190.45,114.27,18,5,1,5,terminee
691,1,Borne A1 - Centre Commercial,35,2026-05-23 18:57:00.135566,2026-05-23 20:16:00.135566,79,19.72,5.92,18,5,1,5,terminee
692,1,Borne A1 - Centre Commercial,34,2026-05-23 21:09:00.135566,2026-05-23 21:45:00.135566,36,9.65,2.9,21,5,1,5,terminee
1570,2,Borne B2 - Parking Université,15,2026-05-24 07:19:00.135566,2026-05-24 08:18:00.135566,59,38.97,17.54,7,6,1,5,terminee
693,1,Borne A1 - Centre Commercial,46,2026-05-24 08:28:00.135566,2026-05-24 08:57:00.135566,29,9.27,2.78,8,6,1,5,terminee
1571,2,Borne B2 - Parking Université,24,2026-05-24 08:51:00.135566,2026-05-24 09:17:00.135566,26,16.83,7.57,8,6,1,5,terminee
2305,3,Borne C3 - Parking Aéroport,39,2026-05-24 11:32:00.135566,2026-05-24 11:55:00.135566,23,42.59,25.55,11,6,1,5,terminee
1572,2,Borne B2 - Parking Université,1,2026-05-24 12:26:00.135566,2026-05-24 13:14:00.135566,48,26.49,11.92,12,6,1,5,terminee
2306,3,Borne C3 - Parking Aéroport,21,2026-05-24 12:46:00.135566,2026-05-24 14:45:00.135566,119,243.68,146.21,12,6,1,5,terminee
1573,2,Borne B2 - Parking Université,9,2026-05-24 13:00:00.135566,2026-05-24 14:21:00.135566,81,62.52,28.13,13,6,1,5,terminee
1574,2,Borne B2 - Parking Université,1,2026-05-24 13:22:00.135566,2026-05-24 14:13:00.135566,51,33.48,15.07,13,6,1,5,terminee
1576,2,Borne B2 - Parking Université,19,2026-05-24 15:19:00.135566,2026-05-24 15:35:00.135566,16,12.08,5.44,15,6,1,5,terminee
1575,2,Borne B2 - Parking Université,31,2026-05-24 15:44:00.135566,2026-05-24 17:01:00.135566,77,62.81,28.26,15,6,1,5,terminee
2307,3,Borne C3 - Parking Aéroport,4,2026-05-24 18:29:00.135566,2026-05-24 20:12:00.135566,103,157.32,94.39,18,6,1,5,terminee
694,1,Borne A1 - Centre Commercial,33,2026-05-24 18:37:00.135566,2026-05-24 19:54:00.135566,77,17.97,5.39,18,6,1,5,terminee
1577,2,Borne B2 - Parking Université,36,2026-05-24 18:38:00.135566,2026-05-24 19:22:00.135566,44,33.69,15.16,18,6,1,5,terminee
1578,2,Borne B2 - Parking Université,36,2026-05-24 19:23:00.135566,2026-05-24 20:02:00.135566,39,24.85,11.18,19,6,1,5,terminee
695,1,Borne A1 - Centre Commercial,9,2026-05-24 19:28:00.135566,2026-05-24 21:26:00.135566,118,26.92,8.08,19,6,1,5,terminee
696,1,Borne A1 - Centre Commercial,4,2026-05-24 20:32:00.135566,2026-05-24 21:40:00.135566,68,19.52,5.86,20,6,1,5,terminee
2308,3,Borne C3 - Parking Aéroport,29,2026-05-24 20:41:00.135566,2026-05-24 22:18:00.135566,97,163.32,97.99,20,6,1,5,terminee
1579,2,Borne B2 - Parking Université,46,2026-05-25 04:27:00.135566,2026-05-25 05:32:00.135566,65,37.91,17.06,4,0,0,5,terminee
2309,3,Borne C3 - Parking Aéroport,41,2026-05-25 05:08:00.135566,2026-05-25 05:23:00.135566,15,28.51,17.11,5,0,0,5,terminee
697,1,Borne A1 - Centre Commercial,20,2026-05-25 06:35:00.135566,2026-05-25 07:49:00.135566,74,23.58,7.07,6,0,0,5,terminee
1580,2,Borne B2 - Parking Université,25,2026-05-25 07:47:00.135566,2026-05-25 09:24:00.135566,97,61.1,27.5,7,0,0,5,terminee
1581,2,Borne B2 - Parking Université,41,2026-05-25 08:14:00.135566,2026-05-25 09:02:00.135566,48,25.27,11.37,8,0,0,5,terminee
1582,2,Borne B2 - Parking Université,40,2026-05-25 08:15:00.135566,2026-05-25 09:36:00.135566,81,61.14,27.51,8,0,0,5,terminee
2310,3,Borne C3 - Parking Aéroport,8,2026-05-25 08:19:00.135566,2026-05-25 09:14:00.135566,55,114.17,68.5,8,0,0,5,terminee
698,1,Borne A1 - Centre Commercial,1,2026-05-25 08:46:00.135566,2026-05-25 09:03:00.135566,17,4.73,1.42,8,0,0,5,terminee
699,1,Borne A1 - Centre Commercial,3,2026-05-25 09:47:00.135566,2026-05-25 10:29:00.135566,42,12.8,3.84,9,0,0,5,terminee
700,1,Borne A1 - Centre Commercial,35,2026-05-25 10:27:00.135566,2026-05-25 11:26:00.135566,59,19.04,5.71,10,0,0,5,terminee
1583,2,Borne B2 - Parking Université,19,2026-05-25 10:51:00.135566,2026-05-25 12:34:00.135566,103,75.01,33.75,10,0,0,5,terminee
1584,2,Borne B2 - Parking Université,18,2026-05-25 11:41:00.135566,2026-05-25 13:31:00.135566,110,74.5,33.52,11,0,0,5,terminee
701,1,Borne A1 - Centre Commercial,31,2026-05-25 12:03:00.135566,2026-05-25 12:26:00.135566,23,8.39,2.52,12,0,0,5,terminee
702,1,Borne A1 - Centre Commercial,50,2026-05-25 13:02:00.135566,2026-05-25 13:53:00.135566,51,14.28,4.28,13,0,0,5,terminee
1585,2,Borne B2 - Parking Université,12,2026-05-25 13:26:00.135566,2026-05-25 14:05:00.135566,39,30.6,13.77,13,0,0,5,terminee
1586,2,Borne B2 - Parking Université,30,2026-05-25 14:08:00.135566,2026-05-25 15:00:00.135566,52,27.91,12.56,14,0,0,5,terminee
2311,3,Borne C3 - Parking Aéroport,50,2026-05-25 14:10:00.135566,2026-05-25 14:56:00.135566,46,92.75,55.65,14,0,0,5,terminee
703,1,Borne A1 - Centre Commercial,47,2026-05-25 16:08:00.135566,2026-05-25 18:01:00.135566,113,35.49,10.65,16,0,0,5,terminee
1587,2,Borne B2 - Parking Université,40,2026-05-25 17:39:00.135566,2026-05-25 18:51:00.135566,72,42.53,19.14,17,0,0,5,terminee
2313,3,Borne C3 - Parking Aéroport,21,2026-05-25 17:43:00.135566,2026-05-25 18:50:00.135566,67,153.61,92.17,17,0,0,5,terminee
2312,3,Borne C3 - Parking Aéroport,39,2026-05-25 17:53:00.135566,2026-05-25 19:31:00.135566,98,221.79,133.07,17,0,0,5,terminee
2314,3,Borne C3 - Parking Aéroport,9,2026-05-25 19:28:00.135566,2026-05-25 20:44:00.135566,76,180.39,108.23,19,0,0,5,terminee
704,1,Borne A1 - Centre Commercial,25,2026-05-25 19:41:00.135566,2026-05-25 20:49:00.135566,68,18.69,5.61,19,0,0,5,terminee
2315,3,Borne C3 - Parking Aéroport,21,2026-05-25 20:16:00.135566,2026-05-25 20:53:00.135566,37,80.94,48.56,20,0,0,5,terminee
2317,3,Borne C3 - Parking Aéroport,25,2026-05-25 20:23:00.135566,2026-05-25 21:01:00.135566,38,71.95,43.17,20,0,0,5,terminee
705,1,Borne A1 - Centre Commercial,44,2026-05-25 20:28:00.135566,2026-05-25 21:31:00.135566,63,17.33,5.2,20,0,0,5,terminee
1588,2,Borne B2 - Parking Université,10,2026-05-25 20:31:00.135566,2026-05-25 21:10:00.135566,39,23.67,10.65,20,0,0,5,terminee
2316,3,Borne C3 - Parking Aéroport,27,2026-05-25 20:51:00.135566,2026-05-25 21:42:00.135566,51,86.63,51.98,20,0,0,5,terminee
2318,3,Borne C3 - Parking Aéroport,2,2026-05-25 21:53:00.135566,2026-05-25 23:21:00.135566,88,151.75,91.05,21,0,0,5,terminee
706,1,Borne A1 - Centre Commercial,23,2026-05-25 23:42:00.135566,2026-05-26 01:06:00.135566,84,20.12,6.04,23,0,0,5,terminee
707,1,Borne A1 - Centre Commercial,26,2026-05-26 05:07:00.135566,2026-05-26 05:44:00.135566,37,13.53,4.06,5,1,0,5,terminee
1589,2,Borne B2 - Parking Université,7,2026-05-26 06:03:00.135566,2026-05-26 07:26:00.135566,83,42.11,18.95,6,1,0,5,terminee
1590,2,Borne B2 - Parking Université,29,2026-05-26 06:18:00.135566,2026-05-26 07:07:00.135566,49,26.54,11.94,6,1,0,5,terminee
2319,3,Borne C3 - Parking Aéroport,6,2026-05-26 07:41:00.135566,2026-05-26 09:14:00.135566,93,197.78,118.67,7,1,0,5,terminee
2320,3,Borne C3 - Parking Aéroport,11,2026-05-26 11:29:00.135566,2026-05-26 12:09:00.135566,40,70.47,42.28,11,1,0,5,terminee
708,1,Borne A1 - Centre Commercial,15,2026-05-26 11:33:00.135566,2026-05-26 12:04:00.135566,31,10.13,3.04,11,1,0,5,terminee
1592,2,Borne B2 - Parking Université,27,2026-05-26 12:00:00.135566,2026-05-26 13:18:00.135566,78,44.65,20.09,12,1,0,5,terminee
2321,3,Borne C3 - Parking Aéroport,39,2026-05-26 12:03:00.135566,2026-05-26 13:09:00.135566,66,139.79,83.87,12,1,0,5,terminee
1593,2,Borne B2 - Parking Université,24,2026-05-26 12:19:00.135566,2026-05-26 14:14:00.135566,115,88.15,39.67,12,1,0,5,terminee
1591,2,Borne B2 - Parking Université,10,2026-05-26 12:46:00.135566,2026-05-26 13:02:00.135566,16,9.24,4.16,12,1,0,5,terminee
2322,3,Borne C3 - Parking Aéroport,24,2026-05-26 13:16:00.135566,2026-05-26 13:50:00.135566,34,54.03,32.42,13,1,0,5,terminee
1594,2,Borne B2 - Parking Université,22,2026-05-26 13:29:00.135566,2026-05-26 15:13:00.135566,104,79.44,35.75,13,1,0,5,terminee
709,1,Borne A1 - Centre Commercial,20,2026-05-26 13:53:00.135566,2026-05-26 14:08:00.135566,15,4.96,1.49,13,1,0,5,terminee
2323,3,Borne C3 - Parking Aéroport,46,2026-05-26 14:10:00.135566,2026-05-26 15:37:00.135566,87,140.71,84.43,14,1,0,5,terminee
710,1,Borne A1 - Centre Commercial,28,2026-05-26 14:29:00.135566,2026-05-26 16:10:00.135566,101,32.87,9.86,14,1,0,5,terminee
1595,2,Borne B2 - Parking Université,4,2026-05-26 15:05:00.135566,2026-05-26 16:56:00.135566,111,90.71,40.82,15,1,0,5,terminee
2324,3,Borne C3 - Parking Aéroport,30,2026-05-26 15:33:00.135566,2026-05-26 16:43:00.135566,70,159.14,95.48,15,1,0,5,terminee
711,1,Borne A1 - Centre Commercial,16,2026-05-26 15:34:00.135566,2026-05-26 16:37:00.135566,63,21.47,6.44,15,1,0,5,terminee
712,1,Borne A1 - Centre Commercial,13,2026-05-26 16:29:00.135566,2026-05-26 17:28:00.135566,59,14.32,4.3,16,1,0,5,terminee
2325,3,Borne C3 - Parking Aéroport,15,2026-05-26 16:52:00.135566,2026-05-26 18:33:00.135566,101,201.41,120.85,16,1,0,5,terminee
713,1,Borne A1 - Centre Commercial,3,2026-05-26 16:59:00.135566,2026-05-26 18:46:00.135566,107,35.55,10.66,16,1,0,5,terminee
714,1,Borne A1 - Centre Commercial,50,2026-05-26 17:51:00.135566,2026-05-26 19:30:00.135566,99,27.87,8.36,17,1,0,5,terminee
1596,2,Borne B2 - Parking Université,35,2026-05-26 18:17:00.135566,2026-05-26 20:11:00.135566,114,71.91,32.36,18,1,0,5,terminee
1597,2,Borne B2 - Parking Université,17,2026-05-26 18:30:00.135566,2026-05-26 19:08:00.135566,38,21.43,9.64,18,1,0,5,terminee
715,1,Borne A1 - Centre Commercial,5,2026-05-26 18:59:00.135566,2026-05-26 19:16:00.135566,17,4.34,1.3,18,1,0,5,terminee
716,1,Borne A1 - Centre Commercial,39,2026-05-26 19:06:00.135566,2026-05-26 20:37:00.135566,91,20.47,6.14,19,1,0,5,terminee
2326,3,Borne C3 - Parking Aéroport,18,2026-05-26 19:45:00.135566,2026-05-26 20:26:00.135566,41,69.31,41.59,19,1,0,5,terminee
1598,2,Borne B2 - Parking Université,8,2026-05-26 19:52:00.135566,2026-05-26 20:55:00.135566,63,48.89,22.0,19,1,0,5,terminee
717,1,Borne A1 - Centre Commercial,16,2026-05-26 20:43:00.135566,2026-05-26 22:28:00.135566,105,36.53,10.96,20,1,0,5,terminee
718,1,Borne A1 - Centre Commercial,15,2026-05-26 21:47:00.135566,2026-05-26 22:07:00.135566,20,5.58,1.67,21,1,0,5,terminee
1599,2,Borne B2 - Parking Université,50,2026-05-26 21:49:00.135566,2026-05-26 23:35:00.135566,106,61.8,27.81,21,1,0,5,terminee
1600,2,Borne B2 - Parking Université,3,2026-05-26 22:28:00.135566,2026-05-26 23:14:00.135566,46,34.31,15.44,22,1,0,5,terminee
2327,3,Borne C3 - Parking Aéroport,14,2026-05-27 04:31:00.135566,2026-05-27 05:34:00.135566,63,102.7,61.62,4,2,0,5,terminee
719,1,Borne A1 - Centre Commercial,50,2026-05-27 05:34:00.135566,2026-05-27 06:16:00.135566,42,13.89,4.17,5,2,0,5,terminee
2328,3,Borne C3 - Parking Aéroport,19,2026-05-27 06:38:00.135566,2026-05-27 07:20:00.135566,42,104.8,62.88,6,2,0,5,terminee
1601,2,Borne B2 - Parking Université,7,2026-05-27 08:12:00.135566,2026-05-27 09:25:00.135566,73,54.39,24.48,8,2,0,5,terminee
2331,3,Borne C3 - Parking Aéroport,16,2026-05-27 08:16:00.135566,2026-05-27 09:01:00.135566,45,95.3,57.18,8,2,0,5,terminee
2330,3,Borne C3 - Parking Aéroport,19,2026-05-27 08:26:00.135566,2026-05-27 10:22:00.135566,116,190.93,114.56,8,2,0,5,terminee
1602,2,Borne B2 - Parking Université,31,2026-05-27 08:33:00.135566,2026-05-27 10:13:00.135566,100,82.74,37.23,8,2,0,5,terminee
2329,3,Borne C3 - Parking Aéroport,12,2026-05-27 08:46:00.135566,2026-05-27 10:27:00.135566,101,170.63,102.38,8,2,0,5,terminee
1603,2,Borne B2 - Parking Université,21,2026-05-27 09:24:00.135566,2026-05-27 11:06:00.135566,102,83.68,37.66,9,2,0,5,terminee
720,1,Borne A1 - Centre Commercial,19,2026-05-27 10:03:00.135566,2026-05-27 10:35:00.135566,32,9.4,2.82,10,2,0,5,terminee
2332,3,Borne C3 - Parking Aéroport,30,2026-05-27 11:23:00.135566,2026-05-27 12:52:00.135566,89,194.4,116.64,11,2,0,5,terminee
2333,3,Borne C3 - Parking Aéroport,21,2026-05-27 12:05:00.135566,2026-05-27 12:21:00.135566,16,31.5,18.9,12,2,0,5,terminee
1604,2,Borne B2 - Parking Université,48,2026-05-27 12:10:00.135566,2026-05-27 13:45:00.135566,95,70.56,31.75,12,2,0,5,terminee
721,1,Borne A1 - Centre Commercial,37,2026-05-27 12:14:00.135566,2026-05-27 14:13:00.135566,119,42.17,12.65,12,2,0,5,terminee
722,1,Borne A1 - Centre Commercial,44,2026-05-27 12:20:00.135566,2026-05-27 13:48:00.135566,88,27.08,8.12,12,2,0,5,terminee
723,1,Borne A1 - Centre Commercial,10,2026-05-27 12:52:00.135566,2026-05-27 13:48:00.135566,56,14.27,4.28,12,2,0,5,terminee
724,1,Borne A1 - Centre Commercial,20,2026-05-27 13:42:00.135566,2026-05-27 15:03:00.135566,81,20.45,6.13,13,2,0,5,terminee
2334,3,Borne C3 - Parking Aéroport,46,2026-05-27 13:44:00.135566,2026-05-27 14:49:00.135566,65,142.15,85.29,13,2,0,5,terminee
2336,3,Borne C3 - Parking Aéroport,4,2026-05-27 14:16:00.135566,2026-05-27 14:40:00.135566,24,38.29,22.97,14,2,0,5,terminee
2335,3,Borne C3 - Parking Aéroport,39,2026-05-27 14:24:00.135566,2026-05-27 16:09:00.135566,105,201.95,121.17,14,2,0,5,terminee
1605,2,Borne B2 - Parking Université,17,2026-05-27 14:59:00.135566,2026-05-27 16:24:00.135566,85,57.26,25.77,14,2,0,5,terminee
725,1,Borne A1 - Centre Commercial,38,2026-05-27 17:17:00.135566,2026-05-27 17:39:00.135566,22,6.64,1.99,17,2,0,5,terminee
1608,2,Borne B2 - Parking Université,21,2026-05-27 18:07:00.135566,2026-05-27 18:52:00.135566,45,31.99,14.4,18,2,0,5,terminee
728,1,Borne A1 - Centre Commercial,34,2026-05-27 18:22:00.135566,2026-05-27 19:59:00.135566,97,30.89,9.27,18,2,0,5,terminee
1606,2,Borne B2 - Parking Université,24,2026-05-27 18:30:00.135566,2026-05-27 20:06:00.135566,96,57.56,25.9,18,2,0,5,terminee
727,1,Borne A1 - Centre Commercial,4,2026-05-27 18:43:00.135566,2026-05-27 19:52:00.135566,69,20.81,6.24,18,2,0,5,terminee
726,1,Borne A1 - Centre Commercial,41,2026-05-27 18:56:00.135566,2026-05-27 20:45:00.135566,109,38.55,11.56,18,2,0,5,terminee
1607,2,Borne B2 - Parking Université,14,2026-05-27 18:56:00.135566,2026-05-27 19:17:00.135566,21,16.55,7.45,18,2,0,5,terminee
1609,2,Borne B2 - Parking Université,38,2026-05-27 19:00:00.135566,2026-05-27 19:36:00.135566,36,27.53,12.39,19,2,0,5,terminee
1611,2,Borne B2 - Parking Université,31,2026-05-27 19:02:00.135566,2026-05-27 20:31:00.135566,89,67.74,30.48,19,2,0,5,terminee
1610,2,Borne B2 - Parking Université,1,2026-05-27 19:07:00.135566,2026-05-27 20:12:00.135566,65,49.6,22.32,19,2,0,5,terminee
729,1,Borne A1 - Centre Commercial,10,2026-05-27 19:20:00.135566,2026-05-27 21:04:00.135566,104,29.23,8.77,19,2,0,5,terminee
1613,2,Borne B2 - Parking Université,6,2026-05-27 20:05:00.135566,2026-05-27 20:51:00.135566,46,25.42,11.44,20,2,0,5,terminee
730,1,Borne A1 - Centre Commercial,35,2026-05-27 20:19:00.135566,2026-05-27 21:22:00.135566,63,15.56,4.67,20,2,0,5,terminee
1612,2,Borne B2 - Parking Université,50,2026-05-27 20:44:00.135566,2026-05-27 22:15:00.135566,91,50.2,22.59,20,2,0,5,terminee
731,1,Borne A1 - Centre Commercial,20,2026-05-27 21:30:00.135566,2026-05-27 22:15:00.135566,45,15.51,4.65,21,2,0,5,terminee
1614,2,Borne B2 - Parking Université,49,2026-05-27 21:43:00.135566,2026-05-27 23:17:00.135566,94,57.6,25.92,21,2,0,5,terminee
2337,3,Borne C3 - Parking Aéroport,31,2026-05-27 22:03:00.135566,2026-05-27 23:00:00.135566,57,138.57,83.14,22,2,0,5,terminee
732,1,Borne A1 - Centre Commercial,30,2026-05-27 22:54:00.135566,2026-05-28 00:39:00.135566,105,25.32,7.6,22,2,0,5,terminee
733,1,Borne A1 - Centre Commercial,27,2026-05-27 22:58:00.135566,2026-05-27 23:20:00.135566,22,6.65,2.0,22,2,0,5,terminee
734,1,Borne A1 - Centre Commercial,16,2026-05-28 00:35:00.135566,2026-05-28 01:57:00.135566,82,19.65,5.89,0,3,0,5,terminee
2338,3,Borne C3 - Parking Aéroport,39,2026-05-28 07:38:00.135566,2026-05-28 09:18:00.135566,100,246.72,148.03,7,3,0,5,terminee
1615,2,Borne B2 - Parking Université,42,2026-05-28 07:40:00.135566,2026-05-28 08:02:00.135566,22,11.44,5.15,7,3,0,5,terminee
735,1,Borne A1 - Centre Commercial,6,2026-05-28 08:16:00.135566,2026-05-28 08:57:00.135566,41,11.01,3.3,8,3,0,5,terminee
2339,3,Borne C3 - Parking Aéroport,1,2026-05-28 08:45:00.135566,2026-05-28 10:35:00.135566,110,254.08,152.45,8,3,0,5,terminee
2340,3,Borne C3 - Parking Aéroport,20,2026-05-28 09:16:00.135566,2026-05-28 10:35:00.135566,79,167.45,100.47,9,3,0,5,terminee
736,1,Borne A1 - Centre Commercial,6,2026-05-28 09:59:00.135566,2026-05-28 11:11:00.135566,72,24.79,7.44,9,3,0,5,terminee
1616,2,Borne B2 - Parking Université,7,2026-05-28 10:09:00.135566,2026-05-28 11:53:00.135566,104,70.59,31.77,10,3,0,5,terminee
2341,3,Borne C3 - Parking Aéroport,36,2026-05-28 10:25:00.135566,2026-05-28 12:05:00.135566,100,187.09,112.25,10,3,0,5,terminee
737,1,Borne A1 - Centre Commercial,4,2026-05-28 10:34:00.135566,2026-05-28 12:21:00.135566,107,36.56,10.97,10,3,0,5,terminee
739,1,Borne A1 - Centre Commercial,49,2026-05-28 11:02:00.135566,2026-05-28 11:26:00.135566,24,5.94,1.78,11,3,0,5,terminee
738,1,Borne A1 - Centre Commercial,39,2026-05-28 11:17:00.135566,2026-05-28 12:20:00.135566,63,20.08,6.02,11,3,0,5,terminee
2342,3,Borne C3 - Parking Aéroport,11,2026-05-28 12:02:00.135566,2026-05-28 13:31:00.135566,89,149.46,89.68,12,3,0,5,terminee
740,1,Borne A1 - Centre Commercial,14,2026-05-28 12:37:00.135566,2026-05-28 14:24:00.135566,107,34.08,10.22,12,3,0,5,terminee
1617,2,Borne B2 - Parking Université,36,2026-05-28 13:08:00.135566,2026-05-28 14:25:00.135566,77,44.47,20.01,13,3,0,5,terminee
2344,3,Borne C3 - Parking Aéroport,34,2026-05-28 13:08:00.135566,2026-05-28 13:34:00.135566,26,47.25,28.35,13,3,0,5,terminee
2343,3,Borne C3 - Parking Aéroport,30,2026-05-28 13:32:00.135566,2026-05-28 14:50:00.135566,78,189.57,113.74,13,3,0,5,terminee
1619,2,Borne B2 - Parking Université,25,2026-05-28 13:46:00.135566,2026-05-28 14:25:00.135566,39,19.78,8.9,13,3,0,5,terminee
1618,2,Borne B2 - Parking Université,29,2026-05-28 13:50:00.135566,2026-05-28 15:27:00.135566,97,72.97,32.84,13,3,0,5,terminee
2345,3,Borne C3 - Parking Aéroport,21,2026-05-28 14:27:00.135566,2026-05-28 15:00:00.135566,33,58.09,34.85,14,3,0,5,terminee
741,1,Borne A1 - Centre Commercial,22,2026-05-28 14:30:00.135566,2026-05-28 15:11:00.135566,41,14.25,4.27,14,3,0,5,terminee
742,1,Borne A1 - Centre Commercial,13,2026-05-28 15:19:00.135566,2026-05-28 15:35:00.135566,16,4.02,1.21,15,3,0,5,terminee
743,1,Borne A1 - Centre Commercial,49,2026-05-28 15:47:00.135566,2026-05-28 16:17:00.135566,30,9.89,2.97,15,3,0,5,terminee
744,1,Borne A1 - Centre Commercial,46,2026-05-28 16:30:00.135566,2026-05-28 17:16:00.135566,46,14.81,4.44,16,3,0,5,terminee
2346,3,Borne C3 - Parking Aéroport,18,2026-05-28 17:02:00.135566,2026-05-28 17:33:00.135566,31,61.98,37.19,17,3,0,5,terminee
745,1,Borne A1 - Centre Commercial,36,2026-05-28 17:13:00.135566,2026-05-28 18:18:00.135566,65,23.02,6.91,17,3,0,5,terminee
746,1,Borne A1 - Centre Commercial,30,2026-05-28 18:20:00.135566,2026-05-28 20:14:00.135566,114,29.81,8.94,18,3,0,5,terminee
2347,3,Borne C3 - Parking Aéroport,19,2026-05-28 18:47:00.135566,2026-05-28 19:48:00.135566,61,148.0,88.8,18,3,0,5,terminee
2348,3,Borne C3 - Parking Aéroport,49,2026-05-28 18:57:00.135566,2026-05-28 19:45:00.135566,48,101.42,60.85,18,3,0,5,terminee
747,1,Borne A1 - Centre Commercial,17,2026-05-28 19:34:00.135566,2026-05-28 21:12:00.135566,98,26.72,8.02,19,3,0,5,terminee
2349,3,Borne C3 - Parking Aéroport,28,2026-05-28 19:59:00.135566,2026-05-28 20:47:00.135566,48,96.81,58.09,19,3,0,5,terminee
748,1,Borne A1 - Centre Commercial,30,2026-05-28 20:23:00.135566,2026-05-28 21:43:00.135566,80,27.96,8.39,20,3,0,5,terminee
1620,2,Borne B2 - Parking Université,3,2026-05-28 21:22:00.135566,2026-05-28 23:09:00.135566,107,58.31,26.24,21,3,0,5,terminee
2350,3,Borne C3 - Parking Aéroport,32,2026-05-28 21:57:00.135566,2026-05-28 22:33:00.135566,36,65.36,39.22,21,3,0,5,terminee
1621,2,Borne B2 - Parking Université,19,2026-05-28 22:31:00.135566,2026-05-29 00:16:00.135566,105,67.81,30.51,22,3,0,5,terminee
1622,2,Borne B2 - Parking Université,37,2026-05-29 04:34:00.135566,2026-05-29 06:18:00.135566,104,68.99,31.05,4,4,0,5,terminee
749,1,Borne A1 - Centre Commercial,31,2026-05-29 05:06:00.135566,2026-05-29 07:03:00.135566,117,42.58,12.77,5,4,0,5,terminee
1623,2,Borne B2 - Parking Université,47,2026-05-29 06:11:00.135566,2026-05-29 07:35:00.135566,84,51.73,23.28,6,4,0,5,terminee
1624,2,Borne B2 - Parking Université,39,2026-05-29 07:29:00.135566,2026-05-29 08:19:00.135566,50,39.46,17.76,7,4,0,5,terminee
2351,3,Borne C3 - Parking Aéroport,43,2026-05-29 08:09:00.135566,2026-05-29 09:35:00.135566,86,202.36,121.42,8,4,0,5,terminee
1626,2,Borne B2 - Parking Université,17,2026-05-29 08:09:00.135566,2026-05-29 09:21:00.135566,72,43.1,19.39,8,4,0,5,terminee
1627,2,Borne B2 - Parking Université,50,2026-05-29 08:34:00.135566,2026-05-29 09:35:00.135566,61,39.73,17.88,8,4,0,5,terminee
1625,2,Borne B2 - Parking Université,34,2026-05-29 08:58:00.135566,2026-05-29 10:23:00.135566,85,47.04,21.17,8,4,0,5,terminee
751,1,Borne A1 - Centre Commercial,15,2026-05-29 09:20:00.135566,2026-05-29 10:27:00.135566,67,15.19,4.56,9,4,0,5,terminee
1628,2,Borne B2 - Parking Université,12,2026-05-29 09:40:00.135566,2026-05-29 10:59:00.135566,79,49.48,22.27,9,4,0,5,terminee
2352,3,Borne C3 - Parking Aéroport,13,2026-05-29 09:40:00.135566,2026-05-29 11:37:00.135566,117,226.98,136.19,9,4,0,5,terminee
750,1,Borne A1 - Centre Commercial,24,2026-05-29 09:48:00.135566,2026-05-29 10:43:00.135566,55,19.48,5.84,9,4,0,5,terminee
1629,2,Borne B2 - Parking Université,24,2026-05-29 09:56:00.135566,2026-05-29 10:13:00.135566,17,12.01,5.4,9,4,0,5,terminee
1631,2,Borne B2 - Parking Université,25,2026-05-29 11:04:00.135566,2026-05-29 12:43:00.135566,99,81.42,36.64,11,4,0,5,terminee
1632,2,Borne B2 - Parking Université,50,2026-05-29 11:12:00.135566,2026-05-29 12:34:00.135566,82,59.67,26.85,11,4,0,5,terminee
752,1,Borne A1 - Centre Commercial,36,2026-05-29 11:47:00.135566,2026-05-29 12:20:00.135566,33,7.34,2.2,11,4,0,5,terminee
1630,2,Borne B2 - Parking Université,47,2026-05-29 11:49:00.135566,2026-05-29 13:23:00.135566,94,54.48,24.52,11,4,0,5,terminee
753,1,Borne A1 - Centre Commercial,27,2026-05-29 11:59:00.135566,2026-05-29 13:28:00.135566,89,27.14,8.14,11,4,0,5,terminee
2353,3,Borne C3 - Parking Aéroport,3,2026-05-29 12:09:00.135566,2026-05-29 12:30:00.135566,21,36.33,21.8,12,4,0,5,terminee
754,1,Borne A1 - Centre Commercial,15,2026-05-29 12:18:00.135566,2026-05-29 12:52:00.135566,34,8.46,2.54,12,4,0,5,terminee
755,1,Borne A1 - Centre Commercial,32,2026-05-29 12:24:00.135566,2026-05-29 13:51:00.135566,87,29.77,8.93,12,4,0,5,terminee
2355,3,Borne C3 - Parking Aéroport,32,2026-05-29 12:27:00.135566,2026-05-29 12:56:00.135566,29,72.36,43.42,12,4,0,5,terminee
2354,3,Borne C3 - Parking Aéroport,30,2026-05-29 12:30:00.135566,2026-05-29 13:18:00.135566,48,79.85,47.91,12,4,0,5,terminee
1634,2,Borne B2 - Parking Université,7,2026-05-29 14:26:00.135566,2026-05-29 16:03:00.135566,97,58.91,26.51,14,4,0,5,terminee
1633,2,Borne B2 - Parking Université,21,2026-05-29 14:35:00.135566,2026-05-29 15:09:00.135566,34,23.95,10.78,14,4,0,5,terminee
756,1,Borne A1 - Centre Commercial,22,2026-05-29 14:35:00.135566,2026-05-29 16:13:00.135566,98,35.12,10.54,14,4,0,5,terminee
2356,3,Borne C3 - Parking Aéroport,46,2026-05-29 17:02:00.135566,2026-05-29 18:13:00.135566,71,131.81,79.09,17,4,0,5,terminee
1635,2,Borne B2 - Parking Université,9,2026-05-29 17:33:00.135566,2026-05-29 19:12:00.135566,99,51.7,23.27,17,4,0,5,terminee
1636,2,Borne B2 - Parking Université,32,2026-05-29 18:11:00.135566,2026-05-29 18:30:00.135566,19,10.78,4.85,18,4,0,5,terminee
2357,3,Borne C3 - Parking Aéroport,8,2026-05-29 18:35:00.135566,2026-05-29 19:52:00.135566,77,150.75,90.45,18,4,0,5,terminee
1637,2,Borne B2 - Parking Université,42,2026-05-29 19:12:00.135566,2026-05-29 19:39:00.135566,27,13.79,6.21,19,4,0,5,terminee
2358,3,Borne C3 - Parking Aéroport,8,2026-05-29 19:54:00.135566,2026-05-29 21:41:00.135566,107,253.26,151.96,19,4,0,5,terminee
757,1,Borne A1 - Centre Commercial,47,2026-05-29 20:16:00.135566,2026-05-29 22:08:00.135566,112,38.14,11.44,20,4,0,5,terminee
758,1,Borne A1 - Centre Commercial,11,2026-05-29 20:41:00.135566,2026-05-29 22:30:00.135566,109,31.82,9.55,20,4,0,5,terminee
1638,2,Borne B2 - Parking Université,34,2026-05-29 20:53:00.135566,2026-05-29 21:57:00.135566,64,46.04,20.72,20,4,0,5,terminee
759,1,Borne A1 - Centre Commercial,9,2026-05-29 21:46:00.135566,2026-05-29 23:42:00.135566,116,31.51,9.45,21,4,0,5,terminee
1640,2,Borne B2 - Parking Université,5,2026-05-30 08:23:00.135566,2026-05-30 09:06:00.135566,43,30.19,13.59,8,5,1,5,terminee
1639,2,Borne B2 - Parking Université,4,2026-05-30 08:39:00.135566,2026-05-30 10:23:00.135566,104,72.46,32.61,8,5,1,5,terminee
761,1,Borne A1 - Centre Commercial,5,2026-05-30 09:41:00.135566,2026-05-30 10:03:00.135566,22,6.53,1.96,9,5,1,5,terminee
760,1,Borne A1 - Centre Commercial,35,2026-05-30 09:46:00.135566,2026-05-30 11:10:00.135566,84,24.5,7.35,9,5,1,5,terminee
762,1,Borne A1 - Centre Commercial,1,2026-05-30 10:52:00.135566,2026-05-30 12:32:00.135566,100,22.71,6.81,10,5,1,5,terminee
1641,2,Borne B2 - Parking Université,6,2026-05-30 12:00:00.135566,2026-05-30 12:41:00.135566,41,29.46,13.26,12,5,1,5,terminee
764,1,Borne A1 - Centre Commercial,14,2026-05-30 13:04:00.135566,2026-05-30 14:49:00.135566,105,25.43,7.63,13,5,1,5,terminee
763,1,Borne A1 - Centre Commercial,15,2026-05-30 13:26:00.135566,2026-05-30 13:58:00.135566,32,10.99,3.3,13,5,1,5,terminee
2359,3,Borne C3 - Parking Aéroport,11,2026-05-30 14:13:00.135566,2026-05-30 15:04:00.135566,51,85.71,51.43,14,5,1,5,terminee
1642,2,Borne B2 - Parking Université,24,2026-05-30 14:29:00.135566,2026-05-30 16:26:00.135566,117,83.42,37.54,14,5,1,5,terminee
1643,2,Borne B2 - Parking Université,27,2026-05-30 14:35:00.135566,2026-05-30 16:25:00.135566,110,89.4,40.23,14,5,1,5,terminee
2360,3,Borne C3 - Parking Aéroport,37,2026-05-30 15:47:00.135566,2026-05-30 17:07:00.135566,80,185.81,111.49,15,5,1,5,terminee
2362,3,Borne C3 - Parking Aéroport,12,2026-05-30 17:00:00.135566,2026-05-30 18:22:00.135566,82,185.88,111.53,17,5,1,5,terminee
765,1,Borne A1 - Centre Commercial,40,2026-05-30 17:32:00.135566,2026-05-30 18:45:00.135566,73,20.06,6.02,17,5,1,5,terminee
2361,3,Borne C3 - Parking Aéroport,38,2026-05-30 17:57:00.135566,2026-05-30 19:36:00.135566,99,206.48,123.89,17,5,1,5,terminee
2363,3,Borne C3 - Parking Aéroport,32,2026-05-30 18:26:00.135566,2026-05-30 18:50:00.135566,24,41.91,25.15,18,5,1,5,terminee
2364,3,Borne C3 - Parking Aéroport,2,2026-05-30 18:43:00.135566,2026-05-30 19:10:00.135566,27,64.46,38.68,18,5,1,5,terminee
1646,2,Borne B2 - Parking Université,5,2026-05-30 18:46:00.135566,2026-05-30 19:10:00.135566,24,18.68,8.41,18,5,1,5,terminee
1644,2,Borne B2 - Parking Université,4,2026-05-30 18:52:00.135566,2026-05-30 19:54:00.135566,62,47.41,21.33,18,5,1,5,terminee
1645,2,Borne B2 - Parking Université,3,2026-05-30 18:52:00.135566,2026-05-30 20:25:00.135566,93,54.74,24.63,18,5,1,5,terminee
1647,2,Borne B2 - Parking Université,47,2026-05-30 19:13:00.135566,2026-05-30 20:34:00.135566,81,43.12,19.4,19,5,1,5,terminee
2365,3,Borne C3 - Parking Aéroport,8,2026-05-30 19:18:00.135566,2026-05-30 21:00:00.135566,102,253.1,151.86,19,5,1,5,terminee
766,1,Borne A1 - Centre Commercial,31,2026-05-30 19:40:00.135566,2026-05-30 21:20:00.135566,100,35.7,10.71,19,5,1,5,terminee
2366,3,Borne C3 - Parking Aéroport,10,2026-05-31 00:37:00.135566,2026-05-31 01:05:00.135566,28,65.44,39.26,0,6,1,5,terminee
2367,3,Borne C3 - Parking Aéroport,46,2026-05-31 07:01:00.135566,2026-05-31 07:26:00.135566,25,49.01,29.41,7,6,1,5,terminee
2368,3,Borne C3 - Parking Aéroport,18,2026-05-31 09:42:00.135566,2026-05-31 10:58:00.135566,76,148.51,89.11,9,6,1,5,terminee
1648,2,Borne B2 - Parking Université,13,2026-05-31 10:14:00.135566,2026-05-31 11:37:00.135566,83,52.16,23.47,10,6,1,5,terminee
1649,2,Borne B2 - Parking Université,41,2026-05-31 12:33:00.135566,2026-05-31 14:12:00.135566,99,57.71,25.97,12,6,1,5,terminee
2369,3,Borne C3 - Parking Aéroport,3,2026-05-31 12:38:00.135566,2026-05-31 14:17:00.135566,99,149.07,89.44,12,6,1,5,terminee
767,1,Borne A1 - Centre Commercial,35,2026-05-31 12:42:00.135566,2026-05-31 13:59:00.135566,77,17.12,5.14,12,6,1,5,terminee
1650,2,Borne B2 - Parking Université,27,2026-05-31 14:11:00.135566,2026-05-31 15:37:00.135566,86,64.48,29.02,14,6,1,5,terminee
1651,2,Borne B2 - Parking Université,37,2026-05-31 16:47:00.135566,2026-05-31 17:15:00.135566,28,21.15,9.52,16,6,1,5,terminee
768,1,Borne A1 - Centre Commercial,34,2026-05-31 17:35:00.135566,2026-05-31 18:42:00.135566,67,14.86,4.46,17,6,1,5,terminee
2370,3,Borne C3 - Parking Aéroport,21,2026-05-31 18:41:00.135566,2026-05-31 20:15:00.135566,94,230.38,138.23,18,6,1,5,terminee
769,1,Borne A1 - Centre Commercial,19,2026-05-31 18:46:00.135566,2026-05-31 19:36:00.135566,50,14.93,4.48,18,6,1,5,terminee
770,1,Borne A1 - Centre Commercial,44,2026-05-31 20:01:00.135566,2026-05-31 21:20:00.135566,79,26.8,8.04,20,6,1,5,terminee
2372,3,Borne C3 - Parking Aéroport,42,2026-05-31 21:08:00.135566,2026-05-31 21:50:00.135566,42,99.26,59.56,21,6,1,5,terminee
2371,3,Borne C3 - Parking Aéroport,37,2026-05-31 21:46:00.135566,2026-05-31 23:34:00.135566,108,259.94,155.96,21,6,1,5,terminee
1652,2,Borne B2 - Parking Université,43,2026-05-31 23:22:00.135566,2026-06-01 01:03:00.135566,101,65.94,29.67,23,6,1,5,terminee
2373,3,Borne C3 - Parking Aéroport,36,2026-06-01 00:51:00.135566,2026-06-01 01:13:00.135566,22,49.36,29.62,0,0,0,6,terminee
771,1,Borne A1 - Centre Commercial,12,2026-06-01 07:27:00.135566,2026-06-01 09:25:00.135566,118,42.22,12.67,7,0,0,6,terminee
1653,2,Borne B2 - Parking Université,12,2026-06-01 07:27:00.135566,2026-06-01 07:55:00.135566,28,15.56,7.0,7,0,0,6,terminee
772,1,Borne A1 - Centre Commercial,16,2026-06-01 08:06:00.135566,2026-06-01 08:33:00.135566,27,8.02,2.41,8,0,0,6,terminee
1655,2,Borne B2 - Parking Université,29,2026-06-01 08:10:00.135566,2026-06-01 09:33:00.135566,83,69.12,31.1,8,0,0,6,terminee
2375,3,Borne C3 - Parking Aéroport,26,2026-06-01 08:11:00.135566,2026-06-01 08:56:00.135566,45,110.93,66.56,8,0,0,6,terminee
1654,2,Borne B2 - Parking Université,43,2026-06-01 08:35:00.135566,2026-06-01 09:41:00.135566,66,44.1,19.85,8,0,0,6,terminee
2374,3,Borne C3 - Parking Aéroport,17,2026-06-01 08:38:00.135566,2026-06-01 09:41:00.135566,63,100.33,60.2,8,0,0,6,terminee
2376,3,Borne C3 - Parking Aéroport,11,2026-06-01 09:05:00.135566,2026-06-01 09:22:00.135566,17,39.99,23.99,9,0,0,6,terminee
1656,2,Borne B2 - Parking Université,36,2026-06-01 09:59:00.135566,2026-06-01 10:59:00.135566,60,48.05,21.62,9,0,0,6,terminee
773,1,Borne A1 - Centre Commercial,23,2026-06-01 10:12:00.135566,2026-06-01 11:46:00.135566,94,27.94,8.38,10,0,0,6,terminee
1657,2,Borne B2 - Parking Université,41,2026-06-01 10:20:00.135566,2026-06-01 11:22:00.135566,62,39.52,17.78,10,0,0,6,terminee
2377,3,Borne C3 - Parking Aéroport,42,2026-06-01 11:24:00.135566,2026-06-01 13:18:00.135566,114,216.87,130.12,11,0,0,6,terminee
1658,2,Borne B2 - Parking Université,39,2026-06-01 11:27:00.135566,2026-06-01 13:27:00.135566,120,89.03,40.06,11,0,0,6,terminee
1659,2,Borne B2 - Parking Université,25,2026-06-01 12:15:00.135566,2026-06-01 13:42:00.135566,87,59.32,26.69,12,0,0,6,terminee
776,1,Borne A1 - Centre Commercial,6,2026-06-01 13:14:00.135566,2026-06-01 14:07:00.135566,53,16.98,5.09,13,0,0,6,terminee
774,1,Borne A1 - Centre Commercial,24,2026-06-01 13:17:00.135566,2026-06-01 15:13:00.135566,116,32.27,9.68,13,0,0,6,terminee
775,1,Borne A1 - Centre Commercial,45,2026-06-01 13:25:00.135566,2026-06-01 14:38:00.135566,73,22.11,6.63,13,0,0,6,terminee
2379,3,Borne C3 - Parking Aéroport,20,2026-06-01 13:31:00.135566,2026-06-01 15:28:00.135566,117,226.09,135.65,13,0,0,6,terminee
2378,3,Borne C3 - Parking Aéroport,20,2026-06-01 13:48:00.135566,2026-06-01 15:26:00.135566,98,162.11,97.27,13,0,0,6,terminee
778,1,Borne A1 - Centre Commercial,31,2026-06-01 14:25:00.135566,2026-06-01 15:28:00.135566,63,17.35,5.21,14,0,0,6,terminee
777,1,Borne A1 - Centre Commercial,6,2026-06-01 14:41:00.135566,2026-06-01 16:19:00.135566,98,32.48,9.74,14,0,0,6,terminee
2381,3,Borne C3 - Parking Aéroport,33,2026-06-01 14:42:00.135566,2026-06-01 15:09:00.135566,27,62.97,37.78,14,0,0,6,terminee
1660,2,Borne B2 - Parking Université,17,2026-06-01 14:49:00.135566,2026-06-01 16:14:00.135566,85,68.74,30.93,14,0,0,6,terminee
2380,3,Borne C3 - Parking Aéroport,23,2026-06-01 14:57:00.135566,2026-06-01 16:39:00.135566,102,214.56,128.74,14,0,0,6,terminee
2382,3,Borne C3 - Parking Aéroport,25,2026-06-01 15:12:00.135566,2026-06-01 16:29:00.135566,77,149.8,89.88,15,0,0,6,terminee
779,1,Borne A1 - Centre Commercial,11,2026-06-01 16:03:00.135566,2026-06-01 17:39:00.135566,96,21.25,6.38,16,0,0,6,terminee
2384,3,Borne C3 - Parking Aéroport,24,2026-06-01 17:05:00.135566,2026-06-01 18:56:00.135566,111,213.4,128.04,17,0,0,6,terminee
1661,2,Borne B2 - Parking Université,26,2026-06-01 17:23:00.135566,2026-06-01 18:35:00.135566,72,46.74,21.03,17,0,0,6,terminee
2383,3,Borne C3 - Parking Aéroport,28,2026-06-01 17:30:00.135566,2026-06-01 18:19:00.135566,49,101.09,60.65,17,0,0,6,terminee
1662,2,Borne B2 - Parking Université,19,2026-06-01 18:00:00.135566,2026-06-01 19:47:00.135566,107,54.74,24.63,18,0,0,6,terminee
780,1,Borne A1 - Centre Commercial,42,2026-06-01 18:05:00.135566,2026-06-01 19:23:00.135566,78,26.83,8.05,18,0,0,6,terminee
2385,3,Borne C3 - Parking Aéroport,28,2026-06-01 18:39:00.135566,2026-06-01 19:17:00.135566,38,73.5,44.1,18,0,0,6,terminee
1663,2,Borne B2 - Parking Université,20,2026-06-01 19:38:00.135566,2026-06-01 19:55:00.135566,17,11.43,5.14,19,0,0,6,terminee
781,1,Borne A1 - Centre Commercial,7,2026-06-01 19:50:00.135566,2026-06-01 20:47:00.135566,57,17.27,5.18,19,0,0,6,terminee
1664,2,Borne B2 - Parking Université,14,2026-06-01 21:00:00.135566,2026-06-01 21:53:00.135566,53,43.89,19.75,21,0,0,6,terminee
1665,2,Borne B2 - Parking Université,45,2026-06-02 08:54:00.135566,2026-06-02 09:49:00.135566,55,27.9,12.55,8,1,0,6,terminee
782,1,Borne A1 - Centre Commercial,15,2026-06-02 08:57:00.135566,2026-06-02 10:19:00.135566,82,29.09,8.73,8,1,0,6,terminee
783,1,Borne A1 - Centre Commercial,31,2026-06-02 09:13:00.135566,2026-06-02 10:56:00.135566,103,36.07,10.82,9,1,0,6,terminee
1666,2,Borne B2 - Parking Université,33,2026-06-02 09:52:00.135566,2026-06-02 10:42:00.135566,50,40.32,18.14,9,1,0,6,terminee
1668,2,Borne B2 - Parking Université,10,2026-06-02 10:06:00.135566,2026-06-02 10:25:00.135566,19,12.42,5.59,10,1,0,6,terminee
1667,2,Borne B2 - Parking Université,10,2026-06-02 10:35:00.135566,2026-06-02 12:03:00.135566,88,71.16,32.02,10,1,0,6,terminee
1669,2,Borne B2 - Parking Université,38,2026-06-02 11:08:00.135566,2026-06-02 11:56:00.135566,48,29.87,13.44,11,1,0,6,terminee
1671,2,Borne B2 - Parking Université,14,2026-06-02 12:05:00.135566,2026-06-02 13:33:00.135566,88,55.73,25.08,12,1,0,6,terminee
1670,2,Borne B2 - Parking Université,20,2026-06-02 12:15:00.135566,2026-06-02 12:59:00.135566,44,25.76,11.59,12,1,0,6,terminee
784,1,Borne A1 - Centre Commercial,44,2026-06-02 12:17:00.135566,2026-06-02 12:37:00.135566,20,7.11,2.13,12,1,0,6,terminee
785,1,Borne A1 - Centre Commercial,37,2026-06-02 12:59:00.135566,2026-06-02 13:49:00.135566,50,17.59,5.28,12,1,0,6,terminee
786,1,Borne A1 - Centre Commercial,21,2026-06-02 13:42:00.135566,2026-06-02 14:01:00.135566,19,4.68,1.4,13,1,0,6,terminee
787,1,Borne A1 - Centre Commercial,49,2026-06-02 14:01:00.135566,2026-06-02 14:42:00.135566,41,12.55,3.77,14,1,0,6,terminee
788,1,Borne A1 - Centre Commercial,5,2026-06-02 15:52:00.135566,2026-06-02 17:38:00.135566,106,36.08,10.82,15,1,0,6,terminee
1672,2,Borne B2 - Parking Université,31,2026-06-02 18:46:00.135566,2026-06-02 19:10:00.135566,24,17.79,8.01,18,1,0,6,terminee
789,1,Borne A1 - Centre Commercial,37,2026-06-02 19:19:00.135566,2026-06-02 19:54:00.135566,35,10.59,3.18,19,1,0,6,terminee
790,1,Borne A1 - Centre Commercial,35,2026-06-02 20:53:00.135566,2026-06-02 21:57:00.135566,64,20.44,6.13,20,1,0,6,terminee
1673,2,Borne B2 - Parking Université,45,2026-06-02 21:11:00.135566,2026-06-02 22:28:00.135566,77,59.69,26.86,21,1,0,6,terminee
791,1,Borne A1 - Centre Commercial,9,2026-06-03 08:21:00.135566,2026-06-03 09:25:00.135566,64,21.17,6.35,8,2,0,6,terminee
2386,3,Borne C3 - Parking Aéroport,44,2026-06-03 08:29:00.135566,2026-06-03 10:10:00.135566,101,174.15,104.49,8,2,0,6,terminee
792,1,Borne A1 - Centre Commercial,33,2026-06-03 08:50:00.135566,2026-06-03 10:33:00.135566,103,33.6,10.08,8,2,0,6,terminee
794,1,Borne A1 - Centre Commercial,50,2026-06-03 10:14:00.135566,2026-06-03 10:38:00.135566,24,6.48,1.94,10,2,0,6,terminee
793,1,Borne A1 - Centre Commercial,28,2026-06-03 10:47:00.135566,2026-06-03 11:46:00.135566,59,13.44,4.03,10,2,0,6,terminee
795,1,Borne A1 - Centre Commercial,50,2026-06-03 11:39:00.135566,2026-06-03 13:10:00.135566,91,25.31,7.59,11,2,0,6,terminee
1674,2,Borne B2 - Parking Université,7,2026-06-03 11:44:00.135566,2026-06-03 13:12:00.135566,88,68.04,30.62,11,2,0,6,terminee
1675,2,Borne B2 - Parking Université,47,2026-06-03 12:38:00.135566,2026-06-03 14:15:00.135566,97,58.21,26.19,12,2,0,6,terminee
1676,2,Borne B2 - Parking Université,50,2026-06-03 12:51:00.135566,2026-06-03 14:19:00.135566,88,55.19,24.84,12,2,0,6,terminee
1677,2,Borne B2 - Parking Université,28,2026-06-03 13:03:00.135566,2026-06-03 14:56:00.135566,113,69.1,31.09,13,2,0,6,terminee
796,1,Borne A1 - Centre Commercial,29,2026-06-03 13:20:00.135566,2026-06-03 13:38:00.135566,18,5.63,1.69,13,2,0,6,terminee
1678,2,Borne B2 - Parking Université,15,2026-06-03 13:26:00.135566,2026-06-03 13:56:00.135566,30,23.7,10.66,13,2,0,6,terminee
797,1,Borne A1 - Centre Commercial,25,2026-06-03 13:31:00.135566,2026-06-03 14:15:00.135566,44,11.98,3.59,13,2,0,6,terminee
1680,2,Borne B2 - Parking Université,4,2026-06-03 13:40:00.135566,2026-06-03 15:34:00.135566,114,81.02,36.46,13,2,0,6,terminee
2387,3,Borne C3 - Parking Aéroport,34,2026-06-03 13:45:00.135566,2026-06-03 14:19:00.135566,34,82.64,49.58,13,2,0,6,terminee
1679,2,Borne B2 - Parking Université,1,2026-06-03 13:47:00.135566,2026-06-03 15:25:00.135566,98,76.75,34.54,13,2,0,6,terminee
1681,2,Borne B2 - Parking Université,35,2026-06-03 15:19:00.135566,2026-06-03 16:41:00.135566,82,42.13,18.96,15,2,0,6,terminee
1683,2,Borne B2 - Parking Université,47,2026-06-03 16:14:00.135566,2026-06-03 16:48:00.135566,34,17.57,7.91,16,2,0,6,terminee
1682,2,Borne B2 - Parking Université,45,2026-06-03 16:36:00.135566,2026-06-03 17:10:00.135566,34,20.7,9.31,16,2,0,6,terminee
2388,3,Borne C3 - Parking Aéroport,19,2026-06-03 16:40:00.135566,2026-06-03 18:17:00.135566,97,196.39,117.83,16,2,0,6,terminee
1684,2,Borne B2 - Parking Université,37,2026-06-03 17:25:00.135566,2026-06-03 18:37:00.135566,72,54.07,24.33,17,2,0,6,terminee
798,1,Borne A1 - Centre Commercial,43,2026-06-03 17:27:00.135566,2026-06-03 18:05:00.135566,38,12.15,3.65,17,2,0,6,terminee
2389,3,Borne C3 - Parking Aéroport,31,2026-06-03 18:29:00.135566,2026-06-03 19:39:00.135566,70,110.54,66.32,18,2,0,6,terminee
1685,2,Borne B2 - Parking Université,19,2026-06-03 18:32:00.135566,2026-06-03 18:58:00.135566,26,14.92,6.71,18,2,0,6,terminee
1687,2,Borne B2 - Parking Université,4,2026-06-03 19:05:00.135566,2026-06-03 20:20:00.135566,75,51.79,23.31,19,2,0,6,terminee
1688,2,Borne B2 - Parking Université,26,2026-06-03 19:35:00.135566,2026-06-03 20:41:00.135566,66,38.78,17.45,19,2,0,6,terminee
1686,2,Borne B2 - Parking Université,22,2026-06-03 19:50:00.135566,2026-06-03 20:55:00.135566,65,35.71,16.07,19,2,0,6,terminee
1689,2,Borne B2 - Parking Université,9,2026-06-03 20:32:00.135566,2026-06-03 21:42:00.135566,70,53.06,23.88,20,2,0,6,terminee
1690,2,Borne B2 - Parking Université,13,2026-06-03 20:48:00.135566,2026-06-03 21:20:00.135566,32,21.13,9.51,20,2,0,6,terminee
799,1,Borne A1 - Centre Commercial,19,2026-06-03 23:24:00.135566,2026-06-03 23:49:00.135566,25,8.33,2.5,23,2,0,6,terminee
2390,3,Borne C3 - Parking Aéroport,16,2026-06-04 05:08:00.135566,2026-06-04 06:50:00.135566,102,245.1,147.06,5,3,0,6,terminee
1691,2,Borne B2 - Parking Université,13,2026-06-04 08:31:00.135566,2026-06-04 09:36:00.135566,65,46.63,20.98,8,3,0,6,terminee
1692,2,Borne B2 - Parking Université,34,2026-06-04 09:35:00.135566,2026-06-04 11:08:00.135566,93,77.41,34.83,9,3,0,6,terminee
1693,2,Borne B2 - Parking Université,50,2026-06-04 10:15:00.135566,2026-06-04 11:01:00.135566,46,24.1,10.85,10,3,0,6,terminee
800,1,Borne A1 - Centre Commercial,6,2026-06-04 11:51:00.135566,2026-06-04 12:37:00.135566,46,14.93,4.48,11,3,0,6,terminee
1694,2,Borne B2 - Parking Université,37,2026-06-04 12:27:00.135566,2026-06-04 13:23:00.135566,56,40.78,18.35,12,3,0,6,terminee
1695,2,Borne B2 - Parking Université,28,2026-06-04 13:05:00.135566,2026-06-04 13:34:00.135566,29,20.99,9.45,13,3,0,6,terminee
803,1,Borne A1 - Centre Commercial,20,2026-06-04 13:06:00.135566,2026-06-04 13:32:00.135566,26,5.74,1.72,13,3,0,6,terminee
805,1,Borne A1 - Centre Commercial,29,2026-06-04 13:08:00.135566,2026-06-04 13:34:00.135566,26,6.43,1.93,13,3,0,6,terminee
802,1,Borne A1 - Centre Commercial,24,2026-06-04 13:09:00.135566,2026-06-04 14:58:00.135566,109,30.21,9.06,13,3,0,6,terminee
801,1,Borne A1 - Centre Commercial,41,2026-06-04 13:17:00.135566,2026-06-04 13:51:00.135566,34,9.37,2.81,13,3,0,6,terminee
1696,2,Borne B2 - Parking Université,23,2026-06-04 13:23:00.135566,2026-06-04 14:22:00.135566,59,33.25,14.96,13,3,0,6,terminee
804,1,Borne A1 - Centre Commercial,7,2026-06-04 13:28:00.135566,2026-06-04 14:29:00.135566,61,20.23,6.07,13,3,0,6,terminee
2391,3,Borne C3 - Parking Aéroport,4,2026-06-04 13:33:00.135566,2026-06-04 14:42:00.135566,69,123.89,74.33,13,3,0,6,terminee
2392,3,Borne C3 - Parking Aéroport,33,2026-06-04 14:35:00.135566,2026-06-04 14:59:00.135566,24,58.02,34.81,14,3,0,6,terminee
1698,2,Borne B2 - Parking Université,29,2026-06-04 15:10:00.135566,2026-06-04 16:09:00.135566,59,41.62,18.73,15,3,0,6,terminee
1697,2,Borne B2 - Parking Université,20,2026-06-04 15:38:00.135566,2026-06-04 17:16:00.135566,98,49.79,22.41,15,3,0,6,terminee
1699,2,Borne B2 - Parking Université,15,2026-06-04 15:39:00.135566,2026-06-04 16:12:00.135566,33,21.35,9.61,15,3,0,6,terminee
1700,2,Borne B2 - Parking Université,49,2026-06-04 16:12:00.135566,2026-06-04 17:54:00.135566,102,63.71,28.67,16,3,0,6,terminee
1702,2,Borne B2 - Parking Université,19,2026-06-04 17:15:00.135566,2026-06-04 18:49:00.135566,94,76.04,34.22,17,3,0,6,terminee
1701,2,Borne B2 - Parking Université,4,2026-06-04 17:46:00.135566,2026-06-04 18:11:00.135566,25,13.44,6.05,17,3,0,6,terminee
807,1,Borne A1 - Centre Commercial,6,2026-06-04 19:01:00.135566,2026-06-04 19:27:00.135566,26,7.07,2.12,19,3,0,6,terminee
2393,3,Borne C3 - Parking Aéroport,7,2026-06-04 19:06:00.135566,2026-06-04 20:26:00.135566,80,153.99,92.39,19,3,0,6,terminee
2394,3,Borne C3 - Parking Aéroport,17,2026-06-04 19:29:00.135566,2026-06-04 21:08:00.135566,99,219.81,131.89,19,3,0,6,terminee
806,1,Borne A1 - Centre Commercial,7,2026-06-04 19:35:00.135566,2026-06-04 21:01:00.135566,86,25.38,7.61,19,3,0,6,terminee
1703,2,Borne B2 - Parking Université,8,2026-06-04 21:00:00.135566,2026-06-04 21:58:00.135566,58,42.41,19.08,21,3,0,6,terminee
2395,3,Borne C3 - Parking Aéroport,50,2026-06-04 21:22:00.135566,2026-06-04 22:09:00.135566,47,98.02,58.81,21,3,0,6,terminee
808,1,Borne A1 - Centre Commercial,25,2026-06-04 21:38:00.135566,2026-06-04 23:09:00.135566,91,30.49,9.15,21,3,0,6,terminee
1704,2,Borne B2 - Parking Université,22,2026-06-05 00:19:00.135566,2026-06-05 01:31:00.135566,72,47.31,21.29,0,4,0,6,terminee
1705,2,Borne B2 - Parking Université,14,2026-06-05 03:13:00.135566,2026-06-05 05:02:00.135566,109,74.05,33.32,3,4,0,6,terminee
2396,3,Borne C3 - Parking Aéroport,12,2026-06-05 08:07:00.135566,2026-06-05 09:56:00.135566,109,235.61,141.37,8,4,0,6,terminee
1707,2,Borne B2 - Parking Université,10,2026-06-05 08:30:00.135566,2026-06-05 10:04:00.135566,94,69.87,31.44,8,4,0,6,terminee
1706,2,Borne B2 - Parking Université,36,2026-06-05 08:34:00.135566,2026-06-05 09:55:00.135566,81,60.76,27.34,8,4,0,6,terminee
1708,2,Borne B2 - Parking Université,25,2026-06-05 09:44:00.135566,2026-06-05 11:28:00.135566,104,75.17,33.83,9,4,0,6,terminee
2397,3,Borne C3 - Parking Aéroport,3,2026-06-05 09:50:00.135566,2026-06-05 10:28:00.135566,38,89.03,53.42,9,4,0,6,terminee
809,1,Borne A1 - Centre Commercial,50,2026-06-05 10:00:00.135566,2026-06-05 10:52:00.135566,52,14.6,4.38,10,4,0,6,terminee
1709,2,Borne B2 - Parking Université,17,2026-06-05 10:37:00.135566,2026-06-05 12:16:00.135566,99,66.88,30.1,10,4,0,6,terminee
2398,3,Borne C3 - Parking Aéroport,20,2026-06-05 11:05:00.135566,2026-06-05 12:13:00.135566,68,161.62,96.97,11,4,0,6,terminee
810,1,Borne A1 - Centre Commercial,16,2026-06-05 12:05:00.135566,2026-06-05 13:52:00.135566,107,37.68,11.3,12,4,0,6,terminee
811,1,Borne A1 - Centre Commercial,25,2026-06-05 12:36:00.135566,2026-06-05 13:57:00.135566,81,19.83,5.95,12,4,0,6,terminee
1710,2,Borne B2 - Parking Université,45,2026-06-05 13:10:00.135566,2026-06-05 13:32:00.135566,22,13.08,5.89,13,4,0,6,terminee
812,1,Borne A1 - Centre Commercial,18,2026-06-05 13:10:00.135566,2026-06-05 13:42:00.135566,32,8.3,2.49,13,4,0,6,terminee
2399,3,Borne C3 - Parking Aéroport,49,2026-06-05 13:20:00.135566,2026-06-05 14:50:00.135566,90,200.17,120.1,13,4,0,6,terminee
2400,3,Borne C3 - Parking Aéroport,17,2026-06-05 14:42:00.135566,2026-06-05 15:54:00.135566,72,152.91,91.75,14,4,0,6,terminee
2401,3,Borne C3 - Parking Aéroport,12,2026-06-05 15:21:00.135566,2026-06-05 17:19:00.135566,118,199.09,119.45,15,4,0,6,terminee
2404,3,Borne C3 - Parking Aéroport,1,2026-06-05 16:01:00.135566,2026-06-05 16:16:00.135566,15,28.42,17.05,16,4,0,6,terminee
2402,3,Borne C3 - Parking Aéroport,17,2026-06-05 16:05:00.135566,2026-06-05 17:55:00.135566,110,273.04,163.82,16,4,0,6,terminee
813,1,Borne A1 - Centre Commercial,28,2026-06-05 16:31:00.135566,2026-06-05 17:04:00.135566,33,7.57,2.27,16,4,0,6,terminee
1711,2,Borne B2 - Parking Université,42,2026-06-05 16:39:00.135566,2026-06-05 17:28:00.135566,49,25.37,11.42,16,4,0,6,terminee
2403,3,Borne C3 - Parking Aéroport,35,2026-06-05 16:55:00.135566,2026-06-05 18:36:00.135566,101,162.24,97.34,16,4,0,6,terminee
1712,2,Borne B2 - Parking Université,18,2026-06-05 17:00:00.135566,2026-06-05 17:23:00.135566,23,14.48,6.52,17,4,0,6,terminee
2405,3,Borne C3 - Parking Aéroport,45,2026-06-05 17:10:00.135566,2026-06-05 18:48:00.135566,98,193.76,116.26,17,4,0,6,terminee
814,1,Borne A1 - Centre Commercial,5,2026-06-05 17:17:00.135566,2026-06-05 18:25:00.135566,68,17.95,5.38,17,4,0,6,terminee
1714,2,Borne B2 - Parking Université,42,2026-06-05 18:01:00.135566,2026-06-05 18:53:00.135566,52,41.04,18.47,18,4,0,6,terminee
1715,2,Borne B2 - Parking Université,33,2026-06-05 18:24:00.135566,2026-06-05 19:08:00.135566,44,36.37,16.37,18,4,0,6,terminee
2406,3,Borne C3 - Parking Aéroport,39,2026-06-05 18:25:00.135566,2026-06-05 20:04:00.135566,99,244.11,146.47,18,4,0,6,terminee
1713,2,Borne B2 - Parking Université,7,2026-06-05 18:42:00.135566,2026-06-05 20:21:00.135566,99,61.39,27.63,18,4,0,6,terminee
2408,3,Borne C3 - Parking Aéroport,45,2026-06-05 19:23:00.135566,2026-06-05 21:06:00.135566,103,223.9,134.34,19,4,0,6,terminee
2409,3,Borne C3 - Parking Aéroport,6,2026-06-05 19:43:00.135566,2026-06-05 20:48:00.135566,65,149.8,89.88,19,4,0,6,terminee
1716,2,Borne B2 - Parking Université,32,2026-06-05 19:45:00.135566,2026-06-05 20:12:00.135566,27,21.63,9.73,19,4,0,6,terminee
2407,3,Borne C3 - Parking Aéroport,40,2026-06-05 19:46:00.135566,2026-06-05 21:03:00.135566,77,138.82,83.29,19,4,0,6,terminee
1717,2,Borne B2 - Parking Université,12,2026-06-05 19:55:00.135566,2026-06-05 21:26:00.135566,91,61.62,27.73,19,4,0,6,terminee
2410,3,Borne C3 - Parking Aéroport,8,2026-06-05 21:08:00.135566,2026-06-05 21:40:00.135566,32,48.44,29.06,21,4,0,6,terminee
2411,3,Borne C3 - Parking Aéroport,13,2026-06-05 22:52:00.135566,2026-06-05 23:09:00.135566,17,37.33,22.4,22,4,0,6,terminee
1718,2,Borne B2 - Parking Université,36,2026-06-06 06:12:00.135566,2026-06-06 07:31:00.135566,79,64.96,29.23,6,5,1,6,terminee
815,1,Borne A1 - Centre Commercial,47,2026-06-06 06:23:00.135566,2026-06-06 07:10:00.135566,47,16.85,5.06,6,5,1,6,terminee
816,1,Borne A1 - Centre Commercial,13,2026-06-06 06:40:00.135566,2026-06-06 07:58:00.135566,78,23.95,7.18,6,5,1,6,terminee
817,1,Borne A1 - Centre Commercial,1,2026-06-06 07:29:00.135566,2026-06-06 07:57:00.135566,28,6.72,2.02,7,5,1,6,terminee
1719,2,Borne B2 - Parking Université,16,2026-06-06 07:59:00.135566,2026-06-06 09:45:00.135566,106,53.76,24.19,7,5,1,6,terminee
2412,3,Borne C3 - Parking Aéroport,42,2026-06-06 08:13:00.135566,2026-06-06 09:29:00.135566,76,163.3,97.98,8,5,1,6,terminee
1720,2,Borne B2 - Parking Université,32,2026-06-06 08:59:00.135566,2026-06-06 10:21:00.135566,82,49.33,22.2,8,5,1,6,terminee
818,1,Borne A1 - Centre Commercial,25,2026-06-06 12:25:00.135566,2026-06-06 13:22:00.135566,57,19.58,5.87,12,5,1,6,terminee
819,1,Borne A1 - Centre Commercial,28,2026-06-06 12:51:00.135566,2026-06-06 13:48:00.135566,57,16.22,4.87,12,5,1,6,terminee
821,1,Borne A1 - Centre Commercial,45,2026-06-06 13:08:00.135566,2026-06-06 14:01:00.135566,53,14.15,4.25,13,5,1,6,terminee
822,1,Borne A1 - Centre Commercial,26,2026-06-06 13:12:00.135566,2026-06-06 14:28:00.135566,76,20.22,6.07,13,5,1,6,terminee
2414,3,Borne C3 - Parking Aéroport,30,2026-06-06 13:12:00.135566,2026-06-06 13:38:00.135566,26,46.82,28.09,13,5,1,6,terminee
2413,3,Borne C3 - Parking Aéroport,35,2026-06-06 13:15:00.135566,2026-06-06 14:25:00.135566,70,163.95,98.37,13,5,1,6,terminee
823,1,Borne A1 - Centre Commercial,41,2026-06-06 13:20:00.135566,2026-06-06 14:12:00.135566,52,17.04,5.11,13,5,1,6,terminee
820,1,Borne A1 - Centre Commercial,39,2026-06-06 13:52:00.135566,2026-06-06 15:52:00.135566,120,41.53,12.46,13,5,1,6,terminee
825,1,Borne A1 - Centre Commercial,26,2026-06-06 14:24:00.135566,2026-06-06 15:14:00.135566,50,16.99,5.1,14,5,1,6,terminee
824,1,Borne A1 - Centre Commercial,21,2026-06-06 14:31:00.135566,2026-06-06 15:59:00.135566,88,29.45,8.83,14,5,1,6,terminee
2415,3,Borne C3 - Parking Aéroport,8,2026-06-06 15:09:00.135566,2026-06-06 16:24:00.135566,75,144.14,86.48,15,5,1,6,terminee
826,1,Borne A1 - Centre Commercial,13,2026-06-06 18:23:00.135566,2026-06-06 18:52:00.135566,29,10.34,3.1,18,5,1,6,terminee
1721,2,Borne B2 - Parking Université,23,2026-06-06 18:25:00.135566,2026-06-06 20:15:00.135566,110,60.76,27.34,18,5,1,6,terminee
2416,3,Borne C3 - Parking Aéroport,29,2026-06-06 19:10:00.135566,2026-06-06 19:44:00.135566,34,76.12,45.67,19,5,1,6,terminee
2417,3,Borne C3 - Parking Aéroport,29,2026-06-06 19:31:00.135566,2026-06-06 20:46:00.135566,75,113.97,68.38,19,5,1,6,terminee
1722,2,Borne B2 - Parking Université,20,2026-06-06 19:43:00.135566,2026-06-06 20:43:00.135566,60,37.11,16.7,19,5,1,6,terminee
2418,3,Borne C3 - Parking Aéroport,37,2026-06-06 21:37:00.135566,2026-06-06 22:23:00.135566,46,78.26,46.96,21,5,1,6,terminee
827,1,Borne A1 - Centre Commercial,50,2026-06-06 21:37:00.135566,2026-06-06 23:01:00.135566,84,20.7,6.21,21,5,1,6,terminee
1723,2,Borne B2 - Parking Université,4,2026-06-07 09:15:00.135566,2026-06-07 10:34:00.135566,79,46.76,21.04,9,6,1,6,terminee
828,1,Borne A1 - Centre Commercial,30,2026-06-07 12:35:00.135566,2026-06-07 12:53:00.135566,18,6.48,1.94,12,6,1,6,terminee
1725,2,Borne B2 - Parking Université,22,2026-06-07 12:35:00.135566,2026-06-07 13:25:00.135566,50,28.76,12.94,12,6,1,6,terminee
1724,2,Borne B2 - Parking Université,2,2026-06-07 12:40:00.135566,2026-06-07 13:27:00.135566,47,37.27,16.77,12,6,1,6,terminee
1726,2,Borne B2 - Parking Université,6,2026-06-07 13:57:00.135566,2026-06-07 15:02:00.135566,65,46.73,21.03,13,6,1,6,terminee
829,1,Borne A1 - Centre Commercial,19,2026-06-07 15:45:00.135566,2026-06-07 16:26:00.135566,41,11.66,3.5,15,6,1,6,terminee
830,1,Borne A1 - Centre Commercial,27,2026-06-07 15:53:00.135566,2026-06-07 17:36:00.135566,103,23.7,7.11,15,6,1,6,terminee
831,1,Borne A1 - Centre Commercial,20,2026-06-07 16:43:00.135566,2026-06-07 18:01:00.135566,78,18.75,5.62,16,6,1,6,terminee
832,1,Borne A1 - Centre Commercial,46,2026-06-07 18:15:00.135566,2026-06-07 19:02:00.135566,47,14.88,4.46,18,6,1,6,terminee
2419,3,Borne C3 - Parking Aéroport,7,2026-06-07 18:25:00.135566,2026-06-07 18:46:00.135566,21,38.51,23.11,18,6,1,6,terminee
833,1,Borne A1 - Centre Commercial,29,2026-06-07 18:27:00.135566,2026-06-07 20:23:00.135566,116,31.93,9.58,18,6,1,6,terminee
834,1,Borne A1 - Centre Commercial,35,2026-06-07 18:38:00.135566,2026-06-07 19:54:00.135566,76,23.21,6.96,18,6,1,6,terminee
2420,3,Borne C3 - Parking Aéroport,27,2026-06-07 18:40:00.135566,2026-06-07 20:26:00.135566,106,204.77,122.86,18,6,1,6,terminee
1727,2,Borne B2 - Parking Université,44,2026-06-07 18:46:00.135566,2026-06-07 19:49:00.135566,63,42.44,19.1,18,6,1,6,terminee
2421,3,Borne C3 - Parking Aéroport,39,2026-06-07 18:54:00.135566,2026-06-07 20:12:00.135566,78,174.49,104.69,18,6,1,6,terminee
1728,2,Borne B2 - Parking Université,27,2026-06-07 19:39:00.135566,2026-06-07 21:14:00.135566,95,69.24,31.16,19,6,1,6,terminee
835,1,Borne A1 - Centre Commercial,3,2026-06-07 20:32:00.135566,2026-06-07 22:15:00.135566,103,28.98,8.69,20,6,1,6,terminee
2422,3,Borne C3 - Parking Aéroport,3,2026-06-07 20:46:00.135566,2026-06-07 22:11:00.135566,85,212.42,127.45,20,6,1,6,terminee
1729,2,Borne B2 - Parking Université,20,2026-06-08 07:15:00.135566,2026-06-08 08:43:00.135566,88,48.48,21.82,7,0,0,6,terminee
1730,2,Borne B2 - Parking Université,35,2026-06-08 07:58:00.135566,2026-06-08 09:30:00.135566,92,56.1,25.25,7,0,0,6,terminee
1731,2,Borne B2 - Parking Université,38,2026-06-08 08:08:00.135566,2026-06-08 08:49:00.135566,41,29.42,13.24,8,0,0,6,terminee
2423,3,Borne C3 - Parking Aéroport,40,2026-06-08 08:31:00.135566,2026-06-08 09:51:00.135566,80,167.28,100.37,8,0,0,6,terminee
1733,2,Borne B2 - Parking Université,34,2026-06-08 09:19:00.135566,2026-06-08 11:02:00.135566,103,75.71,34.07,9,0,0,6,terminee
1732,2,Borne B2 - Parking Université,9,2026-06-08 09:34:00.135566,2026-06-08 11:16:00.135566,102,78.2,35.19,9,0,0,6,terminee
836,1,Borne A1 - Centre Commercial,35,2026-06-08 09:50:00.135566,2026-06-08 10:51:00.135566,61,19.7,5.91,9,0,0,6,terminee
2424,3,Borne C3 - Parking Aéroport,32,2026-06-08 09:59:00.135566,2026-06-08 11:40:00.135566,101,242.91,145.75,9,0,0,6,terminee
837,1,Borne A1 - Centre Commercial,7,2026-06-08 10:38:00.135566,2026-06-08 12:14:00.135566,96,33.99,10.2,10,0,0,6,terminee
2425,3,Borne C3 - Parking Aéroport,2,2026-06-08 11:14:00.135566,2026-06-08 13:00:00.135566,106,165.43,99.26,11,0,0,6,terminee
2426,3,Borne C3 - Parking Aéroport,5,2026-06-08 11:27:00.135566,2026-06-08 12:55:00.135566,88,159.79,95.87,11,0,0,6,terminee
838,1,Borne A1 - Centre Commercial,23,2026-06-08 12:49:00.135566,2026-06-08 13:35:00.135566,46,14.56,4.37,12,0,0,6,terminee
1734,2,Borne B2 - Parking Université,50,2026-06-08 12:58:00.135566,2026-06-08 13:30:00.135566,32,20.59,9.27,12,0,0,6,terminee
2428,3,Borne C3 - Parking Aéroport,42,2026-06-08 13:07:00.135566,2026-06-08 14:25:00.135566,78,165.57,99.34,13,0,0,6,terminee
1735,2,Borne B2 - Parking Université,11,2026-06-08 13:09:00.135566,2026-06-08 14:47:00.135566,98,79.48,35.77,13,0,0,6,terminee
839,1,Borne A1 - Centre Commercial,37,2026-06-08 13:10:00.135566,2026-06-08 14:47:00.135566,97,30.06,9.02,13,0,0,6,terminee
2427,3,Borne C3 - Parking Aéroport,31,2026-06-08 13:17:00.135566,2026-06-08 14:54:00.135566,97,185.96,111.58,13,0,0,6,terminee
1737,2,Borne B2 - Parking Université,10,2026-06-08 14:07:00.135566,2026-06-08 14:45:00.135566,38,23.02,10.36,14,0,0,6,terminee
1736,2,Borne B2 - Parking Université,47,2026-06-08 14:20:00.135566,2026-06-08 14:43:00.135566,23,15.77,7.1,14,0,0,6,terminee
2429,3,Borne C3 - Parking Aéroport,2,2026-06-08 14:22:00.135566,2026-06-08 15:34:00.135566,72,158.22,94.93,14,0,0,6,terminee
842,1,Borne A1 - Centre Commercial,48,2026-06-08 15:06:00.135566,2026-06-08 15:54:00.135566,48,12.12,3.64,15,0,0,6,terminee
841,1,Borne A1 - Centre Commercial,1,2026-06-08 15:21:00.135566,2026-06-08 17:17:00.135566,116,32.84,9.85,15,0,0,6,terminee
840,1,Borne A1 - Centre Commercial,49,2026-06-08 15:41:00.135566,2026-06-08 17:22:00.135566,101,31.8,9.54,15,0,0,6,terminee
1738,2,Borne B2 - Parking Université,27,2026-06-08 15:46:00.135566,2026-06-08 16:04:00.135566,18,13.59,6.12,15,0,0,6,terminee
2430,3,Borne C3 - Parking Aéroport,31,2026-06-08 16:10:00.135566,2026-06-08 17:01:00.135566,51,113.54,68.12,16,0,0,6,terminee
843,1,Borne A1 - Centre Commercial,37,2026-06-08 16:33:00.135566,2026-06-08 17:59:00.135566,86,26.24,7.87,16,0,0,6,terminee
844,1,Borne A1 - Centre Commercial,30,2026-06-08 17:14:00.135566,2026-06-08 18:26:00.135566,72,19.79,5.94,17,0,0,6,terminee
2431,3,Borne C3 - Parking Aéroport,15,2026-06-08 18:22:00.135566,2026-06-08 19:33:00.135566,71,122.98,73.79,18,0,0,6,terminee
2432,3,Borne C3 - Parking Aéroport,39,2026-06-08 18:37:00.135566,2026-06-08 20:19:00.135566,102,187.59,112.55,18,0,0,6,terminee
845,1,Borne A1 - Centre Commercial,33,2026-06-08 18:49:00.135566,2026-06-08 20:30:00.135566,101,30.94,9.28,18,0,0,6,terminee
1739,2,Borne B2 - Parking Université,41,2026-06-08 19:26:00.135566,2026-06-08 20:19:00.135566,53,34.33,15.45,19,0,0,6,terminee
1740,2,Borne B2 - Parking Université,50,2026-06-08 19:59:00.135566,2026-06-08 21:48:00.135566,109,64.45,29.0,19,0,0,6,terminee
846,1,Borne A1 - Centre Commercial,31,2026-06-08 20:09:00.135566,2026-06-08 21:08:00.135566,59,21.61,6.48,20,0,0,6,terminee
1741,2,Borne B2 - Parking Université,2,2026-06-08 20:12:00.135566,2026-06-08 20:40:00.135566,28,15.23,6.85,20,0,0,6,terminee
847,1,Borne A1 - Centre Commercial,6,2026-06-08 23:06:00.135566,2026-06-08 23:58:00.135566,52,14.61,4.38,23,0,0,6,terminee
2433,3,Borne C3 - Parking Aéroport,19,2026-06-09 07:45:00.135566,2026-06-09 09:24:00.135566,99,194.88,116.93,7,1,0,6,terminee
1742,2,Borne B2 - Parking Université,39,2026-06-09 07:48:00.135566,2026-06-09 09:21:00.135566,93,65.63,29.53,7,1,0,6,terminee
848,1,Borne A1 - Centre Commercial,20,2026-06-09 08:07:00.135566,2026-06-09 09:55:00.135566,108,26.0,7.8,8,1,0,6,terminee
849,1,Borne A1 - Centre Commercial,34,2026-06-09 08:21:00.135566,2026-06-09 09:34:00.135566,73,24.46,7.34,8,1,0,6,terminee
1743,2,Borne B2 - Parking Université,15,2026-06-09 10:36:00.135566,2026-06-09 12:09:00.135566,93,53.66,24.15,10,1,0,6,terminee
1744,2,Borne B2 - Parking Université,6,2026-06-09 12:14:00.135566,2026-06-09 13:56:00.135566,102,51.89,23.35,12,1,0,6,terminee
850,1,Borne A1 - Centre Commercial,29,2026-06-09 12:30:00.135566,2026-06-09 13:29:00.135566,59,17.1,5.13,12,1,0,6,terminee
2434,3,Borne C3 - Parking Aéroport,27,2026-06-09 12:46:00.135566,2026-06-09 14:32:00.135566,106,200.38,120.23,12,1,0,6,terminee
2435,3,Borne C3 - Parking Aéroport,24,2026-06-09 12:53:00.135566,2026-06-09 14:34:00.135566,101,217.4,130.44,12,1,0,6,terminee
851,1,Borne A1 - Centre Commercial,5,2026-06-09 13:46:00.135566,2026-06-09 15:30:00.135566,104,29.78,8.93,13,1,0,6,terminee
1745,2,Borne B2 - Parking Université,33,2026-06-09 14:44:00.135566,2026-06-09 16:38:00.135566,114,75.11,33.8,14,1,0,6,terminee
1746,2,Borne B2 - Parking Université,42,2026-06-09 14:54:00.135566,2026-06-09 16:26:00.135566,92,60.38,27.17,14,1,0,6,terminee
852,1,Borne A1 - Centre Commercial,8,2026-06-09 15:19:00.135566,2026-06-09 15:39:00.135566,20,6.78,2.03,15,1,0,6,terminee
1747,2,Borne B2 - Parking Université,32,2026-06-09 15:23:00.135566,2026-06-09 16:01:00.135566,38,29.79,13.41,15,1,0,6,terminee
2436,3,Borne C3 - Parking Aéroport,11,2026-06-09 15:50:00.135566,2026-06-09 17:05:00.135566,75,172.48,103.49,15,1,0,6,terminee
1748,2,Borne B2 - Parking Université,15,2026-06-09 16:30:00.135566,2026-06-09 17:02:00.135566,32,17.75,7.99,16,1,0,6,terminee
1749,2,Borne B2 - Parking Université,1,2026-06-09 17:02:00.135566,2026-06-09 18:09:00.135566,67,50.57,22.76,17,1,0,6,terminee
1750,2,Borne B2 - Parking Université,15,2026-06-09 17:59:00.135566,2026-06-09 18:48:00.135566,49,40.02,18.01,17,1,0,6,terminee
2438,3,Borne C3 - Parking Aéroport,12,2026-06-09 18:05:00.135566,2026-06-09 19:45:00.135566,100,198.29,118.97,18,1,0,6,terminee
1752,2,Borne B2 - Parking Université,29,2026-06-09 18:13:00.135566,2026-06-09 18:36:00.135566,23,12.86,5.79,18,1,0,6,terminee
2437,3,Borne C3 - Parking Aéroport,48,2026-06-09 18:39:00.135566,2026-06-09 19:20:00.135566,41,73.08,43.85,18,1,0,6,terminee
1751,2,Borne B2 - Parking Université,49,2026-06-09 18:47:00.135566,2026-06-09 20:27:00.135566,100,82.94,37.32,18,1,0,6,terminee
1753,2,Borne B2 - Parking Université,21,2026-06-09 18:55:00.135566,2026-06-09 20:28:00.135566,93,61.69,27.76,18,1,0,6,terminee
2439,3,Borne C3 - Parking Aéroport,7,2026-06-09 19:12:00.135566,2026-06-09 19:47:00.135566,35,73.7,44.22,19,1,0,6,terminee
1755,2,Borne B2 - Parking Université,48,2026-06-09 19:25:00.135566,2026-06-09 21:19:00.135566,114,58.59,26.37,19,1,0,6,terminee
2440,3,Borne C3 - Parking Aéroport,32,2026-06-09 19:50:00.135566,2026-06-09 20:58:00.135566,68,166.13,99.68,19,1,0,6,terminee
1754,2,Borne B2 - Parking Université,28,2026-06-09 19:55:00.135566,2026-06-09 21:08:00.135566,73,58.1,26.14,19,1,0,6,terminee
853,1,Borne A1 - Centre Commercial,44,2026-06-09 20:01:00.135566,2026-06-09 20:59:00.135566,58,18.27,5.48,20,1,0,6,terminee
2441,3,Borne C3 - Parking Aéroport,4,2026-06-09 20:19:00.135566,2026-06-09 21:04:00.135566,45,76.92,46.15,20,1,0,6,terminee
854,1,Borne A1 - Centre Commercial,48,2026-06-09 20:51:00.135566,2026-06-09 21:27:00.135566,36,12.83,3.85,20,1,0,6,terminee
1756,2,Borne B2 - Parking Université,26,2026-06-09 20:52:00.135566,2026-06-09 21:55:00.135566,63,46.62,20.98,20,1,0,6,terminee
855,1,Borne A1 - Centre Commercial,11,2026-06-09 21:15:00.135566,2026-06-09 22:36:00.135566,81,19.89,5.97,21,1,0,6,terminee
856,1,Borne A1 - Centre Commercial,30,2026-06-09 22:21:00.135566,2026-06-09 23:47:00.135566,86,24.3,7.29,22,1,0,6,terminee
2442,3,Borne C3 - Parking Aéroport,23,2026-06-09 23:01:00.135566,2026-06-10 00:01:00.135566,60,142.85,85.71,23,1,0,6,terminee
2443,3,Borne C3 - Parking Aéroport,33,2026-06-10 05:11:00.135566,2026-06-10 07:11:00.135566,120,283.14,169.88,5,2,0,6,terminee
2444,3,Borne C3 - Parking Aéroport,28,2026-06-10 06:02:00.135566,2026-06-10 08:00:00.135566,118,184.51,110.71,6,2,0,6,terminee
858,1,Borne A1 - Centre Commercial,26,2026-06-10 07:11:00.135566,2026-06-10 08:47:00.135566,96,30.37,9.11,7,2,0,6,terminee
857,1,Borne A1 - Centre Commercial,12,2026-06-10 07:14:00.135566,2026-06-10 09:11:00.135566,117,32.69,9.81,7,2,0,6,terminee
1757,2,Borne B2 - Parking Université,35,2026-06-10 07:39:00.135566,2026-06-10 09:29:00.135566,110,75.97,34.19,7,2,0,6,terminee
859,1,Borne A1 - Centre Commercial,13,2026-06-10 08:01:00.135566,2026-06-10 09:50:00.135566,109,33.8,10.14,8,2,0,6,terminee
2445,3,Borne C3 - Parking Aéroport,36,2026-06-10 08:07:00.135566,2026-06-10 09:41:00.135566,94,162.31,97.39,8,2,0,6,terminee
1758,2,Borne B2 - Parking Université,3,2026-06-10 08:33:00.135566,2026-06-10 10:10:00.135566,97,76.82,34.57,8,2,0,6,terminee
1759,2,Borne B2 - Parking Université,3,2026-06-10 09:33:00.135566,2026-06-10 10:01:00.135566,28,18.22,8.2,9,2,0,6,terminee
860,1,Borne A1 - Centre Commercial,1,2026-06-10 11:28:00.135566,2026-06-10 12:58:00.135566,90,25.47,7.64,11,2,0,6,terminee
863,1,Borne A1 - Centre Commercial,12,2026-06-10 12:06:00.135566,2026-06-10 14:03:00.135566,117,40.7,12.21,12,2,0,6,terminee
862,1,Borne A1 - Centre Commercial,37,2026-06-10 12:45:00.135566,2026-06-10 14:43:00.135566,118,39.74,11.92,12,2,0,6,terminee
861,1,Borne A1 - Centre Commercial,49,2026-06-10 12:45:00.135566,2026-06-10 13:27:00.135566,42,10.51,3.15,12,2,0,6,terminee
1760,2,Borne B2 - Parking Université,26,2026-06-10 12:56:00.135566,2026-06-10 13:42:00.135566,46,30.95,13.93,12,2,0,6,terminee
2446,3,Borne C3 - Parking Aéroport,22,2026-06-10 13:14:00.135566,2026-06-10 14:31:00.135566,77,135.35,81.21,13,2,0,6,terminee
1761,2,Borne B2 - Parking Université,34,2026-06-10 13:47:00.135566,2026-06-10 14:07:00.135566,20,13.72,6.17,13,2,0,6,terminee
2447,3,Borne C3 - Parking Aéroport,50,2026-06-10 13:50:00.135566,2026-06-10 14:50:00.135566,60,136.16,81.7,13,2,0,6,terminee
864,1,Borne A1 - Centre Commercial,8,2026-06-10 14:23:00.135566,2026-06-10 15:19:00.135566,56,13.94,4.18,14,2,0,6,terminee
865,1,Borne A1 - Centre Commercial,34,2026-06-10 15:16:00.135566,2026-06-10 16:56:00.135566,100,34.65,10.39,15,2,0,6,terminee
1762,2,Borne B2 - Parking Université,13,2026-06-10 15:48:00.135566,2026-06-10 17:23:00.135566,95,77.98,35.09,15,2,0,6,terminee
1763,2,Borne B2 - Parking Université,20,2026-06-10 16:18:00.135566,2026-06-10 17:29:00.135566,71,44.92,20.21,16,2,0,6,terminee
866,1,Borne A1 - Centre Commercial,40,2026-06-10 17:40:00.135566,2026-06-10 18:35:00.135566,55,16.92,5.08,17,2,0,6,terminee
2449,3,Borne C3 - Parking Aéroport,39,2026-06-10 17:54:00.135566,2026-06-10 19:37:00.135566,103,244.49,146.69,17,2,0,6,terminee
2448,3,Borne C3 - Parking Aéroport,10,2026-06-10 17:56:00.135566,2026-06-10 19:22:00.135566,86,152.0,91.2,17,2,0,6,terminee
867,1,Borne A1 - Centre Commercial,23,2026-06-10 18:25:00.135566,2026-06-10 19:55:00.135566,90,21.31,6.39,18,2,0,6,terminee
1765,2,Borne B2 - Parking Université,4,2026-06-10 18:27:00.135566,2026-06-10 19:19:00.135566,52,36.63,16.48,18,2,0,6,terminee
1764,2,Borne B2 - Parking Université,11,2026-06-10 18:49:00.135566,2026-06-10 20:49:00.135566,120,71.44,32.15,18,2,0,6,terminee
870,1,Borne A1 - Centre Commercial,21,2026-06-10 19:37:00.135566,2026-06-10 20:02:00.135566,25,7.96,2.39,19,2,0,6,terminee
2450,3,Borne C3 - Parking Aéroport,29,2026-06-10 19:42:00.135566,2026-06-10 20:10:00.135566,28,61.78,37.07,19,2,0,6,terminee
1766,2,Borne B2 - Parking Université,30,2026-06-10 19:44:00.135566,2026-06-10 21:05:00.135566,81,64.9,29.21,19,2,0,6,terminee
869,1,Borne A1 - Centre Commercial,40,2026-06-10 19:45:00.135566,2026-06-10 21:42:00.135566,117,30.84,9.25,19,2,0,6,terminee
868,1,Borne A1 - Centre Commercial,44,2026-06-10 19:54:00.135566,2026-06-10 21:07:00.135566,73,22.67,6.8,19,2,0,6,terminee
871,1,Borne A1 - Centre Commercial,12,2026-06-10 20:07:00.135566,2026-06-10 20:52:00.135566,45,11.92,3.58,20,2,0,6,terminee
872,1,Borne A1 - Centre Commercial,25,2026-06-10 20:23:00.135566,2026-06-10 22:06:00.135566,103,24.8,7.44,20,2,0,6,terminee
1768,2,Borne B2 - Parking Université,38,2026-06-10 20:32:00.135566,2026-06-10 21:01:00.135566,29,16.24,7.31,20,2,0,6,terminee
1767,2,Borne B2 - Parking Université,47,2026-06-10 20:53:00.135566,2026-06-10 22:30:00.135566,97,63.1,28.39,20,2,0,6,terminee
1769,2,Borne B2 - Parking Université,26,2026-06-10 20:57:00.135566,2026-06-10 22:41:00.135566,104,70.94,31.92,20,2,0,6,terminee
873,1,Borne A1 - Centre Commercial,25,2026-06-10 21:26:00.135566,2026-06-10 22:57:00.135566,91,21.86,6.56,21,2,0,6,terminee
874,1,Borne A1 - Centre Commercial,35,2026-06-10 22:27:00.135566,2026-06-10 23:05:00.135566,38,11.07,3.32,22,2,0,6,terminee
2451,3,Borne C3 - Parking Aéroport,7,2026-06-11 01:53:00.135566,2026-06-11 03:44:00.135566,111,178.81,107.29,1,3,0,6,terminee
875,1,Borne A1 - Centre Commercial,12,2026-06-11 06:44:00.135566,2026-06-11 08:21:00.135566,97,34.58,10.37,6,3,0,6,terminee
2452,3,Borne C3 - Parking Aéroport,7,2026-06-11 06:50:00.135566,2026-06-11 08:23:00.135566,93,196.2,117.72,6,3,0,6,terminee
2453,3,Borne C3 - Parking Aéroport,7,2026-06-11 08:52:00.135566,2026-06-11 10:18:00.135566,86,132.61,79.57,8,3,0,6,terminee
2454,3,Borne C3 - Parking Aéroport,14,2026-06-11 09:10:00.135566,2026-06-11 10:45:00.135566,95,153.72,92.23,9,3,0,6,terminee
877,1,Borne A1 - Centre Commercial,40,2026-06-11 09:11:00.135566,2026-06-11 10:06:00.135566,55,18.89,5.67,9,3,0,6,terminee
1770,2,Borne B2 - Parking Université,12,2026-06-11 09:26:00.135566,2026-06-11 10:22:00.135566,56,36.42,16.39,9,3,0,6,terminee
876,1,Borne A1 - Centre Commercial,9,2026-06-11 09:35:00.135566,2026-06-11 10:11:00.135566,36,10.51,3.15,9,3,0,6,terminee
1771,2,Borne B2 - Parking Université,13,2026-06-11 10:29:00.135566,2026-06-11 11:59:00.135566,90,71.9,32.36,10,3,0,6,terminee
878,1,Borne A1 - Centre Commercial,32,2026-06-11 11:03:00.135566,2026-06-11 12:03:00.135566,60,21.58,6.47,11,3,0,6,terminee
1772,2,Borne B2 - Parking Université,21,2026-06-11 11:56:00.135566,2026-06-11 13:09:00.135566,73,38.69,17.41,11,3,0,6,terminee
879,1,Borne A1 - Centre Commercial,36,2026-06-11 12:08:00.135566,2026-06-11 12:47:00.135566,39,13.24,3.97,12,3,0,6,terminee
880,1,Borne A1 - Centre Commercial,44,2026-06-11 12:32:00.135566,2026-06-11 14:10:00.135566,98,28.67,8.6,12,3,0,6,terminee
1773,2,Borne B2 - Parking Université,11,2026-06-11 12:44:00.135566,2026-06-11 14:22:00.135566,98,78.63,35.38,12,3,0,6,terminee
2455,3,Borne C3 - Parking Aéroport,19,2026-06-11 12:58:00.135566,2026-06-11 13:59:00.135566,61,101.08,60.65,12,3,0,6,terminee
1774,2,Borne B2 - Parking Université,8,2026-06-11 13:45:00.135566,2026-06-11 15:33:00.135566,108,58.45,26.3,13,3,0,6,terminee
881,1,Borne A1 - Centre Commercial,29,2026-06-11 14:31:00.135566,2026-06-11 15:39:00.135566,68,22.04,6.61,14,3,0,6,terminee
882,1,Borne A1 - Centre Commercial,2,2026-06-11 14:31:00.135566,2026-06-11 15:07:00.135566,36,8.36,2.51,14,3,0,6,terminee
1776,2,Borne B2 - Parking Université,33,2026-06-11 14:33:00.135566,2026-06-11 16:18:00.135566,105,65.94,29.67,14,3,0,6,terminee
1775,2,Borne B2 - Parking Université,6,2026-06-11 14:45:00.135566,2026-06-11 15:57:00.135566,72,51.22,23.05,14,3,0,6,terminee
2456,3,Borne C3 - Parking Aéroport,32,2026-06-11 14:45:00.135566,2026-06-11 15:56:00.135566,71,160.6,96.36,14,3,0,6,terminee
1777,2,Borne B2 - Parking Université,25,2026-06-11 15:39:00.135566,2026-06-11 16:14:00.135566,35,21.92,9.86,15,3,0,6,terminee
2457,3,Borne C3 - Parking Aéroport,24,2026-06-11 15:46:00.135566,2026-06-11 16:13:00.135566,27,44.67,26.8,15,3,0,6,terminee
883,1,Borne A1 - Centre Commercial,3,2026-06-11 15:50:00.135566,2026-06-11 17:42:00.135566,112,28.26,8.48,15,3,0,6,terminee
2458,3,Borne C3 - Parking Aéroport,13,2026-06-11 16:21:00.135566,2026-06-11 18:20:00.135566,119,194.89,116.93,16,3,0,6,terminee
884,1,Borne A1 - Centre Commercial,11,2026-06-11 17:17:00.135566,2026-06-11 18:00:00.135566,43,12.85,3.85,17,3,0,6,terminee
885,1,Borne A1 - Centre Commercial,50,2026-06-11 17:49:00.135566,2026-06-11 19:02:00.135566,73,22.12,6.64,17,3,0,6,terminee
2459,3,Borne C3 - Parking Aéroport,1,2026-06-11 18:28:00.135566,2026-06-11 19:36:00.135566,68,154.31,92.59,18,3,0,6,terminee
887,1,Borne A1 - Centre Commercial,35,2026-06-11 18:36:00.135566,2026-06-11 19:05:00.135566,29,7.52,2.26,18,3,0,6,terminee
886,1,Borne A1 - Centre Commercial,8,2026-06-11 18:49:00.135566,2026-06-11 20:07:00.135566,78,23.45,7.03,18,3,0,6,terminee
1778,2,Borne B2 - Parking Université,22,2026-06-11 19:02:00.135566,2026-06-11 20:55:00.135566,113,62.94,28.32,19,3,0,6,terminee
2460,3,Borne C3 - Parking Aéroport,19,2026-06-11 19:15:00.135566,2026-06-11 21:13:00.135566,118,232.89,139.73,19,3,0,6,terminee
1779,2,Borne B2 - Parking Université,11,2026-06-11 19:36:00.135566,2026-06-11 21:15:00.135566,99,77.97,35.09,19,3,0,6,terminee
2461,3,Borne C3 - Parking Aéroport,24,2026-06-11 20:32:00.135566,2026-06-11 21:08:00.135566,36,57.07,34.24,20,3,0,6,terminee
888,1,Borne A1 - Centre Commercial,49,2026-06-11 20:52:00.135566,2026-06-11 21:53:00.135566,61,18.27,5.48,20,3,0,6,terminee
1781,2,Borne B2 - Parking Université,47,2026-06-11 21:03:00.135566,2026-06-11 22:11:00.135566,68,40.98,18.44,21,3,0,6,terminee
2462,3,Borne C3 - Parking Aéroport,41,2026-06-11 21:45:00.135566,2026-06-11 23:36:00.135566,111,212.57,127.54,21,3,0,6,terminee
1780,2,Borne B2 - Parking Université,46,2026-06-11 21:55:00.135566,2026-06-11 22:28:00.135566,33,18.47,8.31,21,3,0,6,terminee
2464,3,Borne C3 - Parking Aéroport,9,2026-06-11 22:33:00.135566,2026-06-11 23:41:00.135566,68,155.53,93.32,22,3,0,6,terminee
2463,3,Borne C3 - Parking Aéroport,49,2026-06-11 22:42:00.135566,2026-06-11 23:28:00.135566,46,75.97,45.58,22,3,0,6,terminee
1782,2,Borne B2 - Parking Université,12,2026-06-11 22:49:00.135566,2026-06-12 00:01:00.135566,72,42.93,19.32,22,3,0,6,terminee
2465,3,Borne C3 - Parking Aéroport,34,2026-06-12 00:26:00.135566,2026-06-12 01:33:00.135566,67,160.67,96.4,0,4,0,6,terminee
889,1,Borne A1 - Centre Commercial,35,2026-06-12 06:02:00.135566,2026-06-12 07:54:00.135566,112,36.45,10.94,6,4,0,6,terminee
890,1,Borne A1 - Centre Commercial,42,2026-06-12 07:13:00.135566,2026-06-12 08:22:00.135566,69,16.22,4.87,7,4,0,6,terminee
1783,2,Borne B2 - Parking Université,1,2026-06-12 08:07:00.135566,2026-06-12 08:38:00.135566,31,25.42,11.44,8,4,0,6,terminee
891,1,Borne A1 - Centre Commercial,3,2026-06-12 08:48:00.135566,2026-06-12 09:34:00.135566,46,12.13,3.64,8,4,0,6,terminee
2467,3,Borne C3 - Parking Aéroport,46,2026-06-12 09:28:00.135566,2026-06-12 10:01:00.135566,33,74.92,44.95,9,4,0,6,terminee
2466,3,Borne C3 - Parking Aéroport,2,2026-06-12 09:50:00.135566,2026-06-12 11:32:00.135566,102,189.9,113.94,9,4,0,6,terminee
1784,2,Borne B2 - Parking Université,30,2026-06-12 10:39:00.135566,2026-06-12 12:31:00.135566,112,65.45,29.45,10,4,0,6,terminee
2468,3,Borne C3 - Parking Aéroport,6,2026-06-12 10:51:00.135566,2026-06-12 12:12:00.135566,81,197.94,118.76,10,4,0,6,terminee
2469,3,Borne C3 - Parking Aéroport,50,2026-06-12 11:21:00.135566,2026-06-12 12:16:00.135566,55,104.59,62.75,11,4,0,6,terminee
892,1,Borne A1 - Centre Commercial,6,2026-06-12 11:28:00.135566,2026-06-12 12:16:00.135566,48,13.01,3.9,11,4,0,6,terminee
893,1,Borne A1 - Centre Commercial,16,2026-06-12 12:28:00.135566,2026-06-12 12:58:00.135566,30,10.01,3.0,12,4,0,6,terminee
2471,3,Borne C3 - Parking Aéroport,10,2026-06-12 13:02:00.135566,2026-06-12 14:41:00.135566,99,239.83,143.9,13,4,0,6,terminee
2470,3,Borne C3 - Parking Aéroport,49,2026-06-12 13:10:00.135566,2026-06-12 14:20:00.135566,70,109.3,65.58,13,4,0,6,terminee
2473,3,Borne C3 - Parking Aéroport,34,2026-06-12 13:45:00.135566,2026-06-12 15:42:00.135566,117,252.76,151.66,13,4,0,6,terminee
2472,3,Borne C3 - Parking Aéroport,41,2026-06-12 13:57:00.135566,2026-06-12 15:25:00.135566,88,137.09,82.25,13,4,0,6,terminee
894,1,Borne A1 - Centre Commercial,45,2026-06-12 14:13:00.135566,2026-06-12 16:11:00.135566,118,38.73,11.62,14,4,0,6,terminee
2474,3,Borne C3 - Parking Aéroport,44,2026-06-12 14:18:00.135566,2026-06-12 15:26:00.135566,68,129.34,77.6,14,4,0,6,terminee
1785,2,Borne B2 - Parking Université,1,2026-06-12 14:31:00.135566,2026-06-12 15:49:00.135566,78,53.13,23.91,14,4,0,6,terminee
895,1,Borne A1 - Centre Commercial,28,2026-06-12 16:22:00.135566,2026-06-12 18:07:00.135566,105,32.5,9.75,16,4,0,6,terminee
2475,3,Borne C3 - Parking Aéroport,47,2026-06-12 16:44:00.135566,2026-06-12 18:09:00.135566,85,201.75,121.05,16,4,0,6,terminee
2476,3,Borne C3 - Parking Aéroport,1,2026-06-12 17:47:00.135566,2026-06-12 18:42:00.135566,55,132.51,79.51,17,4,0,6,terminee
2477,3,Borne C3 - Parking Aéroport,40,2026-06-12 17:52:00.135566,2026-06-12 18:42:00.135566,50,120.01,72.01,17,4,0,6,terminee
896,1,Borne A1 - Centre Commercial,14,2026-06-12 18:10:00.135566,2026-06-12 19:43:00.135566,93,22.36,6.71,18,4,0,6,terminee
2479,3,Borne C3 - Parking Aéroport,40,2026-06-12 18:41:00.135566,2026-06-12 19:22:00.135566,41,97.89,58.73,18,4,0,6,terminee
2480,3,Borne C3 - Parking Aéroport,45,2026-06-12 18:50:00.135566,2026-06-12 20:24:00.135566,94,202.29,121.37,18,4,0,6,terminee
897,1,Borne A1 - Centre Commercial,37,2026-06-12 18:52:00.135566,2026-06-12 19:33:00.135566,41,13.86,4.16,18,4,0,6,terminee
2478,3,Borne C3 - Parking Aéroport,29,2026-06-12 18:58:00.135566,2026-06-12 19:31:00.135566,33,72.61,43.57,18,4,0,6,terminee
899,1,Borne A1 - Centre Commercial,19,2026-06-12 19:10:00.135566,2026-06-12 20:06:00.135566,56,20.36,6.11,19,4,0,6,terminee
898,1,Borne A1 - Centre Commercial,35,2026-06-12 19:22:00.135566,2026-06-12 20:45:00.135566,83,21.68,6.5,19,4,0,6,terminee
1786,2,Borne B2 - Parking Université,38,2026-06-12 20:38:00.135566,2026-06-12 21:56:00.135566,78,45.18,20.33,20,4,0,6,terminee
900,1,Borne A1 - Centre Commercial,33,2026-06-12 21:18:00.135566,2026-06-12 22:46:00.135566,88,22.81,6.84,21,4,0,6,terminee
2481,3,Borne C3 - Parking Aéroport,26,2026-06-12 23:22:00.135566,2026-06-13 01:20:00.135566,118,269.22,161.53,23,4,0,6,terminee
1787,2,Borne B2 - Parking Université,29,2026-06-12 23:42:00.135566,2026-06-13 00:57:00.135566,75,48.84,21.98,23,4,0,6,terminee
901,1,Borne A1 - Centre Commercial,9,2026-06-13 05:57:00.135566,2026-06-13 07:38:00.135566,101,34.3,10.29,5,5,1,6,terminee
1788,2,Borne B2 - Parking Université,16,2026-06-13 08:05:00.135566,2026-06-13 09:36:00.135566,91,63.7,28.67,8,5,1,6,terminee
902,1,Borne A1 - Centre Commercial,4,2026-06-13 08:48:00.135566,2026-06-13 10:43:00.135566,115,32.24,9.67,8,5,1,6,terminee
2482,3,Borne C3 - Parking Aéroport,35,2026-06-13 08:56:00.135566,2026-06-13 09:49:00.135566,53,83.97,50.38,8,5,1,6,terminee
2483,3,Borne C3 - Parking Aéroport,48,2026-06-13 10:21:00.135566,2026-06-13 11:25:00.135566,64,142.41,85.45,10,5,1,6,terminee
2484,3,Borne C3 - Parking Aéroport,35,2026-06-13 10:56:00.135566,2026-06-13 11:27:00.135566,31,62.63,37.58,10,5,1,6,terminee
2485,3,Borne C3 - Parking Aéroport,36,2026-06-13 11:18:00.135566,2026-06-13 12:00:00.135566,42,66.9,40.14,11,5,1,6,terminee
1789,2,Borne B2 - Parking Université,41,2026-06-13 11:56:00.135566,2026-06-13 13:21:00.135566,85,50.38,22.67,11,5,1,6,terminee
1790,2,Borne B2 - Parking Université,4,2026-06-13 12:35:00.135566,2026-06-13 14:34:00.135566,119,92.24,41.51,12,5,1,6,terminee
1791,2,Borne B2 - Parking Université,23,2026-06-13 13:11:00.135566,2026-06-13 13:44:00.135566,33,17.11,7.7,13,5,1,6,terminee
1792,2,Borne B2 - Parking Université,43,2026-06-13 14:02:00.135566,2026-06-13 14:35:00.135566,33,25.89,11.65,14,5,1,6,terminee
1793,2,Borne B2 - Parking Université,6,2026-06-13 15:36:00.135566,2026-06-13 17:08:00.135566,92,55.15,24.82,15,5,1,6,terminee
903,1,Borne A1 - Centre Commercial,9,2026-06-13 17:17:00.135566,2026-06-13 18:55:00.135566,98,23.38,7.01,17,5,1,6,terminee
2486,3,Borne C3 - Parking Aéroport,41,2026-06-13 18:19:00.135566,2026-06-13 19:40:00.135566,81,149.1,89.46,18,5,1,6,terminee
2487,3,Borne C3 - Parking Aéroport,35,2026-06-13 19:10:00.135566,2026-06-13 19:27:00.135566,17,25.97,15.58,19,5,1,6,terminee
2488,3,Borne C3 - Parking Aéroport,50,2026-06-13 19:37:00.135566,2026-06-13 20:25:00.135566,48,83.58,50.15,19,5,1,6,terminee
1794,2,Borne B2 - Parking Université,12,2026-06-13 20:03:00.135566,2026-06-13 20:31:00.135566,28,17.89,8.05,20,5,1,6,terminee
1795,2,Borne B2 - Parking Université,43,2026-06-13 20:10:00.135566,2026-06-13 21:51:00.135566,101,60.07,27.03,20,5,1,6,terminee
904,1,Borne A1 - Centre Commercial,16,2026-06-13 20:15:00.135566,2026-06-13 20:48:00.135566,33,10.7,3.21,20,5,1,6,terminee
2489,3,Borne C3 - Parking Aéroport,33,2026-06-13 21:19:00.135566,2026-06-13 23:06:00.135566,107,205.73,123.44,21,5,1,6,terminee
1796,2,Borne B2 - Parking Université,36,2026-06-13 21:44:00.135566,2026-06-13 23:28:00.135566,104,72.63,32.68,21,5,1,6,terminee
