session_id,kwh_total,debut,fin,heure_debut,heure_fin,duree_heures,jour_semaine,plateforme,distance_km,utilisateur_id,borne_id,site_id,type_site,prix_kwh_mad,prix_total_mad,ville,code_postal,latitude,longitude
1366563,7.78,0014-11-18 15:40:26,0014-11-18 17:11:04,15,17,1.510555556,Mardi,android,,35897499,582873,461655,Parking public,2.78,21.63,Fès,30000,34.02557240713084,-4.970530539590073
3075723,9.74,0014-11-19 17:40:26,0014-11-19 19:51:04,17,19,2.177222222,Mercredi,android,,35897499,549414,461655,Parking public,1.55,15.1,Tanger,90000,35.7865428583846,-5.814475060152563
4228788,6.76,0014-11-21 12:05:46,0014-11-21 16:46:04,12,16,4.671666667,Vendredi,android,,35897499,129465,461655,Parking public,2.05,13.86,Fès,30000,34.04701963650868,-4.979607719134687
3173284,6.17,0014-12-03 19:16:12,0014-12-03 21:02:18,19,21,1.768333333,Mercredi,android,,35897499,569889,461655,Parking public,1.95,12.03,Agadir,80000,30.433719509051823,-9.613159475833456
3266500,0.93,0014-12-11 20:56:11,0014-12-11 21:14:06,20,21,0.298611111,Jeudi,android,,35897499,414088,566549,Parking public,2.97,2.76,Meknès,50000,33.87286111842655,-5.542697856068535
4099366,2.14,0014-12-12 14:38:44,0014-12-12 15:04:04,14,15,0.422222222,Vendredi,android,,35897499,911231,202527,Parking public,2.85,6.1,Tanger,90000,35.738859671220176,-5.859964645161957
5084244,0.3,0014-12-12 15:08:40,0014-12-12 15:47:04,15,15,0.64,Vendredi,android,,35897499,920264,461655,Parking public,3.28,0.98,Marrakech,40000,31.60298501673009,-8.0054049237907
2948436,1.82,0014-12-17 20:30:25,0014-12-17 21:31:04,20,21,1.010833333,Mercredi,android,,35897499,431796,461655,Parking public,1.67,3.04,Casablanca,20000,33.59507056874649,-7.559866443278003
3515913,0.81,0014-12-18 17:53:19,0014-12-18 18:04:04,17,18,0.179166667,Jeudi,android,,35897499,134427,620906,Parking public,2.34,1.9,Oujda,60000,34.6927669007046,-1.9218016450344453
8490014,1.98,0014-12-18 18:06:49,0014-12-18 18:30:05,18,18,0.387777778,Jeudi,android,,35897499,207262,928191,Parking public,1.56,3.09,Fès,30000,34.04558435466776,-4.9854089652770694
7075912,4.56,0014-12-18 18:31:54,0014-12-18 20:57:04,18,20,2.419444444,Jeudi,android,,35897499,280221,976902,Parking public,1.94,8.85,Oujda,60000,34.65793506965775,-1.893000096818391
5226095,2.05,0014-12-19 14:30:37,0014-12-19 15:12:04,14,15,0.690833333,Vendredi,android,,35897499,371335,461655,Parking public,2.51,5.15,Agadir,80000,30.45599459112972,-9.576618603739567
9342496,5.3,0015-01-07 17:52:53,0015-01-07 20:54:03,17,20,3.019444444,Mercredi,android,,35897499,405157,976902,Parking public,1.55,8.22,Fès,30000,34.053046558448024,-4.97044230215587
1853945,0.0,0015-01-09 13:59:09,0015-01-09 14:21:03,13,14,0.365,Vendredi,android,,35897499,355208,976902,Parking public,1.9,0.0,Casablanca,20000,33.55584034664069,-7.605310210884588
2113485,7.85,0015-01-12 17:39:36,0015-01-12 21:48:04,17,21,4.141111111,Lundi,android,,35897499,944575,928191,Parking public,2.8,21.98,Casablanca,20000,33.55400949803242,-7.617378950388418
7492587,8.49,0015-01-16 17:23:35,0015-01-16 19:03:04,17,19,1.658055556,Vendredi,android,,35897499,582873,461655,Parking public,2.59,21.99,Fès,30000,34.014104270591204,-5.005628508920325
1111437,7.52,0015-01-16 19:04:38,0015-01-16 21:14:04,19,21,2.157222222,Vendredi,android,,35897499,500856,976902,Parking public,1.94,14.59,Rabat,10000,34.00915453457757,-6.8637951598102624
4716378,5.38,0015-01-21 18:01:25,0015-01-21 20:19:04,18,20,2.294166667,Mercredi,android,,35897499,250527,976902,Parking public,2.68,14.42,Rabat,10000,34.022385385897934,-6.870254446650276
4187340,3.42,0015-01-29 16:34:34,0015-01-29 17:25:05,16,17,0.841944444,Jeudi,android,,35897499,623134,620906,Parking public,3.12,10.67,Oujda,60000,34.682616701118526,-1.9197743903715108
7934936,0.09,0015-01-30 18:47:08,0015-01-30 18:49:04,18,18,0.032222222,Vendredi,android,,35897499,801274,976902,Parking public,1.51,0.14,Marrakech,40000,31.616973748411883,-7.964075704935485
7073357,12.14,0015-01-30 19:50:01,0015-01-30 21:58:04,19,21,2.134166667,Vendredi,android,,35897499,801274,976902,Parking public,3.11,37.76,Marrakech,40000,31.636211173683343,-7.977129158526496
3002716,11.74,0015-02-03 18:59:54,0015-02-03 21:53:04,18,21,2.886111111,Mardi,android,,35897499,280221,976902,Parking public,2.9,34.05,Oujda,60000,34.66506963163913,-1.9226333206473787
2995135,2.48,0015-02-12 16:17:52,0015-02-12 18:44:05,16,18,2.436944444,Jeudi,android,,35897499,236840,620906,Parking public,2.18,5.41,Rabat,10000,34.00842867891211,-6.832339479670437
5011218,4.65,0015-02-16 13:42:45,0015-02-16 15:13:05,13,15,1.505555556,Lundi,android,,35897499,250527,976902,Parking public,1.81,8.42,Rabat,10000,34.01288171059762,-6.857678909181471
8554662,6.29,0015-02-16 18:36:12,0015-02-16 21:43:05,18,21,3.114722222,Lundi,android,,35897499,207262,928191,Parking public,3.41,21.45,Fès,30000,34.03046419905302,-5.029437113235675
8052184,3.1,0015-02-19 15:43:20,0015-02-19 16:19:05,15,16,0.595833333,Jeudi,android,,35897499,728918,928191,Parking public,2.17,6.73,Rabat,10000,34.03801055768358,-6.825738796813814
6178541,20.95,0015-02-19 18:09:36,0015-02-19 21:49:06,18,21,3.658333333,Jeudi,android,,35897499,944575,928191,Parking public,1.69,35.41,Casablanca,20000,33.5550804269295,-7.58237541490816
8499802,8.26,0015-02-24 18:22:35,0015-02-24 21:50:13,18,21,3.460555556,Mardi,android,,35897499,944515,976902,Parking public,1.69,13.96,Rabat,10000,34.021754066304815,-6.825861842529942
8259939,17.95,0015-02-26 18:01:30,0015-02-26 21:34:07,18,21,3.543611111,Jeudi,android,,35897499,280221,976902,Parking public,3.19,57.26,Oujda,60000,34.692244874131724,-1.93906371899874
2032051,3.02,0015-02-28 20:51:30,0015-02-28 21:34:05,20,21,0.709722222,Samedi,android,,35897499,569889,461655,Parking public,2.71,8.18,Agadir,80000,30.4005870247632,-9.57787282233016
7357133,7.84,0015-03-03 16:35:54,0015-03-03 21:33:05,16,21,4.953055556,Mardi,android,,35897499,355208,976902,Parking public,3.11,24.38,Casablanca,20000,33.57955269111408,-7.582628427997822
6032746,0.88,0015-03-04 19:21:13,0015-03-04 19:42:04,19,19,0.3475,Mercredi,android,,35897499,920264,461655,Parking public,2.96,2.6,Marrakech,40000,31.609731447421236,-7.977296278957241
4072758,4.56,0015-03-04 19:46:25,0015-03-04 21:56:05,19,21,2.161111111,Mercredi,android,,35897499,280221,976902,Parking public,2.57,11.72,Oujda,60000,34.66060309557912,-1.903923157113128
6830717,2.11,0015-03-05 14:32:51,0015-03-05 16:02:05,14,16,1.487222222,Jeudi,android,,35897499,878706,461655,Parking public,3.45,7.28,Tanger,90000,35.7864331322352,-5.812134005187898
6455251,11.48,0015-03-05 19:49:11,0015-03-05 21:49:05,19,21,1.998333333,Jeudi,android,,35897499,944515,976902,Parking public,2.26,25.94,Rabat,10000,34.04883792198447,-6.836383809606465
5376208,10.52,0015-03-06 18:11:57,0015-03-06 21:53:05,18,21,3.685555556,Vendredi,android,,35897499,355208,976902,Parking public,2.6,27.35,Casablanca,20000,33.59160384088698,-7.584942977206709
2914893,9.61,0015-03-09 17:43:30,0015-03-09 20:45:11,17,20,3.028055556,Lundi,android,,35897499,250527,976902,Parking public,3.16,30.37,Rabat,10000,34.0091768261504,-6.8121592505760535
5224755,7.24,0015-03-12 17:39:53,0015-03-12 21:28:05,17,21,3.803333333,Jeudi,android,,35897499,355208,976902,Parking public,2.74,19.84,Casablanca,20000,33.54896032684038,-7.574396189975886
8450261,12.96,0015-03-13 12:16:44,0015-03-13 16:02:05,12,16,3.755833333,Vendredi,android,,35897499,280221,976902,Parking public,3.22,41.73,Oujda,60000,34.69775398159073,-1.9148623716729318
9731366,9.17,0015-03-16 17:37:01,0015-03-16 20:40:15,17,20,3.053888889,Lundi,android,,35897499,280221,976902,Parking public,2.65,24.3,Oujda,60000,34.68310914962438,-1.8989561799980244
9473434,19.01,0015-03-18 18:30:08,0015-03-18 21:49:04,18,21,3.315555556,Mercredi,android,,35897499,207262,928191,Parking public,2.91,55.32,Fès,30000,34.01042229409068,-5.006946171698493
2817985,0.04,0015-03-19 11:19:05,0015-03-19 11:21:05,11,11,0.033333333,Jeudi,android,,35897499,280221,976902,Parking public,1.59,0.06,Oujda,60000,34.68641061460668,-1.92766747225099
5820347,9.52,0015-03-19 17:40:19,0015-03-19 19:35:12,17,19,1.914722222,Jeudi,android,,35897499,738900,976902,Parking public,1.96,18.66,Fès,30000,34.00516331126691,-4.994488887386734
5338238,6.6,0015-03-20 12:20:47,0015-03-20 13:45:07,12,13,1.405555556,Vendredi,android,,35897499,738900,976902,Parking public,2.08,13.73,Fès,30000,34.05765922412473,-4.974609074113163
3192864,4.62,0015-03-23 17:14:59,0015-03-23 18:24:05,17,18,1.151666667,Lundi,android,,35897499,280221,976902,Parking public,1.66,7.67,Oujda,60000,34.672226798896006,-1.885651628799072
9813434,3.83,0015-03-26 11:02:58,0015-03-26 11:56:05,11,11,0.885277778,Jeudi,android,,35897499,405157,976902,Parking public,1.97,7.55,Fès,30000,34.04285133706124,-5.0097856833136705
6362922,1.07,0015-03-26 13:51:03,0015-03-26 14:13:05,13,14,0.367222222,Jeudi,android,,35897499,594591,461655,Parking public,1.7,1.82,Oujda,60000,34.67540266456537,-1.9097393520266983
3910417,7.32,0015-03-26 17:08:34,0015-03-26 18:40:12,17,18,1.527222222,Jeudi,android,,35897499,738900,976902,Parking public,2.06,15.08,Fès,30000,34.03430408127067,-5.0176018460858085
9537925,13.5,0015-03-27 12:48:06,0015-03-27 15:21:05,12,15,2.549722222,Vendredi,android,,35897499,801274,976902,Parking public,2.77,37.4,Marrakech,40000,31.632302616760597,-7.951362133430067
5688787,4.71,0015-03-27 16:47:37,0015-03-27 17:52:06,16,17,1.074722222,Vendredi,android,,35897499,250527,976902,Parking public,2.23,10.5,Rabat,10000,34.001991267331526,-6.812732925527923
2189714,5.58,0015-03-30 14:59:15,0015-03-30 16:14:05,14,16,1.247222222,Lundi,android,,35897499,405157,976902,Parking public,2.24,12.5,Fès,30000,34.06127507766587,-4.991329464217554
9009117,0.78,0015-03-30 16:27:37,0015-03-30 16:42:05,16,16,0.241111111,Lundi,android,,35897499,612116,461655,Parking public,1.92,1.5,Tanger,90000,35.77600796940167,-5.815735156419351
6241251,4.1,0015-03-31 16:42:17,0015-03-31 17:44:05,16,17,1.03,Mardi,android,,35897499,250527,976902,Parking public,2.03,8.32,Rabat,10000,34.04726993649385,-6.828693990322978
4027242,0.03,0015-04-01 17:02:50,0015-04-01 17:04:06,17,17,0.021111111,Mercredi,android,,35897499,250527,976902,Parking public,3.37,0.1,Rabat,10000,34.04458964102566,-6.836010506857631
1534730,16.2,0015-04-02 17:02:59,0015-04-02 19:59:04,17,19,2.934722222,Jeudi,android,,35897499,250527,976902,Parking public,2.8,45.36,Rabat,10000,34.026773998728665,-6.868399120180666
4970729,7.73,0015-04-06 17:03:01,0015-04-06 18:42:05,17,18,1.651111111,Lundi,android,,35897499,355208,976902,Parking public,2.72,21.03,Casablanca,20000,33.598412454101386,-7.59251413944684
5850084,7.04,0015-04-07 12:06:00,0015-04-07 14:40:07,12,14,2.568611111,Mardi,android,,35897499,355208,976902,Parking public,1.84,12.95,Casablanca,20000,33.54840955012311,-7.579312821869956
5503753,2.13,0015-04-07 17:30:24,0015-04-07 18:20:07,17,18,0.828611111,Mardi,android,,35897499,728918,928191,Parking public,2.96,6.3,Rabat,10000,34.00265897174515,-6.830948103166978
8356365,6.51,0015-04-08 12:30:53,0015-04-08 14:50:08,12,14,2.320833333,Mercredi,android,,35897499,549414,461655,Parking public,1.83,11.91,Tanger,90000,35.73221363733464,-5.841612642894656
7116934,6.67,0015-04-09 11:14:09,0015-04-09 15:19:05,11,15,4.082222222,Jeudi,android,,35897499,405157,976902,Parking public,2.26,15.07,Fès,30000,34.022619819845794,-4.973798480800518
4303750,5.47,0015-04-09 17:00:24,0015-04-09 18:58:05,17,18,1.961388889,Jeudi,android,,35897499,280221,976902,Parking public,3.48,19.04,Oujda,60000,34.68002063738137,-1.9313585780657931
7027707,7.71,0015-04-15 15:35:19,0015-04-15 19:17:05,15,19,3.696111111,Mercredi,android,,35897499,250527,976902,Parking public,2.78,21.43,Rabat,10000,34.007180941906434,-6.841578433227066
4268564,7.3,0015-04-20 17:29:12,0015-04-20 21:01:05,17,21,3.531388889,Lundi,android,,35897499,944575,928191,Parking public,2.61,19.05,Casablanca,20000,33.592824250549114,-7.578346961406951
7120657,7.88,0015-04-21 16:04:18,0015-04-21 19:26:06,16,19,3.363333333,Mardi,android,,35897499,738900,976902,Parking public,2.87,22.62,Fès,30000,34.02450519960161,-4.988471851646492
7620374,3.79,0015-04-22 11:36:23,0015-04-22 15:45:13,11,15,4.147222222,Mercredi,android,,35897499,738900,976902,Parking public,3.19,12.09,Fès,30000,34.01995607058124,-4.991381662593871
8539198,1.93,0015-04-22 16:24:12,0015-04-22 17:24:05,16,17,0.998055556,Mercredi,android,,35897499,207262,928191,Parking public,3.05,5.89,Fès,30000,34.03566176498949,-5.013782707192888
9402479,6.11,0015-04-27 16:22:52,0015-04-27 18:23:06,16,18,2.003888889,Lundi,android,,35897499,728918,928191,Parking public,1.96,11.98,Rabat,10000,33.99935545349848,-6.862227605878802
4904971,5.36,0015-04-28 17:04:52,0015-04-28 20:33:06,17,20,3.470555556,Mardi,android,,35897499,355208,976902,Parking public,1.56,8.36,Casablanca,20000,33.59123181884524,-7.581643580390398
9371693,11.36,0015-04-30 18:23:23,0015-04-30 20:42:06,18,20,2.311944444,Jeudi,android,,35897499,405157,976902,Parking public,2.13,24.2,Fès,30000,34.007573038620784,-4.994341873031634
9600945,5.07,0015-05-04 16:02:51,0015-05-04 19:23:06,16,19,3.3375,Lundi,android,,35897499,250527,976902,Parking public,2.04,10.34,Rabat,10000,34.05011321619603,-6.860838639382645
4047449,6.41,0015-05-05 14:24:22,0015-05-05 16:48:06,14,16,2.395555556,Mardi,android,,35897499,801274,976902,Parking public,1.92,12.31,Marrakech,40000,31.645834686157798,-7.968791651265766
8906717,5.49,0015-05-06 17:43:59,0015-05-06 20:42:15,17,20,2.971111111,Mercredi,android,,35897499,280221,976902,Parking public,3.39,18.61,Oujda,60000,34.66862294089205,-1.9140896804959806
2151745,11.0,0015-05-07 17:19:27,0015-05-07 19:13:07,17,19,1.894444444,Jeudi,android,,35897499,801274,976902,Parking public,3.25,35.75,Marrakech,40000,31.599831327027417,-7.971034364503811
3904382,5.49,0015-05-08 15:46:00,0015-05-08 18:34:06,15,18,2.801666667,Vendredi,android,,35897499,405157,976902,Parking public,2.13,11.69,Fès,30000,34.05202768570729,-4.980057975213791
6412124,2.46,0015-05-11 17:17:58,0015-05-11 18:06:07,17,18,0.8025,Lundi,android,,35897499,355208,976902,Parking public,2.81,6.91,Casablanca,20000,33.58551144063085,-7.609616294285385
9579135,14.18,0015-05-12 16:12:18,0015-05-12 20:10:10,16,20,3.964444444,Mardi,android,,35897499,405157,976902,Parking public,2.29,32.47,Fès,30000,34.046840430082455,-5.02915130792019
3526792,4.35,0015-05-13 15:43:16,0015-05-13 18:49:07,15,18,3.0975,Mercredi,android,,35897499,500856,976902,Parking public,3.33,14.49,Rabat,10000,34.03717622080116,-6.824853844816253
2103254,4.87,0015-05-14 17:13:21,0015-05-14 18:05:16,17,18,0.865277778,Jeudi,android,,35897499,801274,976902,Parking public,2.42,11.79,Marrakech,40000,31.603942679104044,-7.974518154490843
8767465,20.02,0015-05-15 15:38:29,0015-05-15 19:15:07,15,19,3.610555556,Vendredi,android,,35897499,944515,976902,Parking public,2.03,40.64,Rabat,10000,34.01240794371265,-6.829621625822672
4927630,8.82,0015-05-18 16:50:00,0015-05-18 20:23:06,16,20,3.551666667,Lundi,android,,35897499,280221,976902,Parking public,1.99,17.55,Oujda,60000,34.66365214357151,-1.8911107015006814
3661095,12.09,0015-05-20 16:53:36,0015-05-20 20:36:06,16,20,3.708333333,Mercredi,android,,35897499,944515,976902,Parking public,2.62,31.68,Rabat,10000,34.042686205552535,-6.82343134391053
8681532,11.81,0015-05-21 17:04:38,0015-05-21 19:10:13,17,19,2.093055556,Jeudi,android,,35897499,280221,976902,Parking public,2.03,23.97,Oujda,60000,34.69409788760966,-1.8837447911842704
2847811,13.6,0015-05-22 17:37:14,0015-05-22 20:18:07,17,20,2.681388889,Vendredi,android,,35897499,944515,976902,Parking public,2.67,36.31,Rabat,10000,34.010753881491155,-6.8394438952688725
1779780,16.41,0015-05-26 16:45:31,0015-05-26 20:32:06,16,20,3.776388889,Mardi,android,,35897499,250527,976902,Parking public,3.3,54.15,Rabat,10000,33.99471350101716,-6.842290262040406
9038095,11.4,0015-05-27 16:59:50,0015-05-27 21:26:06,16,21,4.437777778,Mercredi,android,,35897499,250527,976902,Parking public,2.3,26.22,Rabat,10000,34.009558939302934,-6.847486768006556
6839807,14.09,0015-05-28 11:38:31,0015-05-28 15:17:06,11,15,3.643055556,Jeudi,android,,35897499,280221,976902,Parking public,1.94,27.33,Oujda,60000,34.676210999321604,-1.9321785374293476
7513206,4.97,0015-05-28 17:07:38,0015-05-28 18:01:07,17,18,0.891388889,Jeudi,android,,35897499,425476,928191,Parking public,3.5,17.4,Tanger,90000,35.77327637070029,-5.8296435660270784
9651531,5.21,0015-05-29 12:31:20,0015-05-29 14:10:07,12,14,1.646388889,Vendredi,android,,35897499,250527,976902,Parking public,2.52,13.13,Rabat,10000,34.02915344828131,-6.854979248540441
9066880,6.93,0015-06-01 16:50:41,0015-06-01 20:14:05,16,20,3.39,Lundi,android,,35897499,280221,976902,Parking public,1.68,11.64,Oujda,60000,34.70993276455458,-1.8861215492672214
4023183,9.75,0015-06-02 17:31:18,0015-06-02 20:34:05,17,20,3.046388889,Mardi,android,,35897499,738900,976902,Parking public,1.59,15.5,Fès,30000,34.03143289550972,-4.995308551743374
1667896,8.1,0015-06-03 15:53:48,0015-06-03 17:26:06,15,17,1.538333333,Mercredi,android,,35897499,738900,976902,Parking public,1.72,13.93,Fès,30000,34.0102756547563,-4.994729589169514
4907994,14.53,0015-06-04 11:27:41,0015-06-04 15:09:05,11,15,3.69,Jeudi,android,,35897499,801274,976902,Parking public,2.75,39.96,Marrakech,40000,31.64229468723338,-7.989804520347379
8544912,1.66,0015-06-04 16:58:16,0015-06-04 17:17:05,16,17,0.313611111,Jeudi,android,,35897499,728918,928191,Parking public,3.08,5.11,Rabat,10000,34.03654710291701,-6.868480638881337
4339735,6.78,0015-06-05 12:39:13,0015-06-05 15:53:06,12,15,3.231388889,Vendredi,android,,35897499,738900,976902,Parking public,2.34,15.87,Fès,30000,34.03677663185417,-5.028395374077621
7670282,1.37,0015-06-05 17:26:08,0015-06-05 19:22:06,17,19,1.932777778,Vendredi,android,,35897499,728918,928191,Parking public,1.63,2.23,Rabat,10000,34.03715803079727,-6.846199891350808
2534249,6.79,0015-06-09 17:13:12,0015-06-09 20:12:05,17,20,2.981388889,Mardi,android,,35897499,280221,976902,Parking public,2.26,15.35,Oujda,60000,34.686327735781866,-1.9363260773141657
2892603,0.0,0015-06-10 16:55:42,0015-06-10 17:08:14,16,17,0.208888889,Mercredi,android,,35897499,405157,976902,Parking public,3.49,0.0,Fès,30000,34.03446396976292,-4.9938891826675915
2451809,4.96,0015-06-10 17:00:00,0015-06-10 20:11:07,17,20,3.185277778,Mercredi,android,,35897499,250527,976902,Parking public,2.56,12.7,Rabat,10000,34.01655246110151,-6.81874161966162
1986587,3.87,0015-06-11 14:42:32,0015-06-11 17:08:06,14,17,2.426111111,Jeudi,android,,35897499,250527,976902,Parking public,3.44,13.31,Rabat,10000,33.99242514760464,-6.818625111008877
5345683,6.67,0015-06-12 12:40:47,0015-06-12 16:29:05,12,16,3.805,Vendredi,android,,35897499,801274,976902,Parking public,3.22,21.48,Marrakech,40000,31.6059734856196,-7.971557275392065
2211634,6.63,0015-06-15 17:12:17,0015-06-15 20:49:05,17,20,3.613333333,Lundi,android,,35897499,944515,976902,Parking public,1.52,10.08,Rabat,10000,33.9927857511412,-6.858926090111624
1119614,3.72,0015-06-16 11:25:08,0015-06-16 15:28:06,11,15,4.049444444,Mardi,android,,35897499,280221,976902,Parking public,2.94,10.94,Oujda,60000,34.69488462467583,-1.8896201901184677
8689860,4.37,0015-06-17 17:29:46,0015-06-17 21:17:06,17,21,3.788888889,Mercredi,android,,35897499,944515,976902,Parking public,2.86,12.5,Rabat,10000,34.00976135886458,-6.8184343938812075
5481838,6.78,0015-06-18 13:03:00,0015-06-18 15:38:06,13,15,2.585,Jeudi,android,,35897499,612116,461655,Parking public,2.57,17.42,Tanger,90000,35.76001424146988,-5.852200784902822
5187868,6.21,0015-06-19 16:32:29,0015-06-19 18:40:09,16,18,2.127777778,Vendredi,android,,35897499,207262,928191,Parking public,2.03,12.61,Fès,30000,34.057553988435565,-4.986054434853759
7546366,4.45,0015-06-22 15:14:41,0015-06-22 17:43:06,15,17,2.473611111,Lundi,android,,35897499,801274,976902,Parking public,2.78,12.37,Marrakech,40000,31.614457533748933,-7.993908827064372
5407577,4.59,0015-06-23 17:02:56,0015-06-23 20:42:06,17,20,3.652777778,Mardi,android,,35897499,280221,976902,Parking public,1.72,7.89,Oujda,60000,34.68132297538214,-1.8932415812588241
1634517,7.39,0015-06-24 17:44:27,0015-06-24 20:17:07,17,20,2.544444444,Mercredi,android,,35897499,405157,976902,Parking public,2.37,17.51,Fès,30000,34.04843306831258,-4.970465726005784
7511668,3.84,0015-06-25 11:21:53,0015-06-25 15:10:12,11,15,3.805277778,Jeudi,android,,35897499,280221,976902,Parking public,2.41,9.25,Oujda,60000,34.6704278899295,-1.9395984396802364
2225529,3.48,0015-07-13 18:21:24,0015-07-13 19:36:05,18,19,1.244722222,Lundi,android,,35897499,944575,928191,Parking public,3.41,11.87,Casablanca,20000,33.54771879458973,-7.565958048052544
2719439,4.38,0015-07-14 13:56:59,0015-07-14 16:30:06,13,16,2.551944444,Mardi,android,,35897499,728918,928191,Parking public,3.25,14.24,Rabat,10000,34.008285087174826,-6.834242167984081
6475803,4.92,0015-07-15 16:25:24,0015-07-15 18:34:05,16,18,2.144722222,Mercredi,android,,35897499,738900,976902,Parking public,2.03,9.99,Fès,30000,34.01277327723524,-4.971897042850111
7314718,4.72,0015-07-16 16:29:14,0015-07-16 20:22:07,16,20,3.881388889,Jeudi,android,,35897499,738900,976902,Parking public,2.5,11.8,Fès,30000,34.05888185914055,-5.002399428948414
8726154,6.5,0015-07-17 17:12:09,0015-07-17 19:52:06,17,19,2.665833333,Vendredi,android,,35897499,405157,976902,Parking public,1.86,12.09,Fès,30000,34.05158722277386,-4.9794567241657175
9884932,4.08,0015-07-20 14:57:02,0015-07-20 16:25:08,14,16,1.468333333,Lundi,android,,35897499,355208,976902,Parking public,3.33,13.59,Casablanca,20000,33.581104225390625,-7.616056355884104
2725835,0.76,0015-07-21 16:12:17,0015-07-21 16:28:06,16,16,0.263611111,Mardi,android,,35897499,405157,976902,Parking public,3.24,2.46,Fès,30000,34.05538763541126,-5.010183256995303
9251926,4.6,0015-07-21 16:55:48,0015-07-21 20:42:06,16,20,3.771666667,Mardi,android,,35897499,405157,976902,Parking public,2.1,9.66,Fès,30000,34.05132032461395,-5.026279007734928
7848461,4.35,0015-07-22 16:45:58,0015-07-22 20:45:11,16,20,3.986944444,Mercredi,android,,35897499,801274,976902,Parking public,2.78,12.09,Marrakech,40000,31.61069420353316,-7.952579411991255
2450078,5.25,0015-07-23 12:06:33,0015-07-23 14:38:08,12,14,2.526388889,Jeudi,android,,35897499,728918,928191,Parking public,2.72,14.28,Rabat,10000,34.0444535399094,-6.82258156556369
8294063,4.14,0015-07-23 18:16:21,0015-07-23 20:27:05,18,20,2.178888889,Jeudi,android,,35897499,236379,928191,Parking public,1.81,7.49,Oujda,60000,34.689060534514944,-1.8902471547252417
8369555,6.59,0015-07-24 16:23:28,0015-07-24 20:07:06,16,20,3.727222222,Vendredi,android,,35897499,738900,976902,Parking public,3.03,19.97,Fès,30000,34.05154640930984,-4.974022086113966
7946065,7.11,0015-07-27 17:10:59,0015-07-27 19:31:06,17,19,2.335277778,Lundi,android,,35897499,944515,976902,Parking public,2.58,18.34,Rabat,10000,34.04466547799541,-6.866493790832813
2860677,4.17,0015-07-28 16:14:44,0015-07-28 17:36:07,16,17,1.356388889,Mardi,android,,35897499,405157,976902,Parking public,3.06,12.76,Fès,30000,34.02218020849831,-5.0071641444492005
5319961,4.77,0015-07-30 17:37:48,0015-07-30 20:24:06,17,20,2.771666667,Jeudi,android,,35897499,355208,976902,Parking public,2.56,12.21,Casablanca,20000,33.54970311547166,-7.6155379066573605
8693478,7.47,0015-08-03 17:18:13,0015-08-03 20:48:06,17,20,3.498055556,Lundi,android,,35897499,250527,976902,Parking public,1.5,11.2,Rabat,10000,34.00457610975251,-6.858952413906998
9401194,5.64,0015-08-04 14:28:13,0015-08-04 17:54:06,14,17,3.431388889,Mardi,android,,35897499,728918,928191,Parking public,2.15,12.13,Rabat,10000,34.016526467317576,-6.85783805337774
6864613,4.0,0015-08-05 16:24:33,0015-08-05 18:59:05,16,18,2.575555556,Mercredi,android,,35897499,738900,976902,Parking public,1.54,6.16,Fès,30000,34.052180885955345,-5.002153567337145
6383107,3.93,0015-08-06 11:15:16,0015-08-06 15:14:06,11,15,3.980555556,Jeudi,android,,35897499,134427,620906,Parking public,3.36,13.2,Oujda,60000,34.70834383499538,-1.9252862699527815
7109071,7.01,0015-08-06 17:13:41,0015-08-06 20:40:07,17,20,3.440555556,Jeudi,android,,35897499,250527,976902,Parking public,3.26,22.85,Rabat,10000,33.99131712783187,-6.865541313590934
5544644,6.4,0015-08-07 12:31:59,0015-08-07 16:09:06,12,16,3.618611111,Vendredi,android,,35897499,280221,976902,Parking public,3.16,20.22,Oujda,60000,34.68734483815466,-1.9313505346543536
8796946,1.02,0015-08-07 16:52:41,0015-08-07 20:56:06,16,20,4.056944444,Vendredi,android,,35897499,944575,928191,Parking public,2.12,2.16,Casablanca,20000,33.56814466018892,-7.610963466186875
7932903,7.12,0015-08-10 16:25:07,0015-08-10 20:24:08,16,20,3.983611111,Lundi,android,,35897499,944515,976902,Parking public,1.62,11.53,Rabat,10000,34.00422646862824,-6.813215392125262
5511788,1.2,0015-08-12 15:14:02,0015-08-12 15:38:07,15,15,0.401388889,Mercredi,android,,35897499,355208,976902,Parking public,3.26,3.91,Casablanca,20000,33.55029192204002,-7.574242449584892
2177313,3.01,0015-08-12 15:42:45,0015-08-12 16:42:07,15,16,0.989444444,Mercredi,android,,35897499,728918,928191,Parking public,3.39,10.2,Rabat,10000,34.011156910284214,-6.813534312083826
4155559,3.79,0015-08-13 11:08:47,0015-08-13 13:43:06,11,13,2.571944444,Jeudi,android,,35897499,355208,976902,Parking public,1.67,6.33,Casablanca,20000,33.59967458223475,-7.593415570809526
7684218,7.29,0015-08-13 17:16:32,0015-08-13 20:52:06,17,20,3.592777778,Jeudi,android,,35897499,728918,928191,Parking public,2.47,18.01,Rabat,10000,34.01029217592124,-6.85489789110024
4774630,6.56,0015-08-14 12:32:09,0015-08-14 16:04:06,12,16,3.5325,Vendredi,android,,35897499,738900,976902,Parking public,1.64,10.76,Fès,30000,34.0342274373046,-4.982402408167449
8889063,1.81,0015-08-14 16:45:47,0015-08-14 20:34:07,16,20,3.805555556,Vendredi,android,,35897499,738900,976902,Parking public,3.02,5.47,Fès,30000,34.045281137533706,-5.010724764917532
1667198,4.6,0015-08-17 17:03:25,0015-08-17 20:51:12,17,20,3.796388889,Lundi,android,,35897499,738900,976902,Parking public,3.03,13.94,Fès,30000,34.02491777614276,-5.0123369975776795
3918469,4.16,0015-08-18 17:07:38,0015-08-18 20:20:08,17,20,3.208333333,Mardi,android,,35897499,738900,976902,Parking public,1.76,7.32,Fès,30000,34.06140692496326,-5.0163496404675305
5137159,5.47,0015-08-19 13:08:28,0015-08-19 16:26:06,13,16,3.293888889,Mercredi,android,,35897499,801274,976902,Parking public,2.45,13.4,Marrakech,40000,31.657246837696526,-8.003319261306546
9198706,1.38,0015-08-19 16:56:16,0015-08-19 20:37:06,16,20,3.680555556,Mercredi,android,,35897499,207262,928191,Parking public,2.6,3.59,Fès,30000,34.01820693774952,-5.0149122163389945
7484631,4.3,0015-08-20 11:21:56,0015-08-20 14:50:08,11,14,3.47,Jeudi,android,,35897499,405157,976902,Parking public,2.03,8.73,Fès,30000,34.03293491035354,-5.008980815091567
5047224,6.13,0015-08-20 17:34:03,0015-08-20 20:19:08,17,20,2.751388889,Jeudi,android,,35897499,236379,928191,Parking public,3.24,19.86,Oujda,60000,34.67475269858901,-1.9009603475112562
7612366,5.88,0015-08-21 15:25:41,0015-08-21 17:19:07,15,17,1.890555556,Vendredi,android,,35897499,207262,928191,Parking public,2.35,13.82,Fès,30000,34.02019042966265,-5.026546109466833
1943326,5.16,0015-08-24 17:44:14,0015-08-24 20:37:06,17,20,2.881111111,Lundi,android,,35897499,801274,976902,Parking public,1.92,9.91,Marrakech,40000,31.601713216841272,-7.998469583620079
4773595,6.66,0015-08-25 14:33:24,0015-08-25 17:44:05,14,17,3.178055556,Mardi,android,,35897499,944575,928191,Parking public,2.58,17.18,Casablanca,20000,33.57967386003879,-7.5712585815825
8710352,0.31,0015-08-25 17:52:20,0015-08-25 19:43:06,17,19,1.846111111,Mardi,android,,35897499,894409,928191,Parking public,2.96,0.92,Casablanca,20000,33.57326074139373,-7.610984684584974
6946930,1.73,0015-08-26 16:15:25,0015-08-26 16:50:07,16,16,0.578333333,Mercredi,android,,35897499,371335,461655,Parking public,1.9,3.29,Agadir,80000,30.400888725075,-9.60754129120865
9080203,3.97,0015-08-27 11:22:26,0015-08-27 12:41:08,11,12,1.311666667,Jeudi,android,,35897499,280221,976902,Parking public,2.12,8.42,Oujda,60000,34.673418787854196,-1.8895204646885115
1310541,4.77,0015-08-27 14:26:42,0015-08-27 17:51:06,14,17,3.406666667,Jeudi,android,,35897499,280221,976902,Parking public,3.49,16.65,Oujda,60000,34.711195953158004,-1.9321044813313935
2051880,3.79,0015-08-28 15:04:52,0015-08-28 17:10:11,15,17,2.088611111,Vendredi,android,,35897499,355208,976902,Parking public,2.8,10.61,Casablanca,20000,33.55747371344002,-7.614835789862909
2151405,6.56,0015-08-31 17:07:42,0015-08-31 21:04:08,17,21,3.940555556,Lundi,android,,35897499,280221,976902,Parking public,2.38,15.61,Oujda,60000,34.66539369232547,-1.9123277202951994
9830354,5.07,0015-09-01 16:34:05,0015-09-01 20:33:06,16,20,3.983611111,Mardi,android,,35897499,405157,976902,Parking public,2.54,12.88,Fès,30000,34.03246716561665,-5.012154829323288
7366688,4.17,0015-09-02 14:27:08,0015-09-02 16:28:07,14,16,2.016388889,Mercredi,android,,35897499,280221,976902,Parking public,1.74,7.26,Oujda,60000,34.71583902724664,-1.9075954981309688
3690401,2.87,0015-09-02 16:50:08,0015-09-02 20:48:08,16,20,3.966666667,Mercredi,android,,35897499,728918,928191,Parking public,1.95,5.6,Rabat,10000,34.00542331629069,-6.823371706570991
2666943,10.01,0015-09-04 16:44:07,0015-09-04 19:45:12,16,19,3.018055556,Vendredi,android,,35897499,500856,976902,Parking public,2.18,21.82,Rabat,10000,34.03122813284435,-6.863371090710835
8966239,6.33,0015-09-08 13:45:37,0015-09-08 17:21:08,13,17,3.591944444,Mardi,android,,35897499,944575,928191,Parking public,2.68,16.96,Casablanca,20000,33.58879717691972,-7.5849580549267435
1060291,1.3,0015-09-08 17:29:25,0015-09-08 20:57:08,17,20,3.461944444,Mardi,android,,35897499,355208,976902,Parking public,1.96,2.55,Casablanca,20000,33.55735825263954,-7.5894694743766085
6178031,4.16,0015-09-09 17:26:14,0015-09-09 20:31:06,17,20,3.081111111,Mercredi,android,,35897499,250527,976902,Parking public,1.94,8.07,Rabat,10000,34.034592980916706,-6.862955272839208
6720753,5.68,0015-09-10 12:27:27,0015-09-10 15:21:07,12,15,2.894444444,Jeudi,android,,35897499,801274,976902,Parking public,1.64,9.32,Marrakech,40000,31.621566987963156,-7.973660090868261
5465287,4.27,0015-09-10 16:47:27,0015-09-10 20:56:06,16,20,4.144166667,Jeudi,android,,35897499,207262,928191,Parking public,2.76,11.79,Fès,30000,34.04103834983561,-5.013881574928354
4722963,6.31,0015-09-11 12:34:32,0015-09-11 16:07:07,12,16,3.543055556,Vendredi,android,,35897499,801274,976902,Parking public,1.96,12.37,Marrakech,40000,31.637511782645653,-7.9818299408873585
2353637,6.58,0015-09-14 17:28:50,0015-09-14 20:48:05,17,20,3.320833333,Lundi,android,,35897499,280221,976902,Parking public,3.31,21.78,Oujda,60000,34.688846481044486,-1.9364636605433763
4542365,2.27,0015-09-17 17:25:30,0015-09-17 17:57:10,17,17,0.527777778,Jeudi,android,,35897499,738900,976902,Parking public,3.22,7.31,Fès,30000,34.00851738620326,-5.0027249565671825
4235947,6.35,0015-09-18 16:36:10,0015-09-18 19:02:14,16,19,2.434444444,Vendredi,android,,35897499,801274,976902,Parking public,1.64,10.41,Marrakech,40000,31.649618149735353,-7.99271219191743
3346938,4.21,0015-09-21 11:19:11,0015-09-21 13:19:11,11,13,2.0,Lundi,android,,35897499,280221,976902,Parking public,1.98,8.34,Oujda,60000,34.675946803898306,-1.8920571273288787
1377083,1.97,0015-10-01 11:21:59,0015-10-01 12:01:07,11,12,0.652222222,Jeudi,android,,35897499,944575,928191,Parking public,2.84,5.59,Casablanca,20000,33.554291110623986,-7.616381276380158
9206532,3.43,0015-10-01 12:06:30,0015-10-01 13:32:06,12,13,1.426666667,Jeudi,android,,35897499,582873,461655,Parking public,1.93,6.62,Fès,30000,34.00554650849328,-5.0051835635049
3574851,6.27,0015-10-01 17:16:38,0015-10-01 19:34:08,17,19,2.291666667,Jeudi,android,,35897499,944575,928191,Parking public,1.76,11.04,Casablanca,20000,33.57855357659129,-7.592294114552114
1881770,6.89,0015-01-15 13:59:53,0015-01-15 17:37:04,13,17,3.619722222,Jeudi,ios,,65023200,863084,751082,Centre commercial,3.37,23.22,Rabat,10000,34.031553861710535,-6.828099635422053
2564911,6.28,0015-01-21 14:39:13,0015-01-21 17:06:04,14,17,2.4475,Mercredi,ios,,65023200,987396,978130,Bureau / Entreprise,2.64,16.58,Marrakech,40000,31.60049526973567,-7.976642745494587
7028441,2.76,0015-01-21 18:57:38,0015-01-21 23:01:04,18,23,4.057222222,Mercredi,ios,,65023200,366832,978130,Bureau / Entreprise,2.45,6.76,Casablanca,20000,33.57382558349796,-7.579767259768349
2162299,4.1,0015-01-26 18:09:47,0015-01-29 01:24:04,18,1,55.23805556,Lundi,ios,,65023200,863084,751082,Centre commercial,3.07,12.59,Rabat,10000,34.00448974651187,-6.824977042860894
5859533,7.21,0015-01-27 17:27:24,0015-01-27 23:00:06,17,23,5.545,Mardi,ios,,65023200,987396,978130,Bureau / Entreprise,3.11,22.42,Marrakech,40000,31.638210367424566,-7.959367821580508
4317364,7.02,0015-01-28 20:32:43,0015-01-28 22:57:05,20,22,2.406111111,Mercredi,ios,,65023200,987396,978130,Bureau / Entreprise,1.88,13.2,Marrakech,40000,31.6099619857403,-7.992267470196651
1176150,8.38,0015-02-03 14:34:13,0015-02-03 17:59:04,14,17,3.414166667,Mardi,ios,,65023200,863084,751082,Centre commercial,1.69,14.16,Rabat,10000,34.03235626428614,-6.839318637678166
6226034,6.38,0015-02-03 18:43:05,0015-02-03 22:59:04,18,22,4.266388889,Mardi,ios,,65023200,987396,978130,Bureau / Entreprise,2.36,15.06,Marrakech,40000,31.62270412077803,-7.960693515293648
4366553,7.52,0015-02-04 14:29:41,0015-02-04 17:00:07,14,17,2.507222222,Mercredi,ios,,65023200,863084,751082,Centre commercial,2.35,17.67,Rabat,10000,34.047103799324205,-6.812232932142097
3217970,6.22,0015-02-06 14:14:25,0015-02-06 16:38:04,14,16,2.394166667,Vendredi,ios,,65023200,863084,751082,Centre commercial,2.43,15.11,Rabat,10000,33.99915125664876,-6.8182288413373735
7786095,7.9,0015-02-10 14:09:35,0015-02-10 17:44:07,14,17,3.575555556,Mardi,ios,,65023200,366832,978130,Bureau / Entreprise,2.96,23.38,Casablanca,20000,33.56356398106301,-7.597511964242537
4705451,11.61,0015-02-12 19:27:01,0015-02-12 23:21:04,19,23,3.900833333,Jeudi,ios,,65023200,987396,978130,Bureau / Entreprise,2.85,33.09,Marrakech,40000,31.606308411274437,-7.999390008966881
1699715,7.97,0015-02-16 14:29:59,0015-02-16 17:24:04,14,17,2.901388889,Lundi,ios,,65023200,366832,978130,Bureau / Entreprise,3.47,27.66,Casablanca,20000,33.59858161709671,-7.590436447755605
7648104,6.11,0015-02-18 13:38:36,0015-02-18 16:54:05,13,16,3.258055556,Mercredi,ios,,65023200,987396,978130,Bureau / Entreprise,1.7,10.39,Marrakech,40000,31.65214036120286,-7.966601512889837
4635698,3.11,0015-02-18 17:35:32,0015-02-18 22:44:04,17,22,5.142222222,Mercredi,ios,,65023200,987396,978130,Bureau / Entreprise,2.31,7.18,Marrakech,40000,31.61497649766291,-7.981545855754802
3923928,6.92,0015-02-19 14:02:39,0015-02-19 17:08:05,14,17,3.090555556,Jeudi,ios,,65023200,987396,978130,Bureau / Entreprise,2.18,15.09,Marrakech,40000,31.63909904276205,-7.98210914820118
8791850,9.31,0015-02-19 17:55:23,0015-02-19 23:12:05,17,23,5.278333333,Jeudi,ios,,65023200,987396,978130,Bureau / Entreprise,3.22,29.98,Marrakech,40000,31.64853333201207,-7.960806174735092
1824270,7.89,0015-02-23 17:40:15,0015-02-23 23:00:12,17,23,5.3325,Lundi,ios,,65023200,987396,978130,Bureau / Entreprise,2.0,15.78,Marrakech,40000,31.632812048695968,-7.989415773255969
2321993,6.66,0015-03-12 16:13:20,0015-03-12 19:43:05,16,19,3.495833333,Jeudi,ios,,65023200,366832,978130,Bureau / Entreprise,1.88,12.52,Casablanca,20000,33.574879034701354,-7.568212319511302
7906889,0.89,0015-03-12 21:37:47,0015-03-12 21:56:05,21,21,0.305,Jeudi,ios,,65023200,987396,978130,Bureau / Entreprise,2.4,2.14,Marrakech,40000,31.61401113745403,-7.986691711942896
5923518,6.3,0015-03-13 16:07:08,0015-03-13 21:49:05,16,21,5.699166667,Vendredi,ios,,65023200,987396,978130,Bureau / Entreprise,2.34,14.74,Marrakech,40000,31.605086166068354,-7.991406013659299
4264640,2.52,0015-03-17 21:10:28,0015-03-17 21:59:05,21,21,0.810277778,Mardi,ios,,65023200,987396,978130,Bureau / Entreprise,2.06,5.19,Marrakech,40000,31.6533329454772,-7.983860605328018
6087939,0.02,0015-03-23 17:18:39,0015-03-23 17:21:05,17,17,0.040555556,Lundi,ios,,65023200,987396,978130,Bureau / Entreprise,2.0,0.04,Marrakech,40000,31.6535250834298,-7.965353182479507
2097707,5.54,0015-03-30 18:50:12,0015-03-30 21:34:05,18,21,2.731388889,Lundi,ios,,65023200,929628,751082,Centre commercial,3.35,18.56,Tanger,90000,35.767486087436396,-5.85643987832816
9090606,4.34,0015-03-31 20:36:45,0015-03-31 21:59:09,20,21,1.373333333,Mardi,ios,,65023200,366832,978130,Bureau / Entreprise,2.39,10.37,Casablanca,20000,33.56344178746292,-7.608014847047679
4833980,2.91,0015-04-01 21:02:53,0015-04-01 21:59:04,21,21,0.936388889,Mercredi,ios,,65023200,987396,978130,Bureau / Entreprise,3.22,9.37,Marrakech,40000,31.62045257447676,-7.954013310460214
9998981,6.21,0015-04-02 17:03:29,0015-04-02 20:22:04,17,20,3.309722222,Jeudi,ios,,65023200,987396,978130,Bureau / Entreprise,2.6,16.15,Marrakech,40000,31.643057340732213,-8.000570502357117
1968884,5.16,0015-04-06 13:12:33,0015-04-06 15:55:07,13,15,2.709444444,Lundi,ios,,65023200,929628,751082,Centre commercial,1.6,8.26,Tanger,90000,35.783326615597154,-5.829936360924136
4775619,0.1,0015-04-06 16:59:41,0015-04-06 17:03:05,16,17,0.056666667,Lundi,ios,,65023200,987396,978130,Bureau / Entreprise,3.5,0.35,Marrakech,40000,31.652725185455907,-7.976341132000283
7165535,4.64,0015-04-07 20:34:02,0015-04-07 22:00:07,20,22,1.434722222,Mardi,ios,,65023200,366832,978130,Bureau / Entreprise,3.17,14.71,Casablanca,20000,33.589892532751456,-7.590422532276985
6108765,5.47,0015-04-17 17:45:44,0015-04-17 20:00:08,17,20,2.24,Vendredi,ios,,65023200,366832,978130,Bureau / Entreprise,3.44,18.82,Casablanca,20000,33.58162189876926,-7.581115285085391
5431268,5.48,0015-04-27 17:48:08,0015-04-27 21:51:13,17,21,4.051388889,Lundi,ios,,65023200,987396,978130,Bureau / Entreprise,3.35,18.36,Marrakech,40000,31.604548397899702,-7.997310396452143
8807066,5.42,0015-04-28 15:50:21,0015-04-28 18:09:07,15,18,2.312777778,Mardi,ios,,65023200,987396,978130,Bureau / Entreprise,3.2,17.34,Marrakech,40000,31.60919772284568,-7.9779402639333945
2366312,6.58,0015-04-29 17:10:57,0015-04-29 21:53:06,17,21,4.7025,Mercredi,ios,,65023200,863084,751082,Centre commercial,1.83,12.04,Rabat,10000,34.04481325131162,-6.849269604685186
6533184,5.62,0015-04-30 19:14:00,0015-04-30 22:10:08,19,22,2.935555556,Jeudi,ios,,65023200,863084,751082,Centre commercial,2.47,13.88,Rabat,10000,34.027285743579576,-6.831899964422249
8146919,5.07,0015-05-01 19:26:21,0015-05-01 22:02:06,19,22,2.595833333,Vendredi,ios,,65023200,987396,978130,Bureau / Entreprise,1.93,9.79,Marrakech,40000,31.600051823096997,-8.00262658739761
9240795,4.6,0015-05-04 13:27:53,0015-05-04 16:04:06,13,16,2.603611111,Lundi,ios,,65023200,366832,978130,Bureau / Entreprise,2.3,10.58,Casablanca,20000,33.549188292571955,-7.5855473549896315
9131704,2.69,0015-05-04 21:02:32,0015-05-04 21:57:07,21,21,0.909722222,Lundi,ios,,65023200,366832,978130,Bureau / Entreprise,1.62,4.36,Casablanca,20000,33.58291010614648,-7.608683778677001
8258612,6.18,0015-05-05 18:45:10,0015-05-05 21:58:06,18,21,3.215555556,Mardi,ios,,65023200,366832,978130,Bureau / Entreprise,2.26,13.97,Casablanca,20000,33.54340369503077,-7.603081416213098
5663108,6.65,0015-05-13 17:14:12,0015-05-13 21:55:11,17,21,4.683055556,Mercredi,ios,,65023200,366832,978130,Bureau / Entreprise,3.47,23.08,Casablanca,20000,33.55274848308505,-7.606677411980585
6649705,5.81,0015-05-14 16:13:51,0015-05-14 18:41:05,16,18,2.453888889,Jeudi,ios,,65023200,987396,978130,Bureau / Entreprise,2.03,11.79,Marrakech,40000,31.632424027361996,-8.00012973320787
5226944,6.13,0015-05-14 19:55:55,0015-05-14 21:52:06,19,21,1.936388889,Jeudi,ios,,65023200,987396,978130,Bureau / Entreprise,3.07,18.82,Marrakech,40000,31.64101371186156,-7.961557342906359
8829161,7.08,0015-05-15 17:04:04,0015-05-15 19:36:05,17,19,2.533611111,Vendredi,ios,,65023200,987396,978130,Bureau / Entreprise,2.41,17.06,Marrakech,40000,31.638617675570156,-7.993957545940346
6295415,6.28,0015-05-18 15:41:11,0015-05-18 22:07:05,15,22,6.431666667,Lundi,ios,,65023200,929628,751082,Centre commercial,2.35,14.76,Tanger,90000,35.74295615856764,-5.808372573088133
2486127,6.51,0015-05-19 16:45:22,0015-05-19 21:34:05,16,21,4.811944444,Mardi,ios,,65023200,987396,978130,Bureau / Entreprise,3.41,22.2,Marrakech,40000,31.642230753280852,-7.952904408479288
3297805,6.54,0015-05-20 17:16:07,0015-05-20 21:54:06,17,21,4.633055556,Mercredi,ios,,65023200,987396,978130,Bureau / Entreprise,3.49,22.82,Marrakech,40000,31.613734945249806,-7.976824371803774
8025036,7.0,0015-05-21 19:12:31,0015-05-21 21:46:06,19,21,2.559722222,Jeudi,ios,,65023200,366832,978130,Bureau / Entreprise,2.61,18.27,Casablanca,20000,33.56262398188955,-7.611219932640057
6067782,6.34,0015-05-27 17:14:53,0015-05-27 22:01:06,17,22,4.770277778,Mercredi,ios,,65023200,366832,978130,Bureau / Entreprise,2.94,18.64,Casablanca,20000,33.58788948430708,-7.597327105397225
5570215,7.7,0015-05-29 17:09:08,0015-05-29 21:52:05,17,21,4.715833333,Vendredi,ios,,65023200,366832,978130,Bureau / Entreprise,1.81,13.94,Casablanca,20000,33.58207797394283,-7.571936064199107
4150137,6.37,0015-06-02 15:55:00,0015-06-02 21:46:04,15,21,5.851111111,Mardi,ios,,65023200,987396,978130,Bureau / Entreprise,2.09,13.31,Marrakech,40000,31.65045340462965,-7.989056556278175
1851465,6.19,0015-06-03 17:04:29,0015-06-03 21:55:07,17,21,4.843888889,Mercredi,ios,,65023200,366832,978130,Bureau / Entreprise,3.44,21.29,Casablanca,20000,33.582556773538016,-7.614578966901833
8612143,2.71,0015-06-04 13:03:23,0015-06-04 15:53:13,13,15,2.830555556,Jeudi,ios,,65023200,366832,978130,Bureau / Entreprise,2.66,7.21,Casablanca,20000,33.57719851620013,-7.586392905344309
1256772,0.0,0015-06-04 20:03:13,0015-06-04 22:05:16,20,22,2.034166667,Jeudi,ios,,65023200,863084,751082,Centre commercial,2.58,0.0,Rabat,10000,33.996520486069684,-6.820892748910238
6326627,7.13,0015-06-08 19:17:13,0015-06-08 22:00:17,19,22,2.717777778,Lundi,ios,,65023200,366832,978130,Bureau / Entreprise,3.0,21.39,Casablanca,20000,33.56516294818356,-7.57204441677139
9547336,3.57,0015-06-10 14:20:22,0015-06-10 15:42:06,14,15,1.362222222,Mercredi,ios,,65023200,987396,978130,Bureau / Entreprise,1.61,5.75,Marrakech,40000,31.615412142060904,-8.000592611592179
2660497,1.72,0015-06-10 18:38:24,0015-06-10 21:52:06,18,21,3.228333333,Mercredi,ios,,65023200,987396,978130,Bureau / Entreprise,2.67,4.59,Marrakech,40000,31.614139378602744,-7.9707341231352515
7264751,5.9,0015-06-11 19:37:42,0015-06-11 21:55:15,19,21,2.2925,Jeudi,ios,,65023200,987396,978130,Bureau / Entreprise,2.51,14.81,Marrakech,40000,31.657880633285146,-7.997869744193861
4974779,3.8,0015-06-12 14:28:22,0015-06-12 15:41:05,14,15,1.211944444,Vendredi,ios,,65023200,863084,751082,Centre commercial,3.21,12.2,Rabat,10000,34.014485863480004,-6.85850754792687
4575807,6.46,0015-06-12 19:16:06,0015-06-12 21:45:11,19,21,2.484722222,Vendredi,ios,,65023200,987396,978130,Bureau / Entreprise,1.81,11.69,Marrakech,40000,31.653022793310626,-7.958655693601688
9976151,5.42,0015-06-15 13:44:54,0015-06-15 15:31:04,13,15,1.769444444,Lundi,ios,,65023200,987396,978130,Bureau / Entreprise,3.42,18.54,Marrakech,40000,31.637368317559837,-7.996119862835585
1258066,5.97,0015-06-15 17:03:23,0015-06-15 19:11:07,17,19,2.128888889,Lundi,ios,,65023200,929628,751082,Centre commercial,1.66,9.91,Tanger,90000,35.777188678212504,-5.848205159208919
8999662,7.55,0015-06-16 17:49:45,0015-06-16 21:56:06,17,21,4.105833333,Mardi,ios,,65023200,987396,978130,Bureau / Entreprise,1.87,14.12,Marrakech,40000,31.62965822558631,-8.011060796554322
3839404,5.02,0015-06-17 18:04:23,0015-06-17 21:57:06,18,21,3.878611111,Mercredi,ios,,65023200,366832,978130,Bureau / Entreprise,2.69,13.5,Casablanca,20000,33.57771423307758,-7.567559857952469
3416621,4.06,0015-06-18 19:48:35,0015-06-18 21:42:15,19,21,1.894444444,Jeudi,ios,,65023200,366832,978130,Bureau / Entreprise,2.85,11.57,Casablanca,20000,33.57265106162913,-7.572244311207452
6905541,6.36,0015-06-22 18:43:35,0015-06-22 21:57:06,18,21,3.225277778,Lundi,ios,,65023200,987396,978130,Bureau / Entreprise,1.97,12.53,Marrakech,40000,31.611214579267884,-7.973460263894559
1104463,5.03,0015-06-23 15:43:42,0015-06-23 18:00:09,15,18,2.274166667,Mardi,ios,,65023200,366832,978130,Bureau / Entreprise,1.74,8.75,Casablanca,20000,33.58644712691569,-7.57478405416367
3913179,5.23,0015-06-24 16:57:47,0015-06-24 21:59:05,16,21,5.021666667,Mercredi,ios,,65023200,987396,978130,Bureau / Entreprise,3.28,17.15,Marrakech,40000,31.61634634174645,-8.00197708595453
2011252,5.26,0015-06-26 13:32:00,0015-06-26 17:13:05,13,17,3.684722222,Vendredi,ios,,65023200,863084,751082,Centre commercial,1.99,10.47,Rabat,10000,33.992358957985886,-6.844100584324745
6076670,0.86,0015-06-26 17:25:24,0015-06-26 21:49:04,17,21,4.394444444,Vendredi,ios,,65023200,366832,978130,Bureau / Entreprise,2.69,2.31,Casablanca,20000,33.58182833775442,-7.598726836759074
1890363,6.78,0015-06-29 17:25:19,0015-06-29 21:40:11,17,21,4.247777778,Lundi,ios,,65023200,987396,978130,Bureau / Entreprise,2.74,18.58,Marrakech,40000,31.610126640764424,-8.005473408424578
5997459,6.66,0015-06-30 17:54:05,0015-06-30 21:54:06,17,21,4.000277778,Mardi,ios,,65023200,366832,978130,Bureau / Entreprise,2.34,15.58,Casablanca,20000,33.59952751506117,-7.590632170887105
7179065,6.63,0015-07-01 18:36:36,0015-07-01 21:55:12,18,21,3.31,Mercredi,ios,,65023200,366832,978130,Bureau / Entreprise,2.67,17.7,Casablanca,20000,33.60033571462015,-7.5645556209794425
4506034,7.35,0015-07-06 16:29:22,0015-07-06 22:05:12,16,22,5.597222222,Lundi,ios,,65023200,863084,751082,Centre commercial,2.55,18.74,Rabat,10000,34.04579186341322,-6.869196452856958
7461794,5.54,0015-07-08 17:23:48,0015-07-08 21:42:05,17,21,4.304722222,Mercredi,ios,,65023200,366832,978130,Bureau / Entreprise,3.37,18.67,Casablanca,20000,33.565309522015326,-7.602312345190373
3320247,6.73,0015-07-15 16:16:00,0015-07-15 21:59:05,16,21,5.718055556,Mercredi,ios,,65023200,366832,978130,Bureau / Entreprise,1.91,12.85,Casablanca,20000,33.54402739699173,-7.607347543827658
2118414,6.62,0015-07-16 17:32:36,0015-07-16 22:01:10,17,22,4.476111111,Jeudi,ios,,65023200,366832,978130,Bureau / Entreprise,2.93,19.4,Casablanca,20000,33.59879911375526,-7.605511200780058
8679380,6.46,0015-07-17 17:08:00,0015-07-17 21:53:05,17,21,4.751388889,Vendredi,ios,,65023200,987396,978130,Bureau / Entreprise,1.98,12.79,Marrakech,40000,31.62519104889904,-7.956593926887237
2409826,8.41,0015-07-20 18:44:18,0015-07-20 21:49:07,18,21,3.080277778,Lundi,ios,,65023200,366832,978130,Bureau / Entreprise,2.29,19.26,Casablanca,20000,33.60109928914262,-7.591715856745943
7817859,7.84,0015-07-21 15:58:37,0015-07-21 21:54:06,15,21,5.924722222,Mardi,ios,,65023200,987396,978130,Bureau / Entreprise,2.84,22.27,Marrakech,40000,31.657317198625357,-7.9831220352236105
6935812,5.88,0015-07-23 17:23:13,0015-07-23 22:05:17,17,22,4.701111111,Jeudi,ios,,65023200,366832,978130,Bureau / Entreprise,2.1,12.35,Casablanca,20000,33.594280567328035,-7.574165461452683
5155934,4.57,0015-07-27 20:24:38,0015-07-27 22:02:05,20,22,1.624166667,Lundi,ios,,65023200,987396,978130,Bureau / Entreprise,2.13,9.73,Marrakech,40000,31.617166933524175,-8.001830467759705
5808039,6.5,0015-07-28 19:37:56,0015-07-28 22:00:14,19,22,2.371666667,Mardi,ios,,65023200,987396,978130,Bureau / Entreprise,3.0,19.5,Marrakech,40000,31.622605863716117,-7.981864078753997
4193479,5.86,0015-07-29 19:14:38,0015-07-29 21:59:06,19,21,2.741111111,Mercredi,ios,,65023200,987396,978130,Bureau / Entreprise,1.65,9.67,Marrakech,40000,31.650568200291012,-7.985300887152736
1859460,5.5,0015-07-30 18:27:29,0015-07-30 21:52:06,18,21,3.410277778,Jeudi,ios,,65023200,366832,978130,Bureau / Entreprise,2.42,13.31,Casablanca,20000,33.562115320309374,-7.583985358567201
4861447,5.8,0015-08-03 13:29:10,0015-08-03 16:16:07,13,16,2.7825,Lundi,ios,,65023200,863084,751082,Centre commercial,3.5,20.3,Rabat,10000,34.00106956480116,-6.811626537804973
6675795,7.16,0015-08-03 16:19:22,0015-08-03 19:13:12,16,19,2.897222222,Lundi,ios,,65023200,987396,978130,Bureau / Entreprise,3.49,24.99,Marrakech,40000,31.6329080757475,-7.964933066355077
7296683,1.39,0015-08-03 20:50:30,0015-08-03 21:54:05,20,21,1.059722222,Lundi,ios,,65023200,366832,978130,Bureau / Entreprise,1.65,2.29,Casablanca,20000,33.59926928644964,-7.595928057818955
5164549,8.23,0015-08-04 17:00:32,0015-08-04 21:58:12,17,21,4.961111111,Mardi,ios,,65023200,366832,978130,Bureau / Entreprise,1.93,15.88,Casablanca,20000,33.58486178780049,-7.5701468168635575
3898980,4.67,0015-08-05 13:17:45,0015-08-05 16:00:13,13,16,2.707777778,Mercredi,ios,,65023200,366832,978130,Bureau / Entreprise,2.03,9.48,Casablanca,20000,33.57730367020536,-7.6095574982012515
6186530,2.16,0015-08-05 18:55:38,0015-08-05 21:55:13,18,21,2.993055556,Mercredi,ios,,65023200,366832,978130,Bureau / Entreprise,3.37,7.28,Casablanca,20000,33.548930589626245,-7.6179721788214625
8842700,5.02,0015-08-06 16:35:30,0015-08-06 19:20:08,16,19,2.743888889,Jeudi,ios,,65023200,366832,978130,Bureau / Entreprise,3.26,16.37,Casablanca,20000,33.580000433601946,-7.607533097652144
2890933,0.05,0015-08-06 19:21:22,0015-08-06 22:04:07,19,22,2.7125,Jeudi,ios,,65023200,366832,978130,Bureau / Entreprise,3.26,0.16,Casablanca,20000,33.60250323100625,-7.599375306633145
7556587,5.29,0015-08-07 13:06:56,0015-08-07 16:15:07,13,16,3.136388889,Vendredi,ios,,65023200,987396,978130,Bureau / Entreprise,2.24,11.85,Marrakech,40000,31.60790504091419,-7.980465154552426
8170464,3.09,0015-08-07 18:57:44,0015-08-07 20:45:07,18,20,1.789722222,Vendredi,ios,,65023200,987396,978130,Bureau / Entreprise,1.82,5.62,Marrakech,40000,31.630599779141825,-7.974192251567528
8958839,5.83,0015-08-10 13:06:24,0015-08-10 17:56:08,13,17,4.828888889,Lundi,ios,,65023200,366832,978130,Bureau / Entreprise,3.17,18.48,Casablanca,20000,33.59574238431567,-7.565163656967135
1792624,5.56,0015-08-11 13:07:26,0015-08-11 15:38:06,13,15,2.511111111,Mardi,ios,,65023200,929628,751082,Centre commercial,2.91,16.18,Tanger,90000,35.77394611706526,-5.833408759426972
2838084,4.89,0015-08-11 16:55:38,0015-08-11 21:52:06,16,21,4.941111111,Mardi,ios,,65023200,366832,978130,Bureau / Entreprise,2.72,13.3,Casablanca,20000,33.58492094445971,-7.589723461322457
8471653,1.98,0015-08-13 17:58:46,0015-08-13 18:38:07,17,18,0.655833333,Jeudi,ios,,65023200,943765,461655,Parking public,3.47,6.87,Agadir,80000,30.439949045039228,-9.625085419410622
4105012,3.17,0015-08-13 18:49:53,0015-08-13 21:45:08,18,21,2.920833333,Jeudi,ios,,65023200,366832,978130,Bureau / Entreprise,2.81,8.91,Casablanca,20000,33.56466946907318,-7.617705306840627
2834438,6.11,0015-08-17 18:03:57,0015-08-17 20:01:07,18,20,1.952777778,Lundi,ios,,65023200,987396,978130,Bureau / Entreprise,1.52,9.29,Marrakech,40000,31.61711551065587,-7.978030402285017
8161363,2.35,0015-08-17 20:18:50,0015-08-17 21:28:08,20,21,1.155,Lundi,ios,,65023200,987396,978130,Bureau / Entreprise,3.13,7.36,Marrakech,40000,31.648061669328712,-7.984809283205099
2016392,6.35,0015-08-18 14:48:18,0015-08-18 17:51:07,14,17,3.046944444,Mardi,ios,,65023200,366832,978130,Bureau / Entreprise,2.1,13.34,Casablanca,20000,33.59170680368075,-7.569449176301182
5098975,3.28,0015-08-19 20:06:35,0015-08-19 21:11:06,20,21,1.075277778,Mercredi,ios,,65023200,863084,751082,Centre commercial,2.83,9.28,Rabat,10000,34.042924339114805,-6.861959224917289
2968857,6.23,0015-08-20 18:57:28,0015-08-20 22:02:06,18,22,3.077222222,Jeudi,ios,,65023200,863084,751082,Centre commercial,3.38,21.06,Rabat,10000,34.045694433153386,-6.8701017002729765
2095458,5.09,0015-08-21 15:25:57,0015-08-21 21:29:06,15,21,6.0525,Vendredi,ios,,65023200,987396,978130,Bureau / Entreprise,1.77,9.01,Marrakech,40000,31.630180543931658,-7.984157673924192
6992976,4.68,0015-08-24 15:05:22,0015-08-24 17:50:08,15,17,2.746111111,Lundi,ios,,65023200,987396,978130,Bureau / Entreprise,1.73,8.1,Marrakech,40000,31.629590977681232,-7.996851286594864
3059726,5.42,0015-08-25 16:13:59,0015-08-25 21:44:06,16,21,5.501944444,Mardi,ios,,65023200,366832,978130,Bureau / Entreprise,1.71,9.27,Casablanca,20000,33.590997710738,-7.6168231375996704
2896987,4.67,0015-08-26 13:11:14,0015-08-26 16:01:05,13,16,2.830833333,Mercredi,ios,,65023200,863084,751082,Centre commercial,2.61,12.19,Rabat,10000,34.02989783584666,-6.8281241027891415
7903886,2.76,0015-08-27 14:28:43,0015-08-27 15:21:06,14,15,0.873055556,Jeudi,ios,,65023200,987396,978130,Bureau / Entreprise,2.04,5.63,Marrakech,40000,31.641618012635462,-8.004404420002565
6808795,3.24,0015-08-27 16:48:55,0015-08-27 18:17:07,16,18,1.47,Jeudi,ios,,65023200,664306,868085,Parking public,2.71,8.78,Agadir,80000,30.44554756016617,-9.591600829999534
5239236,0.63,0015-08-27 18:23:52,0015-08-27 22:00:08,18,22,3.604444444,Jeudi,ios,,65023200,366832,978130,Bureau / Entreprise,2.94,1.85,Casablanca,20000,33.59650032050905,-7.602937014989987
1547224,4.95,0015-08-31 13:19:25,0015-08-31 16:24:08,13,16,3.078611111,Lundi,ios,,65023200,366832,978130,Bureau / Entreprise,1.91,9.45,Casablanca,20000,33.56337970941109,-7.609390236978699
8402166,4.4,0015-08-31 17:22:32,0015-08-31 22:02:08,17,22,4.66,Lundi,ios,,65023200,863084,751082,Centre commercial,2.77,12.19,Rabat,10000,34.0134349771584,-6.84881490862484
2022698,0.03,0015-09-01 17:38:52,0015-09-01 18:56:24,17,18,1.292222222,Mardi,ios,,65023200,987396,978130,Bureau / Entreprise,2.03,0.06,Marrakech,40000,31.60513891639045,-7.963013253426622
9150409,4.64,0015-09-01 19:38:31,0015-09-01 21:33:07,19,21,1.91,Mardi,ios,,65023200,638536,868085,Parking public,2.48,11.51,Meknès,50000,33.89819680845977,-5.553774385385726
9820762,4.94,0015-09-02 13:00:15,0015-09-02 14:46:10,13,14,1.765277778,Mercredi,ios,,65023200,569886,868085,Parking public,3.31,16.35,Rabat,10000,33.9930565364278,-6.826553821047336
3992691,0.79,0015-09-02 14:52:21,0015-09-02 17:29:10,14,17,2.613611111,Mercredi,ios,,65023200,987396,978130,Bureau / Entreprise,3.19,2.52,Marrakech,40000,31.627435881087948,-8.003570822192051
8608385,2.68,0015-09-02 20:12:56,0015-09-02 22:07:10,20,22,1.903888889,Mercredi,ios,,65023200,987396,978130,Bureau / Entreprise,1.68,4.5,Marrakech,40000,31.632058678082455,-7.9647337148200945
3443841,2.22,0015-09-03 15:38:21,0015-09-03 16:22:07,15,16,0.729444444,Jeudi,ios,,65023200,987396,978130,Bureau / Entreprise,2.35,5.22,Marrakech,40000,31.616692475127696,-7.9968840005056006
1918100,5.17,0015-09-03 20:18:46,0015-09-03 21:57:05,20,21,1.638611111,Jeudi,ios,,65023200,987396,978130,Bureau / Entreprise,2.05,10.6,Marrakech,40000,31.63494999563414,-7.9704564122066675
9091743,4.99,0015-09-04 13:20:04,0015-09-04 15:02:06,13,15,1.700555556,Vendredi,ios,,65023200,863084,751082,Centre commercial,1.51,7.53,Rabat,10000,33.99273001499634,-6.83765310670954
3071699,3.47,0015-09-04 16:00:39,0015-09-04 21:25:10,16,21,5.408611111,Vendredi,ios,,65023200,366832,978130,Bureau / Entreprise,3.04,10.55,Casablanca,20000,33.54534089132495,-7.564051316967299
9319901,6.3,0015-09-08 16:42:38,0015-09-08 21:58:08,16,21,5.258333333,Mardi,ios,,65023200,987396,978130,Bureau / Entreprise,2.77,17.45,Marrakech,40000,31.64885603363958,-7.9878606489214805
1466557,5.46,0015-09-09 13:17:32,0015-09-09 21:57:07,13,21,8.659722222,Mercredi,ios,,65023200,451479,648339,Bureau / Entreprise,2.02,11.03,Rabat,10000,34.01251143848467,-6.867630088669933
6841106,4.66,0015-09-10 13:14:54,0015-09-10 15:07:12,13,15,1.871666667,Jeudi,ios,,65023200,489543,868085,Parking public,2.98,13.89,Casablanca,20000,33.55072363075911,-7.618650670866925
2866748,1.84,0015-09-10 17:36:26,0015-09-10 18:22:07,17,18,0.761388889,Jeudi,ios,,65023200,664306,868085,Parking public,2.6,4.78,Agadir,80000,30.42913459560329,-9.578488486341636
9328629,1.26,0015-09-10 19:33:48,0015-09-10 21:59:07,19,21,2.421944444,Jeudi,ios,,65023200,988981,648339,Bureau / Entreprise,2.36,2.97,Casablanca,20000,33.589299613185915,-7.588315861740314
7589250,3.97,0015-09-16 14:03:19,0015-09-16 15:18:09,14,15,1.247222222,Mercredi,ios,,65023200,864630,648339,Bureau / Entreprise,1.52,6.03,Marrakech,40000,31.61244926164981,-7.964585356889903
9666597,2.33,0015-09-16 15:24:49,0015-09-16 16:09:08,15,16,0.738611111,Mercredi,ios,,65023200,489543,868085,Parking public,1.65,3.84,Casablanca,20000,33.58047342854913,-7.605734463999309
7823660,1.1,0015-09-16 16:18:19,0015-09-16 21:21:07,16,21,5.046666667,Mercredi,ios,,65023200,864630,648339,Bureau / Entreprise,3.27,3.6,Marrakech,40000,31.604620847899625,-7.990394975269206
6535290,6.53,0015-09-17 13:24:18,0015-09-17 15:44:07,13,15,2.330277778,Jeudi,ios,,65023200,884707,648339,Bureau / Entreprise,3.31,21.61,Marrakech,40000,31.602600903270115,-8.009293767667321
8836927,1.23,0015-09-17 17:09:13,0015-09-17 21:49:07,17,21,4.665,Jeudi,ios,,65023200,884707,648339,Bureau / Entreprise,2.59,3.19,Marrakech,40000,31.63138127789409,-7.953410460525553
3366363,6.28,0015-09-18 13:00:00,0015-09-18 15:15:13,13,15,2.253611111,Vendredi,ios,,65023200,884707,648339,Bureau / Entreprise,3.17,19.91,Marrakech,40000,31.631938107296605,-7.971027925597951
6962786,6.17,0015-09-21 13:16:24,0015-09-21 22:07:08,13,22,8.845555556,Lundi,ios,,65023200,884707,648339,Bureau / Entreprise,2.67,16.47,Marrakech,40000,31.63774579408989,-7.9551076947344415
4821714,4.84,0015-09-22 13:06:16,0015-09-22 15:58:08,13,15,2.864444444,Mardi,ios,,65023200,451479,648339,Bureau / Entreprise,1.8,8.71,Rabat,10000,34.03446548002336,-6.855670215554255
3990185,3.11,0015-09-22 17:17:45,0015-09-22 21:44:05,17,21,4.438888889,Mardi,ios,,65023200,540225,648339,Bureau / Entreprise,1.75,5.44,Agadir,80000,30.456351124767753,-9.591412183326462
5654142,3.04,0015-09-23 10:54:26,0015-09-23 15:43:06,10,15,4.811111111,Mercredi,ios,,65023200,587514,648339,Bureau / Entreprise,2.12,6.44,Agadir,80000,30.428778020898072,-9.587390001902442
6985154,3.05,0015-09-23 16:54:25,0015-09-23 21:46:07,16,21,4.861666667,Mercredi,ios,,65023200,481613,648339,Bureau / Entreprise,3.3,10.06,Oujda,60000,34.67607738837648,-1.9223470179845448
2817368,5.0,0015-09-24 13:01:18,0015-09-24 15:48:09,13,15,2.780833333,Jeudi,ios,,65023200,884707,648339,Bureau / Entreprise,3.09,15.45,Marrakech,40000,31.647211171686124,-7.960213445899062
9044406,1.25,0015-09-24 17:15:11,0015-09-24 21:19:06,17,21,4.065277778,Jeudi,ios,,65023200,988981,648339,Bureau / Entreprise,3.22,4.03,Casablanca,20000,33.55934993507572,-7.5629703122259855
4681905,4.65,0015-09-28 13:00:18,0015-09-28 15:49:06,13,15,2.813333333,Lundi,ios,,65023200,366832,978130,Bureau / Entreprise,3.3,15.34,Casablanca,20000,33.569438285242335,-7.56670869293824
6153695,3.41,0015-09-28 17:00:31,0015-09-28 18:14:09,17,18,1.227222222,Lundi,ios,,65023200,914907,648339,Bureau / Entreprise,1.92,6.55,Tanger,90000,35.73420738288054,-5.8196559814436375
6012875,1.03,0015-09-28 18:23:39,0015-09-28 20:52:06,18,20,2.474166667,Lundi,ios,,65023200,943765,461655,Parking public,2.0,2.06,Agadir,80000,30.39932104460493,-9.611452119216503
9330222,5.92,0015-09-29 16:42:17,0015-09-29 21:06:07,16,21,4.397222222,Mardi,ios,,65023200,922416,648339,Bureau / Entreprise,1.71,10.12,Rabat,10000,34.048658904880675,-6.854703037473662
3795699,4.06,0015-09-30 13:27:49,0015-09-30 14:47:07,13,14,1.321666667,Mercredi,ios,,65023200,943765,461655,Parking public,3.06,12.42,Agadir,80000,30.447958807230734,-9.570298380773238
9481325,6.13,0015-09-30 17:12:01,0015-09-30 21:07:06,17,21,3.918055556,Mercredi,ios,,65023200,864630,648339,Bureau / Entreprise,3.27,20.05,Marrakech,40000,31.641258452365623,-8.010482930243858
1853161,5.4,0015-10-01 13:09:20,0015-10-01 16:20:10,13,16,3.180555556,Jeudi,ios,,65023200,884707,648339,Bureau / Entreprise,2.31,12.47,Marrakech,40000,31.624037176664856,-7.968137001605471
5446583,6.83,0015-08-18 11:51:48,0015-08-18 14:44:08,11,14,2.872222222,Mardi,android,,27283509,366832,978130,Bureau / Entreprise,2.74,18.71,Casablanca,20000,33.55349765920425,-7.577425230246685
4613021,7.2,0015-08-19 17:35:55,0015-08-19 20:32:06,17,20,2.936388889,Mercredi,android,,27283509,987396,978130,Bureau / Entreprise,1.81,13.03,Marrakech,40000,31.608886222560265,-7.973738627543012
5055800,6.88,0015-03-19 16:02:04,0015-03-19 18:16:10,16,18,2.235,Jeudi,web,,29165598,445920,125372,Bureau / Entreprise,3.36,23.12,Agadir,80000,30.41281457388988,-9.56869346923479
6919729,6.65,0015-03-23 15:59:38,0015-03-23 18:09:05,15,18,2.1575,Lundi,web,,29165598,445920,125372,Bureau / Entreprise,3.23,21.48,Agadir,80000,30.43075359988237,-9.609387233854177
5906960,6.8,0015-03-24 16:17:54,0015-03-24 18:33:04,16,18,2.252777778,Mardi,web,,29165598,445920,125372,Bureau / Entreprise,3.45,23.46,Agadir,80000,30.440675755362005,-9.607701688172405
5129400,7.03,0015-04-08 12:48:26,0015-04-08 16:41:06,12,16,3.877777778,Mercredi,web,,29165598,445920,125372,Bureau / Entreprise,3.12,21.93,Agadir,80000,30.437411842603066,-9.623363635823207
4842703,3.07,0015-02-20 20:57:23,0015-02-20 22:22:04,20,22,1.411388889,Vendredi,web,,77373351,989457,620906,Parking public,3.26,10.01,Agadir,80000,30.414596033816757,-9.601532111807376
7989311,1.07,0015-02-24 20:50:59,0015-02-24 21:12:05,20,21,0.351666667,Mardi,web,,77373351,623134,620906,Parking public,1.55,1.66,Oujda,60000,34.713991916839795,-1.925737088425909
9566229,2.66,0015-01-14 13:36:19,0015-01-14 16:02:04,13,16,2.429166667,Mercredi,android,,78533433,569889,461655,Parking public,2.97,7.9,Agadir,80000,30.44207381500175,-9.607496797869342
2977982,6.55,0015-01-15 13:51:10,0015-01-15 16:09:04,13,16,2.298333333,Jeudi,android,,78533433,612116,461655,Parking public,2.16,14.15,Tanger,90000,35.762761243150685,-5.813925692584662
9472597,3.6,0015-01-16 15:34:01,0015-01-16 19:12:04,15,19,3.634166667,Vendredi,android,,78533433,612116,461655,Parking public,3.36,12.1,Tanger,90000,35.76620324477406,-5.80787092918835
6540059,5.21,0015-01-20 13:05:18,0015-01-20 16:43:04,13,16,3.629444444,Mardi,android,,78533433,920264,461655,Parking public,3.1,16.15,Marrakech,40000,31.624676003745666,-7.999956015679689
7421955,1.27,0015-01-20 16:18:19,0015-01-20 17:33:03,16,17,1.245555556,Mardi,android,,78533433,405157,976902,Parking public,3.23,4.1,Fès,30000,34.01796385937007,-5.007949464106792
4789991,3.49,0015-01-21 13:34:42,0015-01-21 16:37:04,13,16,3.039444444,Mercredi,android,,78533433,569889,461655,Parking public,3.12,10.89,Agadir,80000,30.419158360719077,-9.572382166273076
4185441,3.85,0015-01-22 13:45:14,0015-01-22 16:31:04,13,16,2.763888889,Jeudi,android,,78533433,612116,461655,Parking public,2.03,7.82,Tanger,90000,35.77497076662787,-5.860291492358646
6133324,4.01,0015-01-22 19:29:18,0015-01-22 21:20:06,19,21,1.846666667,Jeudi,android,,78533433,371335,461655,Parking public,3.07,12.31,Agadir,80000,30.398663609317786,-9.622558368313317
9051503,0.93,0015-01-29 17:47:09,0015-01-29 20:09:04,17,20,2.365277778,Jeudi,android,,78533433,569889,461655,Parking public,1.72,1.6,Agadir,80000,30.404764358430416,-9.618332540647627
5324573,0.75,0015-02-06 14:27:21,0015-02-06 16:04:04,14,16,1.611944444,Vendredi,android,,78533433,129465,461655,Parking public,3.24,2.43,Fès,30000,34.0058601585213,-4.994587229952388
9101769,2.26,0015-02-11 13:21:57,0015-02-11 17:13:04,13,17,3.851944444,Mercredi,android,,78533433,920264,461655,Parking public,3.22,7.28,Marrakech,40000,31.601943728139137,-8.00207166373964
4322385,0.7,0015-02-11 18:13:34,0015-02-11 21:53:05,18,21,3.658611111,Mercredi,android,,78533433,920264,461655,Parking public,1.94,1.36,Marrakech,40000,31.65082763504066,-7.9530154171129555
1784534,6.06,0015-02-12 12:46:50,0015-02-12 15:58:11,12,15,3.189166667,Jeudi,android,,78533433,920264,461655,Parking public,3.13,18.97,Marrakech,40000,31.6417194715628,-7.984297128364489
8053399,2.86,0015-02-12 16:50:24,0015-02-12 20:44:05,16,20,3.894722222,Jeudi,android,,78533433,569889,461655,Parking public,2.42,6.92,Agadir,80000,30.42625042974524,-9.598008922378991
2630978,5.94,0015-02-19 14:16:49,0015-02-19 17:14:04,14,17,2.954166667,Jeudi,android,,78533433,594591,461655,Parking public,2.11,12.53,Oujda,60000,34.662570049639065,-1.9266004830516756
3673354,6.31,0015-02-20 13:05:44,0015-02-20 16:34:04,13,16,3.472222222,Vendredi,android,,78533433,612116,461655,Parking public,3.09,19.5,Tanger,90000,35.75899695250701,-5.835742384853916
6048004,4.76,0015-02-24 14:01:25,0015-02-24 16:56:05,14,16,2.911111111,Mardi,android,,78533433,943765,461655,Parking public,1.96,9.33,Agadir,80000,30.426208306246835,-9.58838518204178
8630811,6.47,0015-03-11 16:01:55,0015-03-11 22:38:05,16,22,6.602777778,Mercredi,android,,78533433,653450,503205,Parking public,1.55,10.03,Marrakech,40000,31.6098921121946,-7.966029371782757
7093670,5.61,0014-11-18 15:01:17,0014-11-18 18:26:04,15,18,3.413055556,Mardi,ios,20.695727,30828105,632920,461655,Parking public,1.89,10.6,Rabat,10000,34.016931098954274,-6.826367915037405
3730551,9.03,0014-11-19 19:01:41,0014-11-19 22:10:06,19,22,3.140277778,Mercredi,ios,20.695727,30828105,569889,461655,Parking public,2.16,19.5,Agadir,80000,30.421710284063845,-9.593426533238356
7080329,6.95,0014-11-20 19:20:45,0014-11-20 21:48:04,19,21,2.455277778,Jeudi,ios,20.695727,30828105,612116,461655,Parking public,3.23,22.45,Tanger,90000,35.766451005883134,-5.8097384135003685
3829635,7.38,0014-11-21 19:02:04,0014-11-21 21:31:03,19,21,2.483055556,Vendredi,ios,20.695727,30828105,549414,461655,Parking public,3.43,25.31,Tanger,90000,35.76760561905206,-5.814955529161633
6139758,6.69,0014-11-24 17:16:19,0014-11-24 19:31:04,17,19,2.245833333,Lundi,ios,20.695727,30828105,129465,461655,Parking public,2.06,13.78,Fès,30000,34.00581824058632,-4.984877113118083
2654056,6.96,0014-11-25 16:57:46,0014-11-25 21:42:04,16,21,4.738333333,Mardi,ios,20.695727,30828105,129465,461655,Parking public,2.78,19.35,Fès,30000,34.025576756877584,-5.026963668699173
7390629,6.86,0014-12-01 18:05:30,0014-12-01 21:40:19,18,21,3.580277778,Lundi,ios,20.695727,30828105,129465,461655,Parking public,2.3,15.78,Fès,30000,34.04065159494285,-5.029887322266822
5669861,7.1,0014-12-02 17:24:49,0014-12-02 21:08:17,17,21,3.724444444,Mardi,ios,20.695727,30828105,371335,461655,Parking public,3.46,24.57,Agadir,80000,30.427988175514805,-9.615353163368273
3025002,4.66,0014-12-15 12:54:19,0014-12-15 16:05:06,12,16,3.179722222,Lundi,ios,20.695727,30828105,371335,461655,Parking public,2.57,11.98,Agadir,80000,30.4491893904713,-9.588288584365193
7371202,8.31,0014-12-17 17:25:19,0014-12-17 21:15:08,17,21,3.830277778,Mercredi,ios,20.695727,30828105,371335,461655,Parking public,3.38,28.09,Agadir,80000,30.437321617897137,-9.603428150667048
5767563,6.64,0014-12-18 14:04:45,0014-12-18 16:16:04,14,16,2.188611111,Jeudi,ios,20.695727,30828105,549414,461655,Parking public,1.73,11.49,Tanger,90000,35.739276065624885,-5.839855624442041
4312867,8.18,0015-01-05 17:14:33,0015-01-05 21:02:04,17,21,3.791944444,Lundi,ios,20.695727,30828105,129465,461655,Parking public,3.44,28.14,Fès,30000,34.00733412484402,-4.977224786706223
4568756,3.36,0015-01-06 13:11:03,0015-01-06 14:17:03,13,14,1.1,Mardi,ios,20.2365124,30828105,792421,202527,Parking public,1.86,6.25,Meknès,50000,33.90204515669238,-5.52356622911209
9866287,7.8,0015-01-28 18:49:44,0015-01-28 21:44:05,18,21,2.905833333,Mercredi,ios,20.695727,30828105,371335,461655,Parking public,3.43,26.75,Agadir,80000,30.3993906786325,-9.573549484156786
3892724,1.83,0015-01-29 13:33:20,0015-01-29 14:12:04,13,14,0.645555556,Jeudi,ios,20.2365124,30828105,507660,202527,Parking public,2.03,3.71,Meknès,50000,33.89864653487641,-5.558467315409098
8362719,5.06,0015-01-29 14:15:44,0015-01-29 21:20:06,14,21,7.072777778,Jeudi,ios,20.695727,30828105,371335,461655,Parking public,1.72,8.7,Agadir,80000,30.4542138144855,-9.586636651235645
9502349,6.95,0015-01-30 12:02:41,0015-01-30 14:33:04,12,14,2.506388889,Vendredi,ios,20.2365124,30828105,507660,202527,Parking public,2.37,16.47,Meknès,50000,33.898028450672555,-5.561002009123538
1233865,5.61,0015-02-10 16:54:22,0015-02-10 18:47:04,16,18,1.878333333,Mardi,ios,20.2365124,30828105,507660,202527,Parking public,2.96,16.61,Meknès,50000,33.886790195572395,-5.565863410015533
5756621,4.87,0015-02-11 19:50:46,0015-02-11 21:40:06,19,21,1.822222222,Mercredi,ios,20.2365124,30828105,507660,202527,Parking public,2.13,10.37,Meknès,50000,33.90209729310654,-5.566222052559158
9310274,7.06,0015-02-12 19:25:33,0015-02-12 21:47:04,19,21,2.358611111,Jeudi,ios,20.2365124,30828105,911231,202527,Parking public,2.71,19.13,Tanger,90000,35.756995173429495,-5.843473542748184
6607225,2.34,0015-02-13 15:34:05,0015-02-13 17:06:05,15,17,1.533333333,Vendredi,ios,20.2365124,30828105,507660,202527,Parking public,2.52,5.9,Meknès,50000,33.89623700735896,-5.5515025428132105
4253199,4.27,0015-02-17 16:53:16,0015-02-17 18:21:05,16,18,1.463611111,Mardi,ios,20.2365124,30828105,507660,202527,Parking public,2.27,9.69,Meknès,50000,33.91998788852659,-5.5274430497366955
3834284,7.08,0015-02-19 12:18:08,0015-02-19 15:10:12,12,15,2.867777778,Jeudi,ios,20.2365124,30828105,792421,202527,Parking public,2.65,18.76,Meknès,50000,33.88666615826805,-5.570106534391638
5387517,3.04,0015-02-24 17:49:52,0015-02-24 18:48:05,17,18,0.970277778,Mardi,ios,20.2365124,30828105,792421,202527,Parking public,2.01,6.11,Meknès,50000,33.921171433829436,-5.533204449156306
5528232,1.88,0015-02-25 19:12:06,0015-02-25 20:30:11,19,20,1.301388889,Mercredi,ios,20.695727,30828105,129465,461655,Parking public,2.92,5.49,Fès,30000,34.05742103851736,-4.998412705148642
5285180,6.57,0015-03-10 11:38:25,0015-03-10 15:20:16,11,15,3.6975,Mardi,ios,20.695727,30828105,549414,461655,Parking public,1.5,9.86,Tanger,90000,35.74124746808736,-5.84672327943944
9855221,4.88,0015-03-11 20:00:32,0015-03-11 21:35:09,20,21,1.576944444,Mercredi,ios,20.695727,30828105,549414,461655,Parking public,3.35,16.35,Tanger,90000,35.73366167805251,-5.83443082492803
5770371,2.08,0015-03-13 17:57:32,0015-03-13 18:41:06,17,18,0.726111111,Vendredi,ios,20.2365124,30828105,911231,202527,Parking public,2.58,5.37,Tanger,90000,35.73554668008265,-5.8460034758133785
1471021,4.17,0015-03-19 19:47:26,0015-03-19 21:10:11,19,21,1.379166667,Jeudi,ios,20.695727,30828105,569889,461655,Parking public,2.94,12.26,Agadir,80000,30.398893309539094,-9.592335082685702
3536729,5.67,0015-03-23 12:19:18,0015-03-23 14:21:05,12,14,2.029722222,Lundi,ios,20.695727,30828105,612116,461655,Parking public,2.98,16.9,Tanger,90000,35.73516657764536,-5.837969364628685
3830144,3.7,0015-03-24 11:37:59,0015-03-24 12:51:08,11,12,1.219166667,Mardi,ios,20.2365124,30828105,672450,202527,Parking public,2.84,10.51,Oujda,60000,34.697680406404984,-1.9315356682552673
8007689,3.57,0015-03-25 14:00:08,0015-03-25 15:09:06,14,15,1.149444444,Mercredi,ios,20.2365124,30828105,792421,202527,Parking public,2.23,7.96,Meknès,50000,33.867771318907614,-5.5703050155266585
2142462,4.4,0015-03-26 16:46:13,0015-03-26 18:12:05,16,18,1.431111111,Jeudi,ios,20.2365124,30828105,672450,202527,Parking public,1.64,7.22,Oujda,60000,34.675838537817626,-1.9085982590756723
7591864,3.66,0015-03-27 14:03:34,0015-03-27 15:15:07,14,15,1.1925,Vendredi,ios,20.2365124,30828105,672450,202527,Parking public,2.83,10.36,Oujda,60000,34.70739251865817,-1.8872552180028337
6082608,4.56,0015-03-30 14:23:24,0015-03-30 15:54:06,14,15,1.511666667,Lundi,ios,20.5987886,30828105,414088,566549,Parking public,2.16,9.85,Meknès,50000,33.864896316144154,-5.556662538806539
5151634,3.63,0015-03-31 15:34:39,0015-03-31 16:47:05,15,16,1.207222222,Mardi,ios,20.5987886,30828105,514669,566549,Parking public,2.13,7.73,Tanger,90000,35.77836810895534,-5.820019993566643
5006104,0.0,0015-04-01 15:28:11,0015-04-01 15:29:04,15,15,0.014722222,Mercredi,ios,,30828105,792421,202527,Parking public,3.2,0.0,Meknès,50000,33.88041128648641,-5.537780318703614
1644003,0.0,0015-04-02 11:28:44,0015-04-02 11:30:13,11,11,0.024722222,Jeudi,ios,,30828105,371335,461655,Parking public,2.94,0.0,Agadir,80000,30.4048898896573,-9.572206705141431
9959617,4.16,0015-04-09 15:51:42,0015-04-09 17:18:05,15,17,1.439722222,Jeudi,ios,20.5987886,30828105,514669,566549,Parking public,2.1,8.74,Tanger,90000,35.77130422992185,-5.814741138962051
3783080,2.54,0015-04-13 19:14:13,0015-04-13 20:07:05,19,20,0.881111111,Lundi,ios,20.2365124,30828105,507660,202527,Parking public,2.12,5.38,Meknès,50000,33.901236570806795,-5.5433036844656725
2096115,3.49,0015-04-15 13:15:35,0015-04-15 14:24:05,13,14,1.141666667,Mercredi,ios,20.7814802,30828105,944515,976902,Parking public,2.32,8.1,Rabat,10000,34.043548320811624,-6.832178170105953
6841561,1.4,0015-04-15 14:28:12,0015-04-15 14:57:05,14,14,0.481388889,Mercredi,ios,20.2365124,30828105,200695,202527,Parking public,2.3,3.22,Meknès,50000,33.90760426262823,-5.5233968120049575
7049550,2.28,0015-04-15 17:57:49,0015-04-15 19:09:06,17,19,1.188055556,Mercredi,ios,20.2365124,30828105,507660,202527,Parking public,2.09,4.77,Meknès,50000,33.91170885582309,-5.553328872924784
4275838,1.4,0015-04-24 14:17:52,0015-04-24 15:06:06,14,15,0.803888889,Vendredi,ios,20.2365124,30828105,260781,202527,Parking public,1.75,2.45,Oujda,60000,34.67362207435428,-1.9217923176485334
6235741,0.46,0015-04-28 19:45:18,0015-04-28 20:58:05,19,20,1.213055556,Mardi,ios,20.2365124,30828105,911231,202527,Parking public,2.34,1.08,Tanger,90000,35.74014637262679,-5.863351334981888
9577350,2.5,0015-05-08 13:51:09,0015-05-08 14:41:07,13,14,0.832777778,Vendredi,ios,20.5987886,30828105,131897,566549,Parking public,3.38,8.45,Meknès,50000,33.90853688509846,-5.527706935548512
4734743,2.32,0015-06-04 15:32:44,0015-06-04 16:20:12,15,16,0.791111111,Jeudi,ios,20.2365124,30828105,507660,202527,Parking public,2.85,6.61,Meknès,50000,33.91191008435604,-5.529241157975798
7776052,6.19,0015-07-21 13:43:21,0015-07-21 16:04:06,13,16,2.345833333,Mardi,ios,20.8336778,30828105,236379,928191,Parking public,3.31,20.49,Oujda,60000,34.71613030852004,-1.9351327289139908
3990853,6.93,0015-04-08 18:33:56,0015-04-08 21:25:12,18,21,2.854444444,Mercredi,android,24.8566214,97867440,955429,493904,Université / Campus,2.73,18.92,Marrakech,40000,31.624257060614685,-7.976488557132037
4459427,6.76,0015-04-09 18:42:24,0015-04-09 21:26:05,18,21,2.728055556,Jeudi,android,24.8566214,97867440,369001,493904,Université / Campus,2.1,14.2,Rabat,10000,34.01322108514756,-6.843761098109987
7635898,6.83,0015-04-10 18:17:15,0015-04-10 20:58:05,18,20,2.680555556,Vendredi,android,24.8566214,97867440,369001,493904,Université / Campus,2.6,17.76,Rabat,10000,34.037484777644515,-6.864477454269453
8969594,6.77,0015-04-13 18:22:02,0015-04-13 21:14:04,18,21,2.867222222,Lundi,android,24.8566214,97867440,369001,493904,Université / Campus,1.5,10.15,Rabat,10000,34.01134821241518,-6.812765906376356
7197033,6.54,0015-04-14 18:28:20,0015-04-14 21:20:07,18,21,2.863055556,Mardi,android,24.8566214,97867440,369001,493904,Université / Campus,2.07,13.54,Rabat,10000,34.04674543953621,-6.858718246752199
4884677,6.85,0015-04-15 17:31:15,0015-04-15 19:42:05,17,19,2.180555556,Mercredi,android,24.8566214,97867440,369001,493904,Université / Campus,2.36,16.17,Rabat,10000,34.042404765110575,-6.867565949194566
2147361,7.08,0015-04-16 18:17:25,0015-04-16 21:13:05,18,21,2.927777778,Jeudi,android,24.8566214,97867440,369001,493904,Université / Campus,2.66,18.83,Rabat,10000,34.0166396416425,-6.835909157229885
3770628,6.57,0015-04-17 18:12:38,0015-04-17 21:10:07,18,21,2.958055556,Vendredi,android,24.8566214,97867440,369001,493904,Université / Campus,2.81,18.46,Rabat,10000,34.03595226406749,-6.827267999372018
9801335,6.87,0015-04-20 12:53:39,0015-04-20 16:18:05,12,16,3.407222222,Lundi,android,24.8566214,97867440,369001,493904,Université / Campus,2.43,16.69,Rabat,10000,34.036172572445075,-6.869653393237169
7641189,6.76,0015-04-21 16:42:37,0015-04-21 21:18:06,16,21,4.591388889,Mardi,android,24.8566214,97867440,955429,493904,Université / Campus,2.38,16.09,Marrakech,40000,31.605687432130157,-7.971576941676378
1771880,6.73,0015-04-22 17:35:04,0015-04-22 21:14:06,17,21,3.650555556,Mercredi,android,24.8566214,97867440,369001,493904,Université / Campus,1.93,12.99,Rabat,10000,34.04505317440077,-6.839662487442912
6289147,6.81,0015-04-23 12:58:59,0015-04-23 16:16:05,12,16,3.285,Jeudi,android,24.8566214,97867440,369001,493904,Université / Campus,2.45,16.68,Rabat,10000,34.02121514234687,-6.865404099467497
3952058,6.26,0015-04-24 17:38:15,0015-04-24 20:57:06,17,20,3.314166667,Vendredi,android,24.8566214,97867440,369001,493904,Université / Campus,3.3,20.66,Rabat,10000,34.04048744796646,-6.8612485673832175
5767031,6.85,0015-04-27 12:53:38,0015-04-27 16:06:05,12,16,3.2075,Lundi,android,24.8566214,97867440,955429,493904,Université / Campus,3.09,21.17,Marrakech,40000,31.618702976061837,-7.977021542161035
1974663,6.2,0015-04-28 12:28:51,0015-04-28 16:11:06,12,16,3.704166667,Mardi,android,24.8566214,97867440,369001,493904,Université / Campus,1.84,11.41,Rabat,10000,34.04463139370977,-6.8538185431892025
7943741,6.78,0015-04-29 12:53:18,0015-04-29 17:47:07,12,17,4.896944444,Mercredi,android,24.8566214,97867440,369001,493904,Université / Campus,1.67,11.32,Rabat,10000,34.01425210072405,-6.815301056280921
4147556,6.92,0015-04-30 13:04:12,0015-04-30 16:35:08,13,16,3.515555556,Jeudi,android,24.8566214,97867440,369001,493904,Université / Campus,2.53,17.51,Rabat,10000,33.99155025908882,-6.822475586230957
1509895,6.91,0015-05-01 18:23:00,0015-05-01 21:17:06,18,21,2.901666667,Vendredi,android,24.8566214,97867440,369001,493904,Université / Campus,2.77,19.14,Rabat,10000,34.045222918585154,-6.81258596760918
6432670,6.84,0015-05-04 13:45:31,0015-05-04 16:40:09,13,16,2.910555556,Lundi,android,24.8566214,97867440,369001,493904,Université / Campus,2.17,14.84,Rabat,10000,33.996377200607164,-6.856019749662975
7871544,4.51,0015-05-05 19:39:14,0015-05-05 21:20:09,19,21,1.681944444,Mardi,android,24.8566214,97867440,369001,493904,Université / Campus,3.14,14.16,Rabat,10000,34.01005881825542,-6.813416582032121
5055422,6.93,0015-05-06 12:38:29,0015-05-06 16:54:06,12,16,4.260277778,Mercredi,android,24.8566214,97867440,369001,493904,Université / Campus,3.0,20.79,Rabat,10000,34.04790371802304,-6.845725967812506
9982427,6.93,0015-05-07 17:32:07,0015-05-07 21:09:09,17,21,3.617222222,Jeudi,android,24.8566214,97867440,369001,493904,Université / Campus,2.85,19.75,Rabat,10000,34.04793642881625,-6.850748872281175
1092006,6.92,0015-05-08 16:39:58,0015-05-08 21:17:06,16,21,4.618888889,Vendredi,android,24.8566214,97867440,369001,493904,Université / Campus,1.95,13.49,Rabat,10000,34.02530627328739,-6.868579028381839
2735458,6.96,0015-05-11 17:54:53,0015-05-11 21:14:04,17,21,3.319722222,Lundi,android,24.8566214,97867440,369001,493904,Université / Campus,1.9,13.22,Rabat,10000,34.02881023273019,-6.868434084528424
7627992,6.14,0015-05-12 18:06:56,0015-05-12 21:11:05,18,21,3.069166667,Mardi,android,24.8566214,97867440,369001,493904,Université / Campus,1.55,9.52,Rabat,10000,34.0178067313187,-6.830079324643201
1718423,6.73,0015-05-13 18:02:45,0015-05-13 21:19:05,18,21,3.272222222,Mercredi,android,24.8566214,97867440,369001,493904,Université / Campus,1.99,13.39,Rabat,10000,34.00849264630188,-6.844124260333958
9192828,6.81,0015-05-14 13:03:46,0015-05-14 16:12:07,13,16,3.139166667,Jeudi,android,24.8566214,97867440,369001,493904,Université / Campus,2.45,16.68,Rabat,10000,34.010619872722195,-6.858008702437833
1572979,6.83,0015-05-15 17:44:23,0015-05-15 21:20:08,17,21,3.595833333,Vendredi,android,24.8566214,97867440,955429,493904,Université / Campus,3.2,21.86,Marrakech,40000,31.639851107364624,-7.974261781620486
3487904,7.13,0015-05-18 17:38:28,0015-05-18 21:08:06,17,21,3.493888889,Lundi,android,24.8566214,97867440,369001,493904,Université / Campus,1.65,11.76,Rabat,10000,34.03604247176626,-6.856428512904993
6763610,5.71,0015-05-19 16:36:04,0015-05-19 21:07:06,16,21,4.517222222,Mardi,android,24.8566214,97867440,369001,493904,Université / Campus,2.33,13.3,Rabat,10000,34.038394742623545,-6.836942094739334
2012032,6.97,0015-05-20 13:00:03,0015-05-20 16:14:07,13,16,3.234444444,Mercredi,android,24.8566214,97867440,369001,493904,Université / Campus,2.76,19.24,Rabat,10000,34.03827708856767,-6.8500474751810385
9373410,6.91,0015-05-21 17:23:23,0015-05-21 21:17:06,17,21,3.895277778,Jeudi,android,24.8566214,97867440,369001,493904,Université / Campus,1.89,13.06,Rabat,10000,33.99637236618292,-6.822186866403291
7529207,6.71,0015-05-22 15:54:53,0015-05-22 19:09:06,15,19,3.236944444,Vendredi,android,24.8566214,97867440,369001,493904,Université / Campus,2.89,19.39,Rabat,10000,34.02056521828215,-6.822358230353993
3669573,5.79,0015-05-26 18:06:54,0015-05-26 21:20:07,18,21,3.220277778,Mardi,android,24.8566214,97867440,369001,493904,Université / Campus,2.49,14.42,Rabat,10000,33.994353525601,-6.842958976112656
1986133,6.93,0015-05-27 17:19:12,0015-05-27 21:17:06,17,21,3.965,Mercredi,android,24.8566214,97867440,369001,493904,Université / Campus,1.99,13.79,Rabat,10000,34.02387173293942,-6.8505508534398984
6948821,6.99,0015-05-28 18:17:30,0015-05-28 21:18:06,18,21,3.01,Jeudi,android,24.8566214,97867440,369001,493904,Université / Campus,2.81,19.64,Rabat,10000,34.0173918300824,-6.849846412206454
3614527,7.03,0015-05-29 18:19:24,0015-05-29 21:13:06,18,21,2.895,Vendredi,android,24.8566214,97867440,369001,493904,Université / Campus,1.51,10.62,Rabat,10000,34.04416225096549,-6.823257128459907
4136508,6.96,0015-06-01 17:36:41,0015-06-01 21:18:04,17,21,3.689722222,Lundi,android,24.8566214,97867440,369001,493904,Université / Campus,3.0,20.88,Rabat,10000,34.011954900753125,-6.851909231032143
3086685,5.94,0015-06-02 17:50:50,0015-06-02 21:12:05,17,21,3.354166667,Mardi,android,24.8566214,97867440,369001,493904,Université / Campus,3.04,18.06,Rabat,10000,33.99792402098566,-6.859056437577589
1646115,6.71,0015-06-03 17:52:29,0015-06-03 21:09:14,17,21,3.279166667,Mercredi,android,24.8566214,97867440,369001,493904,Université / Campus,1.71,11.47,Rabat,10000,33.999479500923165,-6.866518699487481
2774472,6.94,0015-06-04 18:05:15,0015-06-04 21:11:14,18,21,3.099722222,Jeudi,android,24.8566214,97867440,369001,493904,Université / Campus,2.35,16.31,Rabat,10000,34.036590637903046,-6.843598412746935
9846685,6.96,0015-06-05 18:44:06,0015-06-05 21:20:11,18,21,2.601388889,Vendredi,android,24.8566214,97867440,369001,493904,Université / Campus,1.85,12.88,Rabat,10000,34.027993083798975,-6.842672074064809
8226298,6.93,0015-06-08 18:28:49,0015-06-08 21:13:05,18,21,2.737777778,Lundi,android,24.8566214,97867440,369001,493904,Université / Campus,3.42,23.7,Rabat,10000,33.99696736056737,-6.8211454773758255
2451482,5.71,0015-06-09 17:35:10,0015-06-09 21:14:06,17,21,3.648888889,Mardi,android,24.8566214,97867440,369001,493904,Université / Campus,2.54,14.5,Rabat,10000,33.9959464083669,-6.858325678213236
1973215,6.98,0015-06-10 18:24:40,0015-06-10 21:17:06,18,21,2.873888889,Mercredi,android,24.8566214,97867440,369001,493904,Université / Campus,1.6,11.17,Rabat,10000,34.03295814788754,-6.848740523579895
1279402,5.72,0015-06-11 17:50:51,0015-06-11 21:16:06,17,21,3.420833333,Jeudi,android,24.8566214,97867440,369001,493904,Université / Campus,2.0,11.44,Rabat,10000,33.99526578038185,-6.823095655666378
7508235,6.23,0015-06-16 17:00:47,0015-06-16 20:51:06,17,20,3.838611111,Mardi,android,24.8566214,97867440,369001,493904,Université / Campus,3.2,19.94,Rabat,10000,34.04021160355742,-6.822182583355061
3413837,5.9,0015-06-17 17:46:21,0015-06-17 21:15:09,17,21,3.48,Mercredi,android,24.8566214,97867440,369001,493904,Université / Campus,2.41,14.22,Rabat,10000,34.03327453362939,-6.848523335441274
8101955,5.94,0015-06-18 17:56:37,0015-06-18 21:15:12,17,21,3.309722222,Jeudi,android,24.8566214,97867440,369001,493904,Université / Campus,3.1,18.41,Rabat,10000,33.99578092683851,-6.844052558602799
5102547,6.02,0015-06-19 17:40:14,0015-06-19 21:12:07,17,21,3.531388889,Vendredi,android,24.8566214,97867440,369001,493904,Université / Campus,2.84,17.1,Rabat,10000,33.99599026284511,-6.853402846549042
5636445,6.25,0015-06-22 17:33:10,0015-06-22 21:17:06,17,21,3.732222222,Lundi,android,24.8566214,97867440,955429,493904,Université / Campus,3.48,21.75,Marrakech,40000,31.65869837471007,-7.9551467072948405
9979037,6.04,0015-06-23 18:04:54,0015-06-23 21:22:07,18,21,3.286944444,Mardi,android,24.8566214,97867440,369001,493904,Université / Campus,2.69,16.25,Rabat,10000,34.013356247745364,-6.864481374055505
8350412,6.3,0015-06-24 17:47:51,0015-06-24 21:15:07,17,21,3.454444444,Mercredi,android,24.8566214,97867440,369001,493904,Université / Campus,3.4,21.42,Rabat,10000,34.01313852882401,-6.815575034619911
8738836,5.9,0015-06-26 12:24:18,0015-06-26 16:18:06,12,16,3.896666667,Vendredi,android,24.8566214,97867440,369001,493904,Université / Campus,3.28,19.35,Rabat,10000,34.039667974035446,-6.830568012889879
4301228,5.55,0015-07-06 12:49:23,0015-07-06 15:53:06,12,15,3.061944444,Lundi,android,24.8566214,97867440,369001,493904,Université / Campus,2.73,15.15,Rabat,10000,34.04773491464303,-6.8397056708387955
8570311,6.41,0015-07-07 12:37:23,0015-07-07 16:04:05,12,16,3.445,Mardi,android,24.8566214,97867440,369001,493904,Université / Campus,2.94,18.85,Rabat,10000,34.05006006382937,-6.86964045635293
3586411,6.63,0015-07-08 12:32:44,0015-07-08 15:37:05,12,15,3.0725,Mercredi,android,24.8566214,97867440,369001,493904,Université / Campus,2.51,16.64,Rabat,10000,34.03610269111553,-6.843064228490679
8795078,6.56,0015-07-09 12:45:19,0015-07-09 16:11:06,12,16,3.429722222,Jeudi,android,24.8566214,97867440,369001,493904,Université / Campus,3.16,20.73,Rabat,10000,34.01347557513185,-6.847135113699836
6741360,6.3,0015-07-10 12:38:29,0015-07-10 16:08:05,12,16,3.493333333,Vendredi,android,24.8566214,97867440,369001,493904,Université / Campus,2.6,16.38,Rabat,10000,33.99591004300192,-6.861926871281493
3514859,5.81,0015-07-13 17:11:09,0015-07-13 21:08:06,17,21,3.949166667,Lundi,android,24.8566214,97867440,369001,493904,Université / Campus,3.29,19.11,Rabat,10000,34.03752881495564,-6.83221542378996
1636865,5.74,0015-07-14 18:05:53,0015-07-14 21:08:06,18,21,3.036944444,Mardi,android,24.8566214,97867440,369001,493904,Université / Campus,2.99,17.16,Rabat,10000,34.02440425498415,-6.813330945557903
9424700,5.83,0015-07-15 12:33:56,0015-07-15 16:04:05,12,16,3.5025,Mercredi,android,24.8566214,97867440,369001,493904,Université / Campus,2.45,14.28,Rabat,10000,34.01635332055481,-6.837868671336128
3244147,6.63,0015-07-16 12:48:39,0015-07-16 16:59:07,12,16,4.174444444,Jeudi,android,24.8566214,97867440,369001,493904,Université / Campus,2.02,13.39,Rabat,10000,34.04528126310568,-6.828714803413363
4923767,6.89,0015-07-17 18:19:01,0015-07-17 20:40:07,18,20,2.351666667,Vendredi,android,24.8566214,97867440,369001,493904,Université / Campus,1.99,13.71,Rabat,10000,33.997571848938364,-6.867492972846039
2584531,6.87,0015-07-20 13:12:58,0015-07-20 16:53:07,13,16,3.669166667,Lundi,android,24.8566214,97867440,369001,493904,Université / Campus,2.78,19.1,Rabat,10000,34.02045750625745,-6.84653998025098
3701503,5.78,0015-07-21 11:17:01,0015-07-21 13:20:07,11,13,2.051666667,Mardi,android,24.8566214,97867440,955429,493904,Université / Campus,3.03,17.51,Marrakech,40000,31.600181218686046,-8.00411849089013
1814207,5.66,0015-07-22 12:27:13,0015-07-22 14:43:07,12,14,2.265,Mercredi,android,24.8566214,97867440,369001,493904,Université / Campus,2.54,14.38,Rabat,10000,34.019019638519644,-6.834832249867809
3219175,6.03,0015-07-23 12:00:45,0015-07-23 14:46:06,12,14,2.755833333,Jeudi,android,24.8566214,97867440,369001,493904,Université / Campus,2.75,16.58,Rabat,10000,33.99427819654091,-6.8152910705071506
8707146,6.21,0015-07-27 12:30:33,0015-07-27 14:58:06,12,14,2.459166667,Lundi,android,24.8566214,97867440,369001,493904,Université / Campus,2.05,12.73,Rabat,10000,33.99802907497608,-6.831893336051701
9226641,5.77,0015-07-28 12:29:14,0015-07-28 15:40:07,12,15,3.181388889,Mardi,android,24.8566214,97867440,369001,493904,Université / Campus,1.65,9.52,Rabat,10000,33.99795157480662,-6.866991817101135
5806483,6.08,0015-07-29 12:50:22,0015-07-29 15:47:08,12,15,2.946111111,Mercredi,android,24.8566214,97867440,955429,493904,Université / Campus,2.07,12.59,Marrakech,40000,31.638452618126966,-7.989820027700895
4469845,6.24,0015-07-31 13:21:00,0015-07-31 15:42:09,13,15,2.3525,Vendredi,android,24.8566214,97867440,369001,493904,Université / Campus,2.04,12.73,Rabat,10000,34.03566269275592,-6.838560197233549
1218571,6.08,0015-08-03 17:03:39,0015-08-03 21:16:06,17,21,4.2075,Lundi,android,24.8566214,97867440,369001,493904,Université / Campus,2.14,13.01,Rabat,10000,34.02590212590583,-6.847407534632005
1413774,6.57,0015-08-04 12:46:55,0015-08-04 15:17:06,12,15,2.503055556,Mardi,android,24.8566214,97867440,369001,493904,Université / Campus,2.58,16.95,Rabat,10000,34.04863035290847,-6.821581359371489
6911510,5.57,0015-08-05 12:41:36,0015-08-05 15:55:08,12,15,3.225555556,Mercredi,android,24.8566214,97867440,369001,493904,Université / Campus,1.78,9.91,Rabat,10000,34.01339223477142,-6.8227197397174
8312688,6.57,0015-08-06 12:45:34,0015-08-06 15:32:06,12,15,2.775555556,Jeudi,android,24.8566214,97867440,369001,493904,Université / Campus,1.96,12.88,Rabat,10000,34.00804272517691,-6.834890138793806
3300067,5.52,0015-08-07 12:41:29,0015-08-07 15:53:06,12,15,3.193611111,Vendredi,android,24.8566214,97867440,369001,493904,Université / Campus,2.89,15.95,Rabat,10000,34.043015947691366,-6.849192523292038
9162594,6.32,0015-08-10 12:29:28,0015-08-10 15:54:11,12,15,3.411944444,Lundi,android,24.8566214,97867440,369001,493904,Université / Campus,2.91,18.39,Rabat,10000,34.004315750311164,-6.8562798175742055
3257014,5.65,0015-08-11 12:47:54,0015-08-11 15:25:08,12,15,2.620555556,Mardi,android,24.8566214,97867440,369001,493904,Université / Campus,1.63,9.21,Rabat,10000,34.048693352366435,-6.865247540907212
5075871,6.12,0015-08-12 17:10:59,0015-08-12 21:30:07,17,21,4.318888889,Mercredi,android,24.8566214,97867440,369001,493904,Université / Campus,2.32,14.2,Rabat,10000,33.99162926848139,-6.850306138990806
1420415,6.7,0015-08-13 17:21:31,0015-08-13 21:11:06,17,21,3.826388889,Jeudi,android,24.8566214,97867440,369001,493904,Université / Campus,2.59,17.35,Rabat,10000,34.04909272960246,-6.846809648967536
6782716,6.9,0015-08-14 12:54:28,0015-08-14 16:02:11,12,16,3.128611111,Vendredi,android,24.8566214,97867440,369001,493904,Université / Campus,2.33,16.08,Rabat,10000,33.99348959471703,-6.831050624493756
4438961,6.19,0015-08-17 14:05:51,0015-08-17 17:37:06,14,17,3.520833333,Lundi,android,24.8566214,97867440,369001,493904,Université / Campus,1.91,11.82,Rabat,10000,34.04436858682188,-6.832110410542145
7004214,6.51,0015-08-18 12:47:16,0015-08-18 15:22:07,12,15,2.580833333,Mardi,android,24.8566214,97867440,369001,493904,Université / Campus,2.34,15.23,Rabat,10000,34.02256206654518,-6.867393511621525
5954651,6.28,0015-08-21 12:44:29,0015-08-21 15:22:07,12,15,2.627222222,Vendredi,android,24.8566214,97867440,369001,493904,Université / Campus,3.31,20.79,Rabat,10000,34.05047788776716,-6.847884441074131
5706503,6.22,0015-08-24 12:49:14,0015-08-24 15:32:06,12,15,2.714444444,Lundi,android,24.8566214,97867440,369001,493904,Université / Campus,2.67,16.61,Rabat,10000,33.99532779388412,-6.860693267966958
1131719,6.05,0015-08-25 12:37:41,0015-08-25 15:48:05,12,15,3.173333333,Mardi,android,24.8566214,97867440,369001,493904,Université / Campus,2.89,17.48,Rabat,10000,34.02413125706408,-6.8621912376809915
3728340,6.68,0015-08-26 12:24:43,0015-08-26 15:14:06,12,15,2.823055556,Mercredi,android,24.8566214,97867440,369001,493904,Université / Campus,3.21,21.44,Rabat,10000,34.04905815213714,-6.821961871015765
9998167,6.41,0015-08-27 12:38:37,0015-08-27 15:42:06,12,15,3.058055556,Jeudi,android,24.8566214,97867440,955429,493904,Université / Campus,3.03,19.42,Marrakech,40000,31.63088587065021,-8.008585086997025
2407671,6.14,0015-08-28 12:06:29,0015-08-28 18:24:07,12,18,6.293888889,Vendredi,android,24.8566214,97867440,369001,493904,Université / Campus,2.26,13.88,Rabat,10000,34.02866391828811,-6.846449027445872
2253366,6.97,0015-08-31 12:34:43,0015-08-31 15:50:10,12,15,3.2575,Lundi,android,24.8566214,97867440,369001,493904,Université / Campus,1.51,10.52,Rabat,10000,34.03264492133908,-6.861507780654009
9187633,6.93,0015-09-01 12:28:35,0015-09-01 16:16:13,12,16,3.793888889,Mardi,android,24.8566214,97867440,955429,493904,Université / Campus,2.2,15.25,Marrakech,40000,31.626772463886066,-7.958340187059291
1934640,6.93,0015-09-02 12:40:10,0015-09-02 15:40:10,12,15,3.0,Mercredi,android,24.8566214,97867440,369001,493904,Université / Campus,3.01,20.86,Rabat,10000,34.028553484805045,-6.838177569203498
4578343,6.89,0015-09-03 12:41:55,0015-09-03 15:58:06,12,15,3.269722222,Jeudi,android,24.8566214,97867440,369001,493904,Université / Campus,3.21,22.12,Rabat,10000,34.025958858715384,-6.857717161817389
4541949,6.28,0015-09-04 12:42:31,0015-09-04 16:08:12,12,16,3.428055556,Vendredi,android,24.8566214,97867440,369001,493904,Université / Campus,3.41,21.41,Rabat,10000,34.044969480629454,-6.841454362770017
1921311,6.98,0015-09-08 12:28:24,0015-09-08 15:35:13,12,15,3.113611111,Mardi,android,24.8566214,97867440,369001,493904,Université / Campus,2.34,16.33,Rabat,10000,33.993626782820485,-6.827710818417812
3751236,7.02,0015-09-09 14:45:18,0015-09-09 17:23:10,14,17,2.631111111,Mercredi,android,24.8566214,97867440,369001,493904,Université / Campus,3.0,21.06,Rabat,10000,34.00775779137553,-6.814112919464834
2920778,7.03,0015-09-10 13:01:37,0015-09-10 15:59:07,13,15,2.958333333,Jeudi,android,24.8566214,97867440,955429,493904,Université / Campus,2.59,18.21,Marrakech,40000,31.656524689044595,-7.9978732397452745
4342521,7.03,0015-09-11 12:49:46,0015-09-11 16:07:09,12,16,3.289722222,Vendredi,android,24.8566214,97867440,369001,493904,Université / Campus,2.71,19.05,Rabat,10000,34.04431582703345,-6.818429093672239
4429498,6.83,0015-09-14 12:37:57,0015-09-14 16:00:12,12,16,3.370833333,Lundi,android,24.8566214,97867440,369001,493904,Université / Campus,1.94,13.25,Rabat,10000,34.018239405167144,-6.81554175314995
9239932,7.12,0015-09-15 12:49:53,0015-09-15 16:16:06,12,16,3.436944444,Mardi,android,24.8566214,97867440,955429,493904,Université / Campus,1.94,13.81,Marrakech,40000,31.636707955868093,-7.956114767328076
6198413,6.72,0015-09-16 12:53:49,0015-09-16 15:52:10,12,15,2.9725,Mercredi,android,24.8566214,97867440,369001,493904,Université / Campus,2.37,15.93,Rabat,10000,34.00754287097887,-6.833475138588285
6880401,6.9,0015-09-17 12:53:49,0015-09-17 15:29:09,12,15,2.588888889,Jeudi,android,24.8566214,97867440,369001,493904,Université / Campus,1.56,10.76,Rabat,10000,34.00218726958342,-6.833810760733917
4830439,6.94,0015-09-18 12:55:33,0015-09-18 16:13:10,12,16,3.293611111,Vendredi,android,24.8566214,97867440,369001,493904,Université / Campus,2.17,15.06,Rabat,10000,34.0187219042964,-6.84740736200897
2326907,6.92,0015-09-21 12:43:50,0015-09-21 15:33:06,12,15,2.821111111,Lundi,android,24.8566214,97867440,369001,493904,Université / Campus,2.86,19.79,Rabat,10000,34.01210113368156,-6.826456127061772
5577655,6.84,0015-09-22 12:59:23,0015-09-22 16:11:10,12,16,3.196388889,Mardi,android,24.8566214,97867440,369001,493904,Université / Campus,2.31,15.8,Rabat,10000,34.02591936671105,-6.8397223588989435
8522652,7.11,0015-09-23 12:47:25,0015-09-23 16:00:12,12,16,3.213055556,Mercredi,android,24.8566214,97867440,369001,493904,Université / Campus,1.83,13.01,Rabat,10000,33.995564078217896,-6.830953715726302
4469933,6.73,0015-09-24 12:49:50,0015-09-24 15:57:09,12,15,3.121944444,Jeudi,android,24.8566214,97867440,369001,493904,Université / Campus,2.43,16.35,Rabat,10000,34.04936368845997,-6.845892525769072
6991114,6.84,0015-09-28 13:12:44,0015-09-28 16:19:06,13,16,3.106111111,Lundi,android,24.8566214,97867440,369001,493904,Université / Campus,1.76,12.04,Rabat,10000,34.050072644668774,-6.827710212157411
7817917,6.94,0015-09-29 12:49:30,0015-09-29 15:34:09,12,15,2.744166667,Mardi,android,24.8566214,97867440,369001,493904,Université / Campus,2.74,19.02,Rabat,10000,34.032789702841185,-6.822131708943727
5045622,6.74,0015-09-30 13:00:09,0015-09-30 16:07:07,13,16,3.116111111,Mercredi,android,24.8566214,97867440,369001,493904,Université / Campus,1.55,10.45,Rabat,10000,34.02306578198065,-6.862813824603831
7614796,0.0,0015-10-01 15:11:43,0015-10-01 15:13:08,15,15,0.023611111,Jeudi,android,,97867440,369001,493904,Université / Campus,2.29,0.0,Rabat,10000,34.009471656977176,-6.821624217065546
5357155,6.95,0015-10-01 15:15:44,0015-10-01 18:02:07,15,18,2.773055556,Jeudi,android,24.8566214,97867440,369001,493904,Université / Campus,2.63,18.28,Rabat,10000,34.039727701182414,-6.8391822080925815
2323371,6.94,0015-10-02 13:14:56,0015-10-02 15:46:06,13,15,2.519444444,Vendredi,android,24.8566214,97867440,369001,493904,Université / Campus,1.55,10.76,Rabat,10000,34.03198387035323,-6.820920045454586
9014128,12.92,0015-04-10 12:53:07,0015-04-10 15:09:06,12,15,2.266388889,Vendredi,ios,,90692118,738900,976902,Parking public,2.79,36.05,Fès,30000,34.01285701636069,-5.004421897619539
2401306,7.97,0015-04-10 16:07:07,0015-04-10 20:04:05,16,20,3.949444444,Vendredi,ios,,90692118,250527,976902,Parking public,1.77,14.11,Rabat,10000,34.045555631069625,-6.848857570877017
4442463,17.19,0015-04-22 12:16:53,0015-04-22 15:15:08,12,15,2.970833333,Mercredi,ios,,90692118,250527,976902,Parking public,2.42,41.6,Rabat,10000,34.04025223457539,-6.816696356048967
1004821,3.02,0015-04-22 16:24:51,0015-04-22 19:28:06,16,19,3.054166667,Mercredi,ios,,90692118,250527,976902,Parking public,1.6,4.83,Rabat,10000,34.04788799479751,-6.856529843947095
4872813,7.24,0015-04-23 16:51:29,0015-04-23 18:08:06,16,18,1.276944444,Jeudi,ios,,90692118,944515,976902,Parking public,2.26,16.36,Rabat,10000,34.0344431705033,-6.820947260482831
4276377,17.98,0015-04-24 12:00:24,0015-04-24 15:05:12,12,15,3.08,Vendredi,ios,,90692118,250527,976902,Parking public,1.92,34.52,Rabat,10000,34.027704911756146,-6.842558765649436
8366487,16.06,0015-04-24 16:50:34,0015-04-24 19:51:06,16,19,3.008888889,Vendredi,ios,,90692118,944515,976902,Parking public,2.15,34.53,Rabat,10000,34.015994582177434,-6.840754273446924
4483998,3.39,0015-04-27 16:50:33,0015-04-27 21:15:12,16,21,4.410833333,Lundi,ios,,90692118,944515,976902,Parking public,3.02,10.24,Rabat,10000,34.04686370900124,-6.853091903110631
5603144,6.99,0015-04-28 14:19:15,0015-04-28 15:32:06,14,15,1.214166667,Mardi,ios,,90692118,250527,976902,Parking public,2.26,15.8,Rabat,10000,34.04286383337002,-6.837217467962859
9501475,18.03,0015-04-29 13:16:43,0015-04-29 16:27:06,13,16,3.173055556,Mercredi,ios,,90692118,405157,976902,Parking public,3.0,54.09,Fès,30000,34.00581312020637,-5.010787328223428
4513783,0.71,0015-04-29 17:10:20,0015-04-29 18:23:05,17,18,1.2125,Mercredi,ios,,90692118,801274,976902,Parking public,3.16,2.24,Marrakech,40000,31.601082018469835,-8.0087438351455
5582046,14.26,0015-04-30 13:31:10,0015-04-30 16:07:06,13,16,2.598888889,Jeudi,ios,,90692118,250527,976902,Parking public,2.0,28.52,Rabat,10000,34.01348780201268,-6.855280083679339
5098316,11.04,0015-05-04 11:54:09,0015-05-04 15:35:18,11,15,3.685833333,Lundi,ios,,90692118,250527,976902,Parking public,1.66,18.33,Rabat,10000,34.03953319984691,-6.871217257395604
2169165,13.92,0015-05-05 12:48:38,0015-05-05 15:16:05,12,15,2.4575,Mardi,ios,,90692118,250527,976902,Parking public,1.54,21.44,Rabat,10000,34.05013656775889,-6.8128987127765885
4186453,14.23,0015-05-06 12:54:48,0015-05-06 15:33:06,12,15,2.638333333,Mercredi,ios,,90692118,250527,976902,Parking public,2.58,36.71,Rabat,10000,33.99992501346621,-6.813655167410815
3235843,11.21,0015-05-07 12:59:37,0015-05-07 15:23:08,12,15,2.391944444,Jeudi,ios,,90692118,250527,976902,Parking public,3.5,39.24,Rabat,10000,34.026547842921126,-6.847890682151661
7316241,0.92,0015-05-07 16:08:33,0015-05-07 18:59:07,16,18,2.842777778,Jeudi,ios,,90692118,250527,976902,Parking public,2.2,2.02,Rabat,10000,34.01375345139786,-6.827897748739621
4137720,15.04,0015-05-08 11:59:15,0015-05-08 15:25:08,11,15,3.431388889,Vendredi,ios,,90692118,250527,976902,Parking public,2.8,42.11,Rabat,10000,34.04909486386887,-6.850851634095374
1833836,1.33,0015-05-08 17:03:58,0015-05-08 18:59:07,17,18,1.919166667,Vendredi,ios,,90692118,250527,976902,Parking public,3.06,4.07,Rabat,10000,34.04142713538814,-6.831334410574841
6061059,11.76,0015-05-13 13:02:00,0015-05-13 16:15:08,13,16,3.218888889,Mercredi,ios,,90692118,801274,976902,Parking public,2.8,32.93,Marrakech,40000,31.64979972228267,-7.962774197417241
9218685,12.38,0015-05-14 12:32:18,0015-05-14 16:03:06,12,16,3.513333333,Jeudi,ios,,90692118,250527,976902,Parking public,3.01,37.26,Rabat,10000,34.019021589587695,-6.8147946253184655
4008318,4.71,0015-05-14 18:10:31,0015-05-14 20:28:06,18,20,2.293055556,Jeudi,ios,,90692118,500856,976902,Parking public,3.4,16.01,Rabat,10000,34.01578917014026,-6.84758726344902
1390433,7.97,0015-05-15 16:14:16,0015-05-15 19:49:14,16,19,3.582777778,Vendredi,ios,,90692118,500856,976902,Parking public,1.9,15.14,Rabat,10000,34.00730442431584,-6.824602121022637
3634959,10.45,0015-05-18 12:49:14,0015-05-18 17:36:06,12,17,4.781111111,Lundi,ios,,90692118,944515,976902,Parking public,1.54,16.09,Rabat,10000,33.99428252979905,-6.855644292962072
9245348,1.41,0015-05-18 18:18:30,0015-05-18 20:36:05,18,20,2.293055556,Lundi,ios,,90692118,250527,976902,Parking public,1.8,2.54,Rabat,10000,34.0427833425753,-6.812180061772381
4800886,9.05,0015-05-26 12:29:55,0015-05-26 15:25:07,12,15,2.92,Mardi,ios,,90692118,944515,976902,Parking public,1.75,15.84,Rabat,10000,34.0396740605478,-6.870053824074138
3316682,10.54,0015-05-27 12:47:42,0015-05-27 15:19:06,12,15,2.523333333,Mercredi,ios,,90692118,801274,976902,Parking public,2.84,29.93,Marrakech,40000,31.659483060397168,-7.974888271609933
2726710,3.65,0015-05-27 17:33:40,0015-05-27 20:49:16,17,20,3.26,Mercredi,ios,,90692118,944515,976902,Parking public,2.63,9.6,Rabat,10000,34.05069821022443,-6.83202964110092
2549645,2.93,0015-05-28 13:44:22,0015-05-28 14:17:06,13,14,0.545555556,Jeudi,ios,,90692118,944515,976902,Parking public,1.94,5.68,Rabat,10000,34.024225902336156,-6.830317266575552
2232233,10.69,0015-05-28 17:17:38,0015-05-28 20:21:07,17,20,3.058055556,Jeudi,ios,,90692118,500856,976902,Parking public,2.9,31.0,Rabat,10000,34.03703924491083,-6.864376745272654
6121924,6.07,0015-05-29 12:42:22,0015-05-29 15:34:06,12,15,2.862222222,Vendredi,ios,,90692118,944515,976902,Parking public,3.03,18.39,Rabat,10000,34.047585943792946,-6.815288212991612
9672364,15.84,0015-06-01 12:36:21,0015-06-01 15:42:14,12,15,3.098055556,Lundi,ios,,90692118,250527,976902,Parking public,1.84,29.15,Rabat,10000,34.04187884344064,-6.860729003256995
5414014,16.49,0015-06-02 16:55:02,0015-06-02 19:51:06,16,19,2.934444444,Mardi,ios,,90692118,500856,976902,Parking public,2.71,44.69,Rabat,10000,34.00574088610459,-6.834234795805609
8241612,1.74,0015-06-02 20:18:43,0015-06-02 22:36:05,20,22,2.289444444,Mardi,ios,,90692118,944515,976902,Parking public,3.0,5.22,Rabat,10000,34.0179326481186,-6.858239435252615
6856434,11.89,0015-06-03 12:50:13,0015-06-03 16:35:07,12,16,3.748333333,Mercredi,ios,,90692118,355208,976902,Parking public,1.73,20.57,Casablanca,20000,33.550849564909086,-7.601367014978724
6617960,10.54,0015-06-22 11:52:01,0015-06-22 15:32:05,11,15,3.667777778,Lundi,ios,,90692118,944515,976902,Parking public,3.14,33.1,Rabat,10000,34.04814306163552,-6.8388124874963125
3493064,2.4,0015-06-22 16:23:06,0015-06-22 19:43:07,16,19,3.333611111,Lundi,ios,,90692118,250527,976902,Parking public,3.43,8.23,Rabat,10000,34.02727047806705,-6.846568394886125
1420142,10.38,0015-06-23 11:59:13,0015-06-23 14:55:08,11,14,2.931944444,Mardi,ios,,90692118,250527,976902,Parking public,1.72,17.85,Rabat,10000,34.00461856833021,-6.86198646394141
7232597,14.12,0015-06-24 16:10:39,0015-06-24 20:51:05,16,20,4.673888889,Mercredi,ios,,90692118,250527,976902,Parking public,1.55,21.89,Rabat,10000,34.03120204106435,-6.861343815854749
4031436,10.6,0015-06-25 12:02:10,0015-06-25 17:27:05,12,17,5.415277778,Jeudi,ios,,90692118,944515,976902,Parking public,2.12,22.47,Rabat,10000,34.02798769442747,-6.8465113127102315
3890573,7.78,0015-07-06 12:16:51,0015-07-06 15:00:06,12,15,2.720833333,Lundi,ios,,90692118,944515,976902,Parking public,2.85,22.17,Rabat,10000,34.01238976308197,-6.826163021303469
5957528,19.06,0015-07-07 10:53:15,0015-07-07 15:23:06,10,15,4.4975,Mardi,ios,,90692118,944515,976902,Parking public,3.42,65.19,Rabat,10000,33.99771345553197,-6.817722121189132
3610877,11.98,0015-07-09 12:18:49,0015-07-09 15:44:05,12,15,3.421111111,Jeudi,ios,,90692118,250527,976902,Parking public,2.29,27.43,Rabat,10000,34.03119439173557,-6.866552340264437
3148040,15.88,0015-07-10 11:59:04,0015-07-10 15:18:06,11,15,3.317222222,Vendredi,ios,,90692118,250527,976902,Parking public,2.93,46.53,Rabat,10000,34.02211846205422,-6.848013765546436
5129256,2.27,0015-07-10 19:00:47,0015-07-10 19:37:05,19,19,0.605,Vendredi,ios,,90692118,405157,976902,Parking public,1.65,3.75,Fès,30000,34.049439103504135,-5.024285266176627
2025999,8.76,0015-07-13 13:10:19,0015-07-13 19:38:07,13,19,6.463333333,Lundi,ios,,90692118,738900,976902,Parking public,2.88,25.23,Fès,30000,34.034309810066716,-5.029304451162044
7326590,12.6,0015-07-14 12:43:55,0015-07-14 15:12:07,12,15,2.47,Mardi,ios,,90692118,801274,976902,Parking public,2.75,34.65,Marrakech,40000,31.650630890019112,-7.971396879041362
9545869,12.18,0015-07-15 12:40:56,0015-07-15 14:54:05,12,14,2.219166667,Mercredi,ios,,90692118,801274,976902,Parking public,1.7,20.71,Marrakech,40000,31.632614410326468,-7.974953033482004
3022582,0.6,0015-07-15 18:24:11,0015-07-15 18:32:07,18,18,0.132222222,Mercredi,ios,,90692118,944515,976902,Parking public,3.04,1.82,Rabat,10000,34.024556278292124,-6.861818853171107
1651791,13.81,0015-07-16 13:24:26,0015-07-16 17:08:07,13,17,3.728055556,Jeudi,ios,,90692118,801274,976902,Parking public,3.2,44.19,Marrakech,40000,31.652099216159503,-7.9970712300144156
6848580,12.31,0015-07-21 12:42:21,0015-07-21 15:08:05,12,15,2.428888889,Mardi,ios,,90692118,250527,976902,Parking public,2.7,33.24,Rabat,10000,34.015108971972744,-6.8701775347813285
8780486,8.44,0015-07-22 16:57:09,0015-07-22 20:43:05,16,20,3.765555556,Mercredi,ios,,90692118,738900,976902,Parking public,1.74,14.69,Fès,30000,34.01114091370704,-4.980203167658336
5918314,8.1,0015-07-23 12:01:09,0015-07-23 15:23:06,12,15,3.365833333,Jeudi,ios,,90692118,250527,976902,Parking public,3.47,28.11,Rabat,10000,33.9926269605788,-6.813118564237087
3300228,1.37,0015-07-23 19:28:21,0015-07-23 19:45:08,19,19,0.279722222,Jeudi,ios,,90692118,250527,976902,Parking public,3.07,4.21,Rabat,10000,34.03620823534042,-6.863472427792318
2028042,14.96,0015-07-24 11:44:03,0015-07-24 15:18:06,11,15,3.5675,Vendredi,ios,,90692118,250527,976902,Parking public,2.19,32.76,Rabat,10000,34.02811857308121,-6.857711487174082
4345273,2.06,0015-07-24 16:06:46,0015-07-24 19:15:12,16,19,3.140555556,Vendredi,ios,,90692118,250527,976902,Parking public,2.36,4.86,Rabat,10000,34.03314478608595,-6.819495428563184
8822866,12.85,0015-08-13 15:58:01,0015-08-13 20:20:08,15,20,4.368611111,Jeudi,ios,,90692118,250527,976902,Parking public,2.24,28.78,Rabat,10000,34.00367784969053,-6.816012172122629
9034274,16.69,0015-08-14 12:55:48,0015-08-14 15:47:12,12,15,2.856666667,Vendredi,ios,,90692118,250527,976902,Parking public,2.51,41.89,Rabat,10000,33.999082288535206,-6.846422357031591
9407595,3.53,0015-08-14 16:37:46,0015-08-14 19:38:08,16,19,3.006111111,Vendredi,ios,,90692118,250527,976902,Parking public,2.18,7.7,Rabat,10000,33.99177267994007,-6.868562651663855
4656787,9.36,0015-08-17 13:37:22,0015-08-17 15:52:06,13,15,2.245555556,Lundi,ios,,90692118,250527,976902,Parking public,3.2,29.95,Rabat,10000,34.01193525352839,-6.86923648997843
6543711,14.88,0015-08-18 11:09:34,0015-08-18 15:33:08,11,15,4.392777778,Mardi,ios,,90692118,250527,976902,Parking public,3.14,46.72,Rabat,10000,34.02629506121128,-6.837163008035859
5346091,15.19,0015-08-19 16:43:51,0015-08-19 19:22:06,16,19,2.6375,Mercredi,ios,,90692118,944515,976902,Parking public,1.71,25.97,Rabat,10000,34.01443464270598,-6.848026293466409
8612115,14.15,0015-08-27 13:16:22,0015-08-27 20:29:10,13,20,7.213333333,Jeudi,ios,,90692118,207262,928191,Parking public,3.42,48.39,Fès,30000,34.02934849532142,-5.028580854345341
1022066,14.91,0015-08-28 11:39:44,0015-08-28 17:10:11,11,17,5.5075,Vendredi,ios,,90692118,250527,976902,Parking public,2.77,41.3,Rabat,10000,34.04514952166962,-6.836604856461246
1359091,10.41,0015-08-31 12:24:44,0015-08-31 15:23:10,12,15,2.973888889,Lundi,ios,,90692118,250527,976902,Parking public,3.16,32.9,Rabat,10000,34.01179532802139,-6.8709218478046585
2863191,2.16,0015-08-31 16:05:15,0015-08-31 19:31:08,16,19,3.431388889,Lundi,ios,,90692118,250527,976902,Parking public,2.91,6.29,Rabat,10000,34.02173936934959,-6.824357682511043
9623794,15.41,0015-09-01 12:37:43,0015-09-01 15:25:09,12,15,2.790555556,Mardi,ios,,90692118,944515,976902,Parking public,2.37,36.52,Rabat,10000,34.03791918076447,-6.8532140306377975
7367338,12.95,0015-09-02 12:40:42,0015-09-02 15:11:07,12,15,2.506944444,Mercredi,ios,,90692118,944515,976902,Parking public,2.97,38.46,Rabat,10000,34.014692566939274,-6.869184519819446
6732728,15.52,0015-09-03 16:05:11,0015-09-03 20:21:07,16,20,4.265555556,Jeudi,ios,,90692118,738900,976902,Parking public,3.43,53.23,Fès,30000,34.04042520201367,-4.994998866741011
5275056,11.98,0015-09-04 11:12:30,0015-09-04 13:43:06,11,13,2.51,Vendredi,ios,,90692118,405157,976902,Parking public,2.04,24.44,Fès,30000,34.0548418225248,-5.006438935134017
5098049,3.94,0015-09-04 15:35:53,0015-09-04 17:50:10,15,17,2.238055556,Vendredi,ios,,90692118,280221,976902,Parking public,3.12,12.29,Oujda,60000,34.71367123741946,-1.882971975198571
1759878,0.62,0015-09-04 18:06:49,0015-09-04 18:15:09,18,18,0.138888889,Vendredi,ios,,90692118,250527,976902,Parking public,2.58,1.6,Rabat,10000,33.99972440885574,-6.838948080249778
2721803,18.13,0015-09-08 12:25:28,0015-09-08 15:35:12,12,15,3.162222222,Mardi,ios,,90692118,944515,976902,Parking public,2.47,44.78,Rabat,10000,34.04649525750969,-6.855085649137779
3796312,9.55,0015-09-10 13:28:32,0015-09-10 15:09:07,13,15,1.676388889,Jeudi,ios,,90692118,711566,928191,Parking public,2.37,22.63,Marrakech,40000,31.629026977584772,-7.968533668121961
2561734,7.85,0015-09-10 15:48:54,0015-09-10 19:32:06,15,19,3.72,Jeudi,ios,,90692118,250527,976902,Parking public,2.96,23.24,Rabat,10000,34.00639466329793,-6.855310479847437
8362530,1.65,0015-09-11 12:52:14,0015-09-11 13:11:10,12,13,0.315555556,Vendredi,ios,,90692118,405157,976902,Parking public,2.04,3.37,Fès,30000,34.03064814537429,-4.976045402515546
6965708,12.46,0015-09-11 13:26:53,0015-09-11 15:37:09,13,15,2.171111111,Vendredi,ios,,90692118,405157,976902,Parking public,3.2,39.87,Fès,30000,34.061901954517126,-5.007816681769557
3817883,15.89,0015-09-18 11:05:11,0015-09-18 15:31:07,11,15,4.432222222,Vendredi,ios,,90692118,250527,976902,Parking public,3.16,50.21,Rabat,10000,34.02045708563957,-6.838607886233428
6547511,12.9,0015-09-22 12:19:14,0015-09-22 14:33:09,12,14,2.231944444,Mardi,ios,,90692118,250527,976902,Parking public,1.67,21.54,Rabat,10000,34.01062509661725,-6.868565613770546
6172610,8.09,0015-09-22 15:59:35,0015-09-22 20:22:06,15,20,4.375277778,Mardi,ios,,90692118,280221,976902,Parking public,3.26,26.37,Oujda,60000,34.694704051259,-1.9158327257228662
1816036,1.63,0015-09-23 18:48:57,0015-09-23 19:08:09,18,19,0.32,Mercredi,ios,,90692118,738900,976902,Parking public,1.99,3.24,Fès,30000,34.01750873712669,-4.98035818762034
4223288,12.06,0015-09-24 12:57:25,0015-09-24 15:03:06,12,15,2.094722222,Jeudi,ios,,90692118,405157,976902,Parking public,2.43,29.31,Fès,30000,34.00765179968652,-4.9819610716781995
5953142,3.54,0015-09-24 16:04:40,0015-09-24 20:24:06,16,20,4.323888889,Jeudi,ios,,90692118,250527,976902,Parking public,2.72,9.63,Rabat,10000,33.99863278331463,-6.858140886468788
8068842,12.91,0015-09-25 12:35:34,0015-09-25 14:55:09,12,14,2.326388889,Vendredi,ios,,90692118,944515,976902,Parking public,2.26,29.18,Rabat,10000,33.99858275033746,-6.858035255739366
4973729,1.27,0015-09-25 16:22:06,0015-09-25 19:43:06,16,19,3.35,Vendredi,ios,,90692118,250527,976902,Parking public,1.56,1.98,Rabat,10000,34.000014161610736,-6.822561681267206
9644087,16.31,0015-09-28 12:49:38,0015-09-28 15:50:09,12,15,3.008611111,Lundi,ios,,90692118,250527,976902,Parking public,3.2,52.19,Rabat,10000,33.99922963035896,-6.8157760947898405
9771407,3.5,0015-09-28 16:55:56,0015-09-28 20:43:06,16,20,3.786111111,Lundi,ios,,90692118,250527,976902,Parking public,1.86,6.51,Rabat,10000,34.02935248468819,-6.86587834472362
6564940,10.32,0015-09-29 12:55:30,0015-09-29 15:14:08,12,15,2.310555556,Mardi,ios,,90692118,944515,976902,Parking public,1.92,19.81,Rabat,10000,34.00181280506395,-6.844596481634426
6668098,12.65,0015-09-30 12:34:36,0015-09-30 15:53:06,12,15,3.308333333,Mercredi,ios,,90692118,405157,976902,Parking public,3.1,39.22,Fès,30000,34.02384003699943,-5.010052743262147
1551705,1.5,0015-10-01 12:56:35,0015-10-01 15:02:13,12,15,2.093888889,Jeudi,ios,,90692118,944515,976902,Parking public,2.18,3.27,Rabat,10000,34.04470730459436,-6.819358692672553
1261345,2.94,0015-10-02 18:17:18,0015-10-02 20:10:08,18,20,1.880555556,Vendredi,ios,,90692118,250527,976902,Parking public,3.26,9.58,Rabat,10000,34.01933769841577,-6.866588505119198
2580459,5.49,0015-08-24 17:27:46,0015-08-24 19:46:05,17,19,2.305277778,Lundi,ios,,26618922,569886,868085,Parking public,2.9,15.92,Rabat,10000,34.03095346431126,-6.858932443446517
7739891,4.82,0015-08-25 17:12:59,0015-08-25 19:47:06,17,19,2.568611111,Mardi,ios,,26618922,932939,868085,Parking public,2.05,9.88,Casablanca,20000,33.553439192272094,-7.5746518997448105
9900336,6.03,0015-08-28 18:12:08,0015-08-28 20:05:13,18,20,1.884722222,Vendredi,ios,,26618922,638536,868085,Parking public,1.52,9.17,Meknès,50000,33.875037341128525,-5.574222369061127
6444804,4.87,0015-08-31 17:01:35,0015-08-31 19:37:09,17,19,2.592777778,Lundi,ios,,26618922,995505,868085,Parking public,3.4,16.56,Marrakech,40000,31.60195211697599,-7.981547877157142
1644680,5.2,0015-09-01 17:01:32,0015-09-01 19:52:07,17,19,2.843055556,Mardi,ios,,26618922,489543,868085,Parking public,1.67,8.68,Casablanca,20000,33.55323610378433,-7.593273577919217
3075742,5.46,0015-09-02 16:52:06,0015-09-02 19:56:12,16,19,3.068333333,Mercredi,ios,,26618922,638536,868085,Parking public,2.94,16.05,Meknès,50000,33.88021542034192,-5.557235929260675
9757229,3.88,0015-09-08 16:58:06,0015-09-08 18:14:13,16,18,1.268611111,Mardi,ios,,26618922,638536,868085,Parking public,2.48,9.62,Meknès,50000,33.874120629056605,-5.553625661080864
5882422,4.48,0015-09-09 17:47:21,0015-09-09 20:58:06,17,20,3.179166667,Mercredi,ios,,26618922,569886,868085,Parking public,3.02,13.53,Rabat,10000,33.99622215202542,-6.8398035647841855
1041671,5.04,0015-09-10 17:57:17,0015-09-10 20:21:07,17,20,2.397222222,Jeudi,ios,,26618922,489543,868085,Parking public,2.88,14.52,Casablanca,20000,33.55033815226603,-7.610117958496697
8270693,3.7,0015-09-14 18:02:09,0015-09-14 21:15:10,18,21,3.216944444,Lundi,ios,,26618922,638536,868085,Parking public,2.79,10.32,Meknès,50000,33.89114672608196,-5.542980247302984
7742438,4.71,0015-09-16 17:24:33,0015-09-16 20:48:07,17,20,3.392777778,Mercredi,ios,,26618922,995505,868085,Parking public,2.48,11.68,Marrakech,40000,31.611880023104348,-7.962774060242
9583732,4.08,0015-09-17 17:40:21,0015-09-17 20:17:09,17,20,2.613333333,Jeudi,ios,,26618922,995505,868085,Parking public,3.09,12.61,Marrakech,40000,31.621356191662883,-7.96549034421259
3135155,3.63,0015-09-18 18:30:57,0015-09-18 21:13:10,18,21,2.703611111,Vendredi,ios,,26618922,638536,868085,Parking public,1.69,6.13,Meknès,50000,33.8937050362513,-5.568066005718373
7302524,3.14,0015-09-21 19:36:28,0015-09-21 20:36:09,19,20,0.994722222,Lundi,ios,,26618922,569886,868085,Parking public,1.94,6.09,Rabat,10000,34.03232368971776,-6.862645031815512
9470169,6.07,0015-09-23 18:38:27,0015-09-23 21:06:08,18,21,2.461388889,Mercredi,ios,,26618922,489543,868085,Parking public,2.88,17.48,Casablanca,20000,33.545458728390464,-7.6037095379353055
7422046,4.08,0015-09-24 17:57:49,0015-09-24 20:39:06,17,20,2.688055556,Jeudi,ios,,26618922,489543,868085,Parking public,2.11,8.61,Casablanca,20000,33.59106462393454,-7.598135516419538
4127268,4.06,0015-09-28 17:05:27,0015-09-28 21:08:06,17,21,4.044166667,Lundi,ios,,26618922,995505,868085,Parking public,2.66,10.8,Marrakech,40000,31.637174023369454,-7.986592665115491
6364973,3.53,0015-09-29 18:35:36,0015-09-29 21:20:09,18,21,2.7425,Mardi,ios,,26618922,489543,868085,Parking public,2.45,8.65,Casablanca,20000,33.54800554191693,-7.579018166989999
1126904,3.76,0015-09-30 20:10:22,0015-09-30 21:26:06,20,21,1.262222222,Mercredi,ios,,26618922,489543,868085,Parking public,2.56,9.63,Casablanca,20000,33.595514717446406,-7.61639917407005
8814963,3.84,0015-10-01 16:39:32,0015-10-01 18:47:07,16,18,2.126388889,Jeudi,ios,,26618922,569886,868085,Parking public,2.35,9.02,Rabat,10000,34.04615234403191,-6.869519637746436
5902992,5.09,0015-03-12 16:56:41,0015-03-12 21:17:05,16,21,4.34,Jeudi,android,,88561539,250527,976902,Parking public,2.99,15.22,Rabat,10000,33.99456467759129,-6.848085366223365
4835360,5.0,0015-03-13 12:32:05,0015-03-13 16:16:05,12,16,3.733333333,Vendredi,android,,88561539,250527,976902,Parking public,2.16,10.8,Rabat,10000,34.00751265888883,-6.829770178471721
2575128,6.99,0015-03-16 18:05:01,0015-03-16 20:29:05,18,20,2.401111111,Lundi,android,,88561539,250527,976902,Parking public,2.91,20.34,Rabat,10000,34.03927207678758,-6.8599938794226105
9140649,4.5,0015-03-17 18:24:56,0015-03-17 20:20:07,18,20,1.919722222,Mardi,android,,88561539,250527,976902,Parking public,2.04,9.18,Rabat,10000,34.03579558142302,-6.833109731124624
6123173,4.31,0015-03-23 18:05:27,0015-03-23 19:38:04,18,19,1.543611111,Lundi,android,,88561539,944515,976902,Parking public,2.0,8.62,Rabat,10000,34.00197126116138,-6.8560103117235816
3992489,4.52,0015-03-24 19:09:32,0015-03-24 20:50:08,19,20,1.676666667,Mardi,android,,88561539,944515,976902,Parking public,1.74,7.86,Rabat,10000,34.0034609594002,-6.818434833471189
2687253,0.0,0015-03-26 17:12:55,0015-03-26 17:14:06,17,17,0.019722222,Jeudi,android,,88561539,801274,976902,Parking public,1.89,0.0,Marrakech,40000,31.62172832616748,-7.9573586033440025
7333844,4.82,0015-03-27 18:42:01,0015-03-27 21:38:05,18,21,2.934444444,Vendredi,android,,88561539,801274,976902,Parking public,1.74,8.39,Marrakech,40000,31.628571379111463,-7.99326276774312
9889360,0.0,0015-03-30 18:17:52,0015-03-30 18:19:05,18,18,0.020277778,Lundi,android,,88561539,250527,976902,Parking public,2.57,0.0,Rabat,10000,34.02799528629181,-6.857800374762205
6219272,0.0,0015-03-31 17:56:32,0015-03-31 17:58:05,17,17,0.025833333,Mardi,android,,88561539,801274,976902,Parking public,3.02,0.0,Marrakech,40000,31.621634818374186,-7.986421761676025
2376943,0.0,0015-04-01 15:55:00,0015-04-01 15:56:05,15,15,0.018055556,Mercredi,android,,88561539,944515,976902,Parking public,1.87,0.0,Rabat,10000,34.01865208296799,-6.85716810488919
7029494,3.82,0015-04-06 17:57:00,0015-04-06 19:09:05,17,19,1.201388889,Lundi,android,,88561539,250527,976902,Parking public,1.93,7.37,Rabat,10000,34.035748256288024,-6.831256969402498
4781283,6.58,0015-04-07 17:16:14,0015-04-07 20:01:05,17,20,2.7475,Mardi,android,,88561539,355208,976902,Parking public,2.47,16.25,Casablanca,20000,33.54530099217343,-7.570236118927103
3154945,6.39,0015-04-08 17:28:13,0015-04-08 20:00:08,17,20,2.531944444,Mercredi,android,,88561539,280221,976902,Parking public,2.95,18.85,Oujda,60000,34.67184621666064,-1.901014472145327
3621326,4.74,0015-04-13 17:07:30,0015-04-13 21:04:05,17,21,3.943055556,Lundi,android,,88561539,944515,976902,Parking public,3.45,16.35,Rabat,10000,34.03370097515307,-6.822138973165039
6501838,4.12,0015-04-16 18:36:19,0015-04-16 21:05:07,18,21,2.48,Jeudi,android,,88561539,250527,976902,Parking public,2.55,10.51,Rabat,10000,34.04461241026123,-6.847780470267551
9895550,4.99,0015-04-20 17:33:28,0015-04-20 20:06:05,17,20,2.543611111,Lundi,android,,88561539,405157,976902,Parking public,2.07,10.33,Fès,30000,34.033800646526934,-5.0209209817574685
1675386,6.86,0015-04-21 17:18:07,0015-04-21 21:41:05,17,21,4.382777778,Mardi,android,,88561539,250527,976902,Parking public,1.7,11.66,Rabat,10000,34.02282680911592,-6.827322943156144
2300075,4.33,0015-04-23 17:31:13,0015-04-23 19:55:11,17,19,2.399444444,Jeudi,android,,88561539,250527,976902,Parking public,1.89,8.18,Rabat,10000,33.99733032068038,-6.849971529691507
8786192,4.86,0015-04-24 14:30:13,0015-04-24 16:15:07,14,16,1.748333333,Vendredi,android,,88561539,944515,976902,Parking public,1.95,9.48,Rabat,10000,34.017744742009405,-6.831323750486252
9507522,5.01,0015-04-27 16:37:09,0015-04-27 20:26:06,16,20,3.815833333,Lundi,android,,88561539,280221,976902,Parking public,1.86,9.32,Oujda,60000,34.688657035987305,-1.925161363481094
9133364,5.37,0015-04-28 17:19:22,0015-04-28 20:06:06,17,20,2.778888889,Mardi,android,,88561539,738900,976902,Parking public,1.53,8.22,Fès,30000,34.01764823021808,-5.0254262219116
1480355,4.01,0015-04-29 16:42:44,0015-04-29 20:21:06,16,20,3.639444444,Mercredi,android,,88561539,250527,976902,Parking public,2.57,10.31,Rabat,10000,34.007054593856964,-6.812045092270734
8603180,3.9,0015-05-04 18:13:09,0015-05-04 20:41:07,18,20,2.466111111,Lundi,android,,88561539,944515,976902,Parking public,2.05,7.99,Rabat,10000,34.01353704978627,-6.862227909524163
9800105,3.74,0015-05-05 14:34:07,0015-05-05 16:55:08,14,16,2.350277778,Mardi,android,,88561539,355208,976902,Parking public,3.45,12.9,Casablanca,20000,33.54430427186666,-7.560494740362191
3042067,3.84,0015-05-07 18:13:04,0015-05-07 21:12:07,18,21,2.984166667,Jeudi,android,,88561539,280221,976902,Parking public,2.61,10.02,Oujda,60000,34.676024749934996,-1.8827632040460132
9321489,3.59,0015-05-08 17:08:13,0015-05-08 21:39:06,17,21,4.514722222,Vendredi,android,,88561539,944515,976902,Parking public,2.89,10.38,Rabat,10000,34.00358688041979,-6.823970913765518
4558412,3.73,0015-05-11 19:38:21,0015-05-11 21:54:05,19,21,2.262222222,Lundi,android,,88561539,280221,976902,Parking public,1.75,6.53,Oujda,60000,34.67634984113068,-1.9018346222750802
3684429,5.67,0015-05-13 17:43:37,0015-05-13 20:11:05,17,20,2.457777778,Mercredi,android,,88561539,801274,976902,Parking public,3.24,18.37,Marrakech,40000,31.606685727909156,-7.976431576984934
9125301,4.36,0015-05-14 17:55:41,0015-05-14 21:35:07,17,21,3.657222222,Jeudi,android,,88561539,405157,976902,Parking public,2.48,10.81,Fès,30000,34.05653163684439,-4.97833390727733
9958954,6.63,0015-05-15 17:54:00,0015-05-15 20:01:05,17,20,2.118055556,Vendredi,android,,88561539,405157,976902,Parking public,3.25,21.55,Fès,30000,34.03871554721324,-5.0129336287028305
1074699,4.87,0015-05-20 18:57:39,0015-05-20 21:23:05,18,21,2.423888889,Mercredi,android,,88561539,405157,976902,Parking public,2.65,12.91,Fès,30000,34.04384613914867,-5.002239127250908
6294798,5.62,0015-05-21 17:28:20,0015-05-21 20:41:08,17,20,3.213333333,Jeudi,android,,88561539,801274,976902,Parking public,2.44,13.71,Marrakech,40000,31.646850274316442,-7.97393660183801
4109262,6.95,0015-05-26 17:00:21,0015-05-26 21:55:13,17,21,4.914444444,Mardi,android,,88561539,801274,976902,Parking public,2.38,16.54,Marrakech,40000,31.629406531935743,-7.9864285714478305
2671816,6.52,0015-06-01 13:48:50,0015-06-01 17:50:07,13,17,4.021388889,Lundi,android,,88561539,944515,976902,Parking public,1.87,12.19,Rabat,10000,33.996115217285244,-6.845950812754584
6367170,5.32,0015-06-02 17:04:39,0015-06-02 20:05:09,17,20,3.008333333,Mardi,android,,88561539,944515,976902,Parking public,1.6,8.51,Rabat,10000,34.02312639250911,-6.8517829199498745
1255791,6.01,0015-06-03 12:51:28,0015-06-03 14:47:05,12,14,1.926944444,Mercredi,android,,88561539,405157,976902,Parking public,3.38,20.31,Fès,30000,34.03831046708125,-4.996446090998928
8889678,6.68,0015-06-04 18:52:48,0015-06-04 22:53:05,18,22,4.004722222,Jeudi,android,,88561539,405157,976902,Parking public,2.46,16.43,Fès,30000,34.047826368451055,-4.979265528319093
3985909,6.51,0015-06-08 17:03:17,0015-06-08 21:25:07,17,21,4.363888889,Lundi,android,,88561539,738900,976902,Parking public,3.14,20.44,Fès,30000,34.02899957277378,-5.018208297319622
4285519,4.27,0015-06-10 14:31:25,0015-06-10 17:18:06,14,17,2.778055556,Mercredi,android,,88561539,355208,976902,Parking public,2.3,9.82,Casablanca,20000,33.55075481816773,-7.563734017674794
7542435,6.54,0015-06-12 13:23:17,0015-06-12 16:54:04,13,16,3.513055556,Vendredi,android,,88561539,355208,976902,Parking public,1.65,10.79,Casablanca,20000,33.56012655434792,-7.578454740775107
4506145,4.24,0015-06-15 16:31:11,0015-06-15 17:52:06,16,17,1.348611111,Lundi,android,,88561539,250527,976902,Parking public,2.76,11.7,Rabat,10000,34.012684937783916,-6.822203607239198
5569374,4.58,0015-06-16 16:40:53,0015-06-16 18:45:08,16,18,2.070833333,Mardi,android,,88561539,250527,976902,Parking public,1.61,7.37,Rabat,10000,34.029655034479894,-6.838228558442199
9585613,4.54,0015-06-17 16:40:22,0015-06-17 19:38:06,16,19,2.962222222,Mercredi,android,,88561539,250527,976902,Parking public,1.8,8.17,Rabat,10000,34.02514669828013,-6.8248289979145556
6230955,4.62,0015-06-18 16:33:43,0015-06-18 20:08:05,16,20,3.572777778,Jeudi,android,,88561539,801274,976902,Parking public,2.63,12.15,Marrakech,40000,31.620865803553873,-8.010127976159632
1375196,4.69,0015-06-19 18:29:45,0015-06-19 20:26:05,18,20,1.938888889,Vendredi,android,,88561539,250527,976902,Parking public,2.11,9.9,Rabat,10000,34.05009091492757,-6.822497174513227
4110012,3.73,0015-06-22 13:35:00,0015-06-22 17:01:08,13,17,3.435555556,Lundi,android,,88561539,738900,976902,Parking public,3.49,13.02,Fès,30000,34.03944648916141,-5.0278916684548784
3502017,4.32,0015-06-23 16:28:27,0015-06-23 20:09:05,16,20,3.677222222,Mardi,android,,88561539,944515,976902,Parking public,1.74,7.52,Rabat,10000,34.005133607504156,-6.818205197418228
8700916,6.41,0015-06-24 17:28:43,0015-06-24 20:05:06,17,20,2.606388889,Mercredi,android,,88561539,944515,976902,Parking public,3.03,19.42,Rabat,10000,33.997006948357225,-6.812082235165681
5946026,3.63,0015-07-07 16:21:11,0015-07-07 20:11:05,16,20,3.831666667,Mardi,android,,88561539,280221,976902,Parking public,2.71,9.84,Oujda,60000,34.66587154835106,-1.9237559522693932
6524983,4.38,0015-07-09 15:11:00,0015-07-09 20:53:05,15,20,5.701388889,Jeudi,android,,88561539,801274,976902,Parking public,3.08,13.49,Marrakech,40000,31.61425746370307,-7.998480886622852
9090272,5.48,0015-07-10 14:07:13,0015-07-10 19:40:07,14,19,5.548333333,Vendredi,android,,88561539,801274,976902,Parking public,1.95,10.69,Marrakech,40000,31.60914088239557,-7.965178198168517
8062806,2.59,0015-07-10 18:43:26,0015-07-10 20:41:05,18,20,1.960833333,Vendredi,android,,88561539,280221,976902,Parking public,2.55,6.6,Oujda,60000,34.66789402144308,-1.926218419544785
7275549,6.52,0015-07-13 17:24:54,0015-07-13 20:50:12,17,20,3.421666667,Lundi,android,,88561539,405157,976902,Parking public,2.4,15.65,Fès,30000,34.02020571012163,-4.978366257009668
8346420,5.51,0015-07-14 18:21:59,0015-07-14 20:09:06,18,20,1.785277778,Mardi,android,,88561539,944515,976902,Parking public,2.39,13.17,Rabat,10000,34.00130241571768,-6.865429444470551
6978159,4.33,0015-07-14 18:22:56,0015-07-14 18:52:06,18,18,0.486111111,Mardi,android,,88561539,280221,976902,Parking public,3.22,13.94,Oujda,60000,34.710505925477584,-1.9338426882172386
3697867,4.15,0015-07-14 18:24:00,0015-07-14 19:37:06,18,19,1.218333333,Mardi,android,,88561539,801274,976902,Parking public,3.48,14.44,Marrakech,40000,31.604314024739697,-7.952350906693963
7809291,3.92,0015-07-14 19:05:56,0015-07-14 20:21:06,19,20,1.252777778,Mardi,android,,88561539,405157,976902,Parking public,2.11,8.27,Fès,30000,34.03457068337421,-4.9898696661038
5452927,5.28,0015-07-15 17:11:06,0015-07-15 21:22:05,17,21,4.183055556,Mercredi,android,,88561539,801274,976902,Parking public,2.74,14.47,Marrakech,40000,31.62412380961938,-7.960286766534263
6994949,3.72,0015-07-16 17:14:16,0015-07-16 20:29:06,17,20,3.247222222,Jeudi,android,,88561539,250527,976902,Parking public,2.72,10.12,Rabat,10000,34.04984271701451,-6.852140237358909
8465670,6.92,0015-07-17 16:43:51,0015-07-17 20:15:07,16,20,3.521111111,Vendredi,android,,88561539,250527,976902,Parking public,2.98,20.62,Rabat,10000,33.99762233413008,-6.8310109750287635
9714809,5.47,0015-07-20 17:58:55,0015-07-20 20:14:06,17,20,2.253055556,Lundi,android,,88561539,801274,976902,Parking public,3.4,18.6,Marrakech,40000,31.623371335942746,-7.9754454903614835
9149431,5.3,0015-07-21 16:21:00,0015-07-21 20:36:05,16,20,4.251388889,Mardi,android,,88561539,944515,976902,Parking public,1.92,10.18,Rabat,10000,34.04906822599652,-6.835410992792623
5978815,3.71,0015-07-22 17:14:22,0015-07-22 20:02:06,17,20,2.795555556,Mercredi,android,,88561539,250527,976902,Parking public,1.92,7.12,Rabat,10000,34.04283042755364,-6.830648052427736
4124524,4.1,0015-07-23 18:43:14,0015-07-23 21:38:06,18,21,2.914444444,Jeudi,android,,88561539,355208,976902,Parking public,2.82,11.56,Casablanca,20000,33.59212432425695,-7.585278449612255
1404956,7.86,0015-07-24 17:43:09,0015-07-24 21:47:06,17,21,4.065833333,Vendredi,android,,88561539,944515,976902,Parking public,1.81,14.23,Rabat,10000,34.006374169622696,-6.84585625784184
2238543,4.39,0015-07-27 17:47:58,0015-07-27 20:01:06,17,20,2.218888889,Lundi,android,,88561539,405157,976902,Parking public,1.85,8.12,Fès,30000,34.0133532552434,-5.013744638337167
5038957,5.66,0015-07-29 16:12:34,0015-07-29 20:02:06,16,20,3.825555556,Mercredi,android,,88561539,801274,976902,Parking public,1.65,9.34,Marrakech,40000,31.639618593195465,-7.964985120145207
7066893,4.87,0015-07-30 17:31:48,0015-07-30 21:33:06,17,21,4.021666667,Jeudi,android,,88561539,250527,976902,Parking public,1.51,7.35,Rabat,10000,34.04666255934765,-6.858023654199808
9207150,8.59,0015-07-31 16:40:25,0015-07-31 20:41:07,16,20,4.011666667,Vendredi,android,,88561539,944515,976902,Parking public,2.4,20.62,Rabat,10000,34.024305773580835,-6.830058741630735
6251729,5.06,0015-08-03 16:08:20,0015-08-03 20:27:07,16,20,4.313055556,Lundi,android,,88561539,405157,976902,Parking public,2.69,13.61,Fès,30000,34.03739676136819,-5.016300030641041
4899209,4.4,0015-08-04 17:11:01,0015-08-04 21:45:08,17,21,4.568611111,Mardi,android,,88561539,944515,976902,Parking public,2.08,9.15,Rabat,10000,34.007698745619614,-6.834080189802733
6621911,4.85,0015-08-05 17:30:52,0015-08-05 22:02:06,17,22,4.520555556,Mercredi,android,,88561539,355208,976902,Parking public,1.96,9.51,Casablanca,20000,33.589269575991516,-7.574975303972258
5637687,3.86,0015-08-07 12:25:33,0015-08-07 14:32:06,12,14,2.109166667,Vendredi,android,,88561539,891421,144857,Bureau / Entreprise,2.91,11.23,Rabat,10000,34.00212262491345,-6.858477166665607
2107960,5.04,0015-08-07 17:09:05,0015-08-07 19:31:05,17,19,2.366666667,Vendredi,android,,88561539,944515,976902,Parking public,2.91,14.67,Rabat,10000,34.01032075418425,-6.868003401948322
2533094,6.59,0015-08-10 17:13:15,0015-08-10 21:02:07,17,21,3.814444444,Lundi,android,,88561539,738900,976902,Parking public,2.41,15.88,Fès,30000,34.028626186316984,-5.022441575420349
1560322,6.12,0015-08-11 17:22:55,0015-08-11 20:06:06,17,20,2.719722222,Mardi,android,,88561539,405157,976902,Parking public,2.87,17.56,Fès,30000,34.033556622721065,-4.993940181963739
2733475,5.37,0015-08-12 16:03:29,0015-08-12 21:32:06,16,21,5.476944444,Mercredi,android,,88561539,280221,976902,Parking public,3.35,17.99,Oujda,60000,34.671244583944905,-1.8904332156264558
4267415,4.35,0015-08-14 18:22:50,0015-08-14 20:22:07,18,20,1.988055556,Vendredi,android,,88561539,944515,976902,Parking public,3.08,13.4,Rabat,10000,33.99779020948435,-6.868900190725874
7933206,5.16,0015-08-17 17:55:51,0015-08-17 21:42:06,17,21,3.770833333,Lundi,android,,88561539,355208,976902,Parking public,2.75,14.19,Casablanca,20000,33.5797372025465,-7.575750924457502
7335594,5.7,0015-08-18 16:59:23,0015-08-18 21:15:07,16,21,4.262222222,Mardi,android,,88561539,405157,976902,Parking public,2.82,16.07,Fès,30000,34.020417833194415,-5.009820881242997
3967963,3.59,0015-08-19 13:21:50,0015-08-19 15:39:12,13,15,2.289444444,Mercredi,android,,88561539,250527,976902,Parking public,3.37,12.1,Rabat,10000,34.02577429328535,-6.842888297804828
6415647,6.29,0015-08-25 17:39:16,0015-08-25 20:48:05,17,20,3.146944444,Mardi,android,,88561539,801274,976902,Parking public,2.35,14.78,Marrakech,40000,31.60876176291645,-7.955368427009265
4671482,4.66,0015-08-26 14:50:38,0015-08-26 20:39:06,14,20,5.807777778,Mercredi,android,,88561539,738900,976902,Parking public,2.59,12.07,Fès,30000,34.03196840611129,-5.010381709715849
4611175,5.29,0015-08-27 16:05:04,0015-08-27 20:11:09,16,20,4.101388889,Jeudi,android,,88561539,250527,976902,Parking public,2.8,14.81,Rabat,10000,34.02285536595309,-6.843679783963631
2791340,6.54,0015-08-28 11:38:57,0015-08-28 17:10:11,11,17,5.520555556,Vendredi,android,,88561539,944515,976902,Parking public,3.32,21.71,Rabat,10000,33.994009412209344,-6.870779055114359
9997392,1.28,0015-08-28 17:13:22,0015-08-28 18:36:08,17,18,1.379444444,Vendredi,android,,88561539,803398,144857,Bureau / Entreprise,3.15,4.03,Meknès,50000,33.883696256691636,-5.572404076799709
6909514,5.08,0015-09-01 19:50:35,0015-09-01 21:54:09,19,21,2.059444444,Mardi,android,,88561539,801274,976902,Parking public,1.64,8.33,Marrakech,40000,31.607564880616337,-7.995584504531912
4995811,7.26,0015-09-02 18:05:09,0015-09-02 21:21:06,18,21,3.265833333,Mercredi,android,,88561539,801274,976902,Parking public,1.83,13.29,Marrakech,40000,31.603302498228366,-8.009428865550735
2688677,7.0,0015-09-03 17:55:02,0015-09-03 20:46:05,17,20,2.850833333,Jeudi,android,,88561539,801274,976902,Parking public,2.12,14.84,Marrakech,40000,31.658897613943395,-7.973217480437104
3212249,3.27,0015-09-08 20:27:54,0015-09-08 21:32:07,20,21,1.070277778,Mardi,android,,88561539,891421,144857,Bureau / Entreprise,3.0,9.81,Rabat,10000,34.01024123069848,-6.846016098591902
5672536,4.06,0015-09-09 17:49:29,0015-09-09 21:13:08,17,21,3.394166667,Mercredi,android,,88561539,944515,976902,Parking public,2.64,10.72,Rabat,10000,34.03949246675128,-6.838711287836318
1212238,7.77,0015-09-10 17:29:47,0015-09-10 21:02:06,17,21,3.538611111,Jeudi,android,,88561539,711566,928191,Parking public,2.08,16.16,Marrakech,40000,31.614778439285825,-8.00062116884622
9815833,6.75,0015-09-11 16:46:12,0015-09-11 20:53:07,16,20,4.115277778,Vendredi,android,,88561539,280221,976902,Parking public,1.75,11.81,Oujda,60000,34.69759016333344,-1.9236440782338031
8133539,4.43,0015-09-14 19:16:00,0015-09-14 20:41:07,19,20,1.418611111,Lundi,android,,88561539,355208,976902,Parking public,2.88,12.76,Casablanca,20000,33.588713671593375,-7.579970531508836
2387693,3.8,0015-09-15 17:32:58,0015-09-15 18:47:07,17,18,1.235833333,Mardi,android,,88561539,801274,976902,Parking public,2.9,11.02,Marrakech,40000,31.63523832443647,-7.953181836582176
6471451,3.58,0015-09-16 18:21:19,0015-09-16 19:31:08,18,19,1.163611111,Mercredi,android,,88561539,280221,976902,Parking public,3.39,12.14,Oujda,60000,34.68499457131301,-1.9383749935838674
4490531,4.86,0015-09-23 15:50:23,0015-09-23 20:56:07,15,20,5.095555556,Mercredi,android,,88561539,944515,976902,Parking public,2.5,12.15,Rabat,10000,34.01561045484883,-6.818176940748684
3277106,4.75,0015-09-25 17:12:57,0015-09-25 20:22:06,17,20,3.1525,Vendredi,android,,88561539,738900,976902,Parking public,2.49,11.83,Fès,30000,34.024032095992574,-4.995687127921328
9129938,4.4,0015-09-29 16:57:21,0015-09-29 20:01:07,16,20,3.062777778,Mardi,android,,88561539,405157,976902,Parking public,1.66,7.3,Fès,30000,34.058871748654866,-4.9964648259946625
1336855,4.2,0015-10-01 16:27:22,0015-10-01 18:49:07,16,18,2.3625,Jeudi,android,,88561539,280221,976902,Parking public,1.58,6.64,Oujda,60000,34.706537164467264,-1.9113832878875343
2676045,2.59,0015-10-01 20:03:42,0015-10-01 21:59:06,20,21,1.923333333,Jeudi,android,,88561539,280221,976902,Parking public,2.36,6.11,Oujda,60000,34.714601614639996,-1.937236354845749
6025557,4.93,0015-01-15 17:49:33,0015-01-15 20:15:10,17,20,2.426944444,Jeudi,ios,15.3715718,49241808,260781,202527,Parking public,2.14,10.55,Oujda,60000,34.664157833409135,-1.9360073888958302
1718597,6.78,0015-01-16 17:26:10,0015-01-16 19:47:04,17,19,2.348333333,Vendredi,ios,15.3715718,49241808,672450,202527,Parking public,2.0,13.56,Oujda,60000,34.70055204851222,-1.9053452796604549
2031717,4.81,0015-01-20 13:08:33,0015-01-20 15:29:04,13,15,2.341944444,Mardi,ios,15.3715718,49241808,672450,202527,Parking public,1.68,8.08,Oujda,60000,34.71300042740926,-1.9209424857138664
1690867,6.32,0015-02-25 14:46:32,0015-02-25 17:35:07,14,17,2.809722222,Mercredi,ios,15.733848,49241808,131897,566549,Parking public,3.42,21.61,Meknès,50000,33.874373983969946,-5.522263916005339
8858751,6.15,0015-03-06 13:04:27,0015-03-06 16:37:05,13,16,3.543888889,Vendredi,ios,15.733848,49241808,514669,566549,Parking public,3.17,19.5,Tanger,90000,35.733489776042006,-5.839604567758431
1658726,5.12,0015-03-13 16:54:50,0015-03-13 18:32:06,16,18,1.621111111,Vendredi,ios,15.3715718,49241808,200695,202527,Parking public,2.65,13.57,Meknès,50000,33.907967238957404,-5.568703112477841
8528273,0.01,0015-03-25 12:24:27,0015-03-25 12:27:05,12,12,0.043888889,Mercredi,ios,15.329938,49241808,228137,503205,Parking public,3.4,0.03,Oujda,60000,34.6911683867908,-1.8985168699898778
4579191,0.0,0015-04-01 16:26:32,0015-04-01 16:28:05,16,16,0.025833333,Mercredi,ios,,49241808,569889,461655,Parking public,3.5,0.0,Agadir,80000,30.448309726605498,-9.61049879471354
5700496,3.08,0015-04-06 12:19:56,0015-04-06 13:30:06,12,13,1.169444444,Lundi,ios,15.733848,49241808,902592,566549,Parking public,2.84,8.75,Oujda,60000,34.665086342597576,-1.9098717815586463
8667580,4.69,0015-04-08 12:12:17,0015-04-08 14:18:05,12,14,2.096666667,Mercredi,ios,15.733848,49241808,131897,566549,Parking public,2.04,9.57,Meknès,50000,33.91121603871159,-5.53543003286969
6724987,4.21,0015-04-09 12:08:52,0015-04-09 15:29:05,12,15,3.336944444,Jeudi,ios,15.733848,49241808,131897,566549,Parking public,1.58,6.65,Meknès,50000,33.875597639202866,-5.523284153327876
2173547,3.68,0015-04-10 12:15:40,0015-04-10 15:40:07,12,15,3.4075,Vendredi,ios,15.733848,49241808,902592,566549,Parking public,3.01,11.08,Oujda,60000,34.666519356571946,-1.8938685283118994
8775911,3.63,0015-04-15 18:22:49,0015-04-15 19:35:07,18,19,1.205,Mercredi,ios,15.733848,49241808,902592,566549,Parking public,2.44,8.86,Oujda,60000,34.666555947875864,-1.9008183359276365
6807814,3.32,0015-04-16 17:09:14,0015-04-16 19:54:06,17,19,2.747777778,Jeudi,ios,15.733848,49241808,514669,566549,Parking public,2.8,9.3,Tanger,90000,35.77837448321389,-5.823222009056291
5825584,2.27,0015-04-17 12:02:01,0015-04-17 13:58:05,12,13,1.934444444,Vendredi,ios,15.733848,49241808,902592,566549,Parking public,3.33,7.56,Oujda,60000,34.696611833241775,-1.8846445213580747
5829577,4.02,0015-04-22 16:35:54,0015-04-22 19:52:06,16,19,3.27,Mercredi,ios,15.733848,49241808,902592,566549,Parking public,1.86,7.48,Oujda,60000,34.68808392548615,-1.9236505541502078
8285213,3.44,0015-04-23 12:41:08,0015-04-23 16:22:06,12,16,3.682777778,Jeudi,ios,15.8307864,49241808,920264,461655,Parking public,2.67,9.18,Marrakech,40000,31.62102982904741,-8.011033274348229
7416366,3.65,0015-04-23 17:41:06,0015-04-23 18:52:05,17,18,1.183055556,Jeudi,ios,15.3715718,49241808,672450,202527,Parking public,2.77,10.11,Oujda,60000,34.709332032448785,-1.9250827264361081
1750255,4.8,0015-04-24 16:11:16,0015-04-24 18:48:06,16,18,2.613888889,Vendredi,ios,15.733848,49241808,414088,566549,Parking public,2.48,11.9,Meknès,50000,33.88704670644536,-5.564226517222395
2414250,3.52,0015-04-27 12:31:53,0015-04-27 15:07:06,12,15,2.586944444,Lundi,ios,15.733848,49241808,902592,566549,Parking public,1.68,5.91,Oujda,60000,34.705695966368296,-1.90168992489316
1357616,3.52,0015-04-29 12:20:17,0015-04-29 13:41:06,12,13,1.346944444,Mercredi,ios,15.8307864,49241808,582873,461655,Parking public,2.2,7.74,Fès,30000,34.02944809451421,-4.992277304014069
8245844,2.42,0015-04-29 18:04:00,0015-04-29 18:52:06,18,18,0.801666667,Mercredi,ios,15.733848,49241808,514669,566549,Parking public,2.17,5.25,Tanger,90000,35.7521166657655,-5.828392317037716
8617674,3.96,0015-05-04 16:48:34,0015-05-04 20:14:07,16,20,3.425833333,Lundi,ios,15.733848,49241808,902592,566549,Parking public,2.84,11.25,Oujda,60000,34.684460787140175,-1.9404253934074327
3200104,3.78,0015-05-06 17:13:12,0015-05-06 19:03:06,17,19,1.831666667,Mercredi,ios,15.8307864,49241808,582873,461655,Parking public,3.22,12.17,Fès,30000,34.02118267244985,-4.986573316732962
2700843,3.54,0015-05-07 18:27:18,0015-05-07 19:38:07,18,19,1.180277778,Jeudi,ios,15.733848,49241808,131897,566549,Parking public,2.16,7.65,Meknès,50000,33.90835656281058,-5.55788817525087
9373884,4.69,0015-05-08 16:36:10,0015-05-08 18:30:14,16,18,1.901111111,Vendredi,ios,15.3715718,49241808,792421,202527,Parking public,2.89,13.55,Meknès,50000,33.893663223405554,-5.537396640659602
3117909,4.1,0015-05-11 12:05:27,0015-05-11 14:30:09,12,14,2.411666667,Lundi,ios,15.8307864,49241808,582873,461655,Parking public,2.08,8.53,Fès,30000,34.017032761708805,-4.996905294289871
7233969,3.41,0015-05-13 12:05:06,0015-05-13 15:06:06,12,15,3.016666667,Mercredi,ios,15.733848,49241808,131897,566549,Parking public,3.39,11.56,Meknès,50000,33.91747447439648,-5.556736144474326
2872999,3.62,0015-05-14 12:21:44,0015-05-14 14:48:06,12,14,2.439444444,Jeudi,ios,15.733848,49241808,902592,566549,Parking public,3.13,11.33,Oujda,60000,34.6797334732824,-1.9333254239737536
3588242,4.54,0015-05-18 17:03:23,0015-05-18 19:53:06,17,19,2.828611111,Lundi,ios,15.733848,49241808,131897,566549,Parking public,2.6,11.8,Meknès,50000,33.89611317166684,-5.571634866140371
1601383,4.03,0015-05-20 17:15:11,0015-05-20 18:46:07,17,18,1.515555556,Mercredi,ios,15.8307864,49241808,582873,461655,Parking public,2.41,9.71,Fès,30000,34.05748832665787,-4.980408900013267
3735507,2.85,0015-05-21 12:15:31,0015-05-21 14:35:09,12,14,2.327222222,Jeudi,ios,15.733848,49241808,902592,566549,Parking public,2.13,6.07,Oujda,60000,34.69415427975484,-1.8862961474751065
1407127,6.19,0015-05-21 17:52:46,0015-05-21 19:58:06,17,19,2.088888889,Jeudi,ios,15.8307864,49241808,582873,461655,Parking public,2.15,13.31,Fès,30000,34.010113882442496,-4.991312717194142
3059243,5.26,0015-05-26 16:38:47,0015-05-26 19:44:07,16,19,3.088888889,Mardi,ios,15.733848,49241808,131897,566549,Parking public,3.44,18.09,Meknès,50000,33.91988992741681,-5.571093953108371
9618511,2.84,0015-05-27 12:13:01,0015-05-27 15:32:06,12,15,3.318055556,Mercredi,ios,15.733848,49241808,902592,566549,Parking public,2.31,6.56,Oujda,60000,34.694362483184285,-1.9172783669867055
2972699,3.96,0015-05-28 10:57:04,0015-05-28 13:49:05,10,13,2.866944444,Jeudi,ios,15.733848,49241808,902592,566549,Parking public,2.53,10.02,Oujda,60000,34.676794336879425,-1.8976636479936906
6062971,2.93,0015-05-29 12:11:21,0015-05-29 13:55:08,12,13,1.729722222,Vendredi,ios,15.733848,49241808,902592,566549,Parking public,3.48,10.2,Oujda,60000,34.6650563243598,-1.8946107469593958
6851120,0.27,0015-06-01 14:20:33,0015-06-01 16:23:05,14,16,2.042222222,Lundi,ios,15.8307864,49241808,431796,461655,Parking public,2.82,0.76,Casablanca,20000,33.590741511356214,-7.612706882662535
8386846,2.78,0015-06-04 12:08:16,0015-06-04 14:04:15,12,14,1.933055556,Jeudi,ios,15.733848,49241808,414088,566549,Parking public,2.59,7.2,Meknès,50000,33.900704365355715,-5.5772981568692765
7132173,5.93,0015-06-04 16:43:19,0015-06-04 18:43:05,16,18,1.996111111,Jeudi,ios,15.8307864,49241808,582873,461655,Parking public,2.33,13.82,Fès,30000,34.035107665518574,-4.9875717772471635
6439910,2.93,0015-06-05 11:27:40,0015-06-05 15:14:06,11,15,3.773888889,Vendredi,ios,15.733848,49241808,414088,566549,Parking public,1.88,5.51,Meknès,50000,33.91713355498306,-5.555904229440827
7457011,2.81,0015-06-08 12:13:40,0015-06-08 14:32:06,12,14,2.307222222,Lundi,ios,15.733848,49241808,131897,566549,Parking public,2.22,6.24,Meknès,50000,33.91081583267348,-5.562031120102905
9527421,3.81,0015-06-10 12:12:22,0015-06-10 14:10:12,12,14,1.963888889,Mercredi,ios,15.733848,49241808,902592,566549,Parking public,3.01,11.47,Oujda,60000,34.665800492783966,-1.9406261518126284
9896500,2.69,0015-06-11 12:21:24,0015-06-11 15:15:09,12,15,2.895833333,Jeudi,ios,15.733848,49241808,902592,566549,Parking public,2.75,7.4,Oujda,60000,34.67540332406774,-1.90898203559431
5989562,3.65,0015-06-12 12:08:16,0015-06-12 13:36:04,12,13,1.463333333,Vendredi,ios,15.8307864,49241808,582873,461655,Parking public,3.02,11.02,Fès,30000,34.018009348388865,-4.979230955874441
6884824,6.38,0015-06-12 16:07:42,0015-06-12 18:13:04,16,18,2.089444444,Vendredi,ios,15.733848,49241808,514669,566549,Parking public,1.91,12.19,Tanger,90000,35.77413677755436,-5.806542101223644
6023290,4.02,0015-06-15 14:52:32,0015-06-15 17:17:06,14,17,2.409444444,Lundi,ios,15.733848,49241808,902592,566549,Parking public,2.6,10.45,Oujda,60000,34.658711946084146,-1.9074553029632026
6423844,3.9,0015-06-18 16:56:54,0015-06-18 20:04:06,16,20,3.12,Jeudi,ios,15.733848,49241808,902592,566549,Parking public,3.36,13.1,Oujda,60000,34.69089338109228,-1.9105323203356064
3857488,2.85,0015-06-19 11:58:16,0015-06-19 15:33:06,11,15,3.580555556,Vendredi,ios,15.733848,49241808,902592,566549,Parking public,2.38,6.78,Oujda,60000,34.70244752114444,-1.9362966168706455
8743977,3.3,0015-06-24 18:24:36,0015-06-24 20:07:06,18,20,1.708333333,Mercredi,ios,15.3715718,49241808,507660,202527,Parking public,2.9,9.57,Meknès,50000,33.91610593820571,-5.544367631907444
4279497,3.06,0015-06-25 12:08:00,0015-06-25 15:05:07,12,15,2.951944444,Jeudi,ios,15.733848,49241808,902592,566549,Parking public,1.74,5.32,Oujda,60000,34.67722490492296,-1.9186012552620764
5045295,2.94,0015-07-06 11:55:02,0015-07-06 15:05:12,11,15,3.169444444,Lundi,ios,15.733848,49241808,902592,566549,Parking public,3.45,10.14,Oujda,60000,34.70597543828032,-1.9049718831469853
9880417,3.65,0015-07-09 16:38:55,0015-07-09 19:57:07,16,19,3.303333333,Jeudi,ios,15.733848,49241808,902592,566549,Parking public,2.72,9.93,Oujda,60000,34.663337904217315,-1.9180764191274071
6805893,5.84,0015-07-10 12:04:59,0015-07-10 15:27:06,12,15,3.368611111,Vendredi,ios,15.733848,49241808,902592,566549,Parking public,1.98,11.56,Oujda,60000,34.707487137504074,-1.926982052592978
1110654,3.81,0015-07-13 17:23:38,0015-07-13 20:01:06,17,20,2.624444444,Lundi,ios,15.733848,49241808,131897,566549,Parking public,1.82,6.93,Meknès,50000,33.87114931973992,-5.571602083486297
3233105,4.18,0015-07-15 16:27:17,0015-07-15 19:40:07,16,19,3.213888889,Mercredi,ios,15.733848,49241808,902592,566549,Parking public,2.6,10.87,Oujda,60000,34.680537237433626,-1.9225048933246662
6226785,4.0,0015-07-16 12:07:47,0015-07-16 13:30:12,12,13,1.373611111,Jeudi,ios,15.8307864,49241808,582873,461655,Parking public,2.6,10.4,Fès,30000,34.050937721946774,-5.024501309942735
3832752,2.7,0015-07-20 12:06:29,0015-07-20 15:15:08,12,15,3.144166667,Lundi,ios,15.733848,49241808,902592,566549,Parking public,1.69,4.56,Oujda,60000,34.66569504564093,-1.930786182950561
8334038,2.87,0015-07-22 12:04:41,0015-07-22 15:10:08,12,15,3.090833333,Mercredi,ios,15.733848,49241808,514669,566549,Parking public,3.48,9.99,Tanger,90000,35.74325508371396,-5.804759830485227
3545322,6.44,0015-07-23 16:49:12,0015-07-23 19:56:06,16,19,3.115,Jeudi,ios,15.733848,49241808,131897,566549,Parking public,3.33,21.45,Meknès,50000,33.90683515410359,-5.5506537865856025
1843168,6.02,0015-07-24 16:30:49,0015-07-24 18:27:06,16,18,1.938055556,Vendredi,ios,15.733848,49241808,902592,566549,Parking public,2.42,14.57,Oujda,60000,34.699902192192766,-1.909487694009699
4142358,6.85,0015-07-27 16:44:23,0015-07-27 19:04:06,16,19,2.328611111,Lundi,ios,15.3715718,49241808,200695,202527,Parking public,1.73,11.85,Meknès,50000,33.901968857973124,-5.524882888275767
8557649,3.26,0015-07-29 17:19:22,0015-07-29 19:01:07,17,19,1.695833333,Mercredi,ios,15.8307864,49241808,582873,461655,Parking public,3.16,10.3,Fès,30000,34.04473690666802,-4.970565865970559
5451498,3.4,0015-08-05 12:08:45,0015-08-05 14:23:12,12,14,2.240833333,Mercredi,ios,15.8307864,49241808,582873,461655,Parking public,2.5,8.5,Fès,30000,34.03566346660085,-4.995337133039319
4250277,6.67,0015-08-05 17:30:27,0015-08-05 20:04:06,17,20,2.560833333,Mercredi,ios,15.733848,49241808,514669,566549,Parking public,2.93,19.54,Tanger,90000,35.74460794353442,-5.815251570737349
8769669,3.05,0015-08-06 18:00:18,0015-08-06 19:31:07,18,19,1.513611111,Jeudi,ios,15.733848,49241808,131897,566549,Parking public,2.52,7.69,Meknès,50000,33.88424175961024,-5.557683538539799
5967021,2.75,0015-08-07 16:44:47,0015-08-07 17:40:08,16,17,0.9225,Vendredi,ios,15.733848,49241808,414088,566549,Parking public,2.05,5.64,Meknès,50000,33.87439586300809,-5.558955362553163
5204762,4.16,0015-08-10 19:03:41,0015-08-10 20:23:11,19,20,1.325,Lundi,ios,15.3715718,49241808,260781,202527,Parking public,3.17,13.19,Oujda,60000,34.71120703368002,-1.9172377767403264
2917209,3.08,0015-08-12 18:00:03,0015-08-12 20:01:06,18,20,2.0175,Mercredi,ios,15.733848,49241808,131897,566549,Parking public,3.46,10.66,Meknès,50000,33.89850350768597,-5.536949564239581
5394131,2.84,0015-08-13 12:00:39,0015-08-13 13:39:06,12,13,1.640833333,Jeudi,ios,15.8307864,49241808,582873,461655,Parking public,1.99,5.65,Fès,30000,34.02715108500582,-4.989368498644694
3787349,6.66,0015-08-13 17:02:36,0015-08-13 19:52:12,17,19,2.826666667,Jeudi,ios,15.3715718,49241808,260781,202527,Parking public,2.6,17.32,Oujda,60000,34.68442034821865,-1.922485633921033
2748453,4.35,0015-08-14 16:17:32,0015-08-14 19:52:07,16,19,3.576388889,Vendredi,ios,15.733848,49241808,131897,566549,Parking public,2.27,9.87,Meknès,50000,33.92033700037671,-5.569307404551802
9797634,4.75,0015-08-17 16:36:42,0015-08-17 19:15:08,16,19,2.640555556,Lundi,ios,15.3715718,49241808,200695,202527,Parking public,3.34,15.86,Meknès,50000,33.87270108418697,-5.539356224612069
5531772,2.64,0015-08-19 11:57:26,0015-08-19 15:17:08,11,15,3.328333333,Mercredi,ios,15.3715718,49241808,672450,202527,Parking public,2.52,6.65,Oujda,60000,34.69187378992101,-1.9337004482686742
7785588,4.81,0015-08-21 15:44:30,0015-08-21 19:02:06,15,19,3.293333333,Vendredi,ios,15.733848,49241808,514669,566549,Parking public,3.26,15.68,Tanger,90000,35.75985332073307,-5.82929044950624
2369739,3.61,0015-08-24 17:46:20,0015-08-24 19:30:13,17,19,1.731388889,Lundi,ios,15.3715718,49241808,200695,202527,Parking public,3.23,11.66,Meknès,50000,33.90018725412608,-5.535694672316621
9713675,3.81,0015-08-26 17:56:53,0015-08-26 19:23:06,17,19,1.436944444,Mercredi,ios,15.3715718,49241808,260781,202527,Parking public,2.05,7.81,Oujda,60000,34.65778661102925,-1.899363310216333
3373978,6.23,0015-08-27 16:03:58,0015-08-27 19:57:07,16,19,3.885833333,Jeudi,ios,15.733848,49241808,414088,566549,Parking public,3.08,19.19,Meknès,50000,33.91582743453665,-5.532091673360424
5478194,3.05,0015-08-28 12:17:44,0015-08-28 15:12:06,12,15,2.906111111,Vendredi,ios,15.733848,49241808,902592,566549,Parking public,2.33,7.11,Oujda,60000,34.71262709694902,-1.8890284347060602
2623814,2.86,0015-08-31 11:56:48,0015-08-31 15:21:10,11,15,3.406111111,Lundi,ios,15.733848,49241808,414088,566549,Parking public,3.37,9.64,Meknès,50000,33.897407991015356,-5.547302460482112
8410552,2.42,0015-09-01 19:16:00,0015-09-01 20:03:09,19,20,0.785833333,Mardi,ios,15.733848,49241808,902592,566549,Parking public,2.52,6.1,Oujda,60000,34.69849904943261,-1.8975850486282257
8571933,4.32,0015-09-02 16:37:57,0015-09-02 19:39:09,16,19,3.02,Mercredi,ios,15.3715718,49241808,260781,202527,Parking public,3.14,13.56,Oujda,60000,34.71204996287064,-1.9042496358780499
9439604,2.83,0015-09-04 12:12:27,0015-09-04 15:00:13,12,15,2.796111111,Vendredi,ios,15.733848,49241808,902592,566549,Parking public,2.07,5.86,Oujda,60000,34.6991343180588,-1.930201603612139
5330202,3.44,0015-09-09 12:09:03,0015-09-09 16:01:15,12,16,3.87,Mercredi,ios,15.3715718,49241808,672450,202527,Parking public,2.1,7.22,Oujda,60000,34.66585234257486,-1.9398586213078355
1256513,2.93,0015-09-10 16:41:44,0015-09-10 19:22:06,16,19,2.672777778,Jeudi,ios,15.733848,49241808,902592,566549,Parking public,2.67,7.82,Oujda,60000,34.69127730161001,-1.9243275168593839
1759817,2.93,0015-09-16 17:18:17,0015-09-16 19:38:08,17,19,2.330833333,Mercredi,ios,15.733848,49241808,131897,566549,Parking public,3.5,10.26,Meknès,50000,33.899902902782976,-5.550717977619743
5268132,6.19,0015-09-18 16:45:30,0015-09-18 19:10:10,16,19,2.411111111,Vendredi,ios,15.733848,49241808,414088,566549,Parking public,2.48,15.35,Meknès,50000,33.88894784027815,-5.540273643334281
8298812,3.82,0015-09-21 12:05:59,0015-09-21 13:58:10,12,13,1.869722222,Lundi,ios,15.733848,49241808,514669,566549,Parking public,1.8,6.88,Tanger,90000,35.773686654137485,-5.813002440169807
7893802,6.49,0015-09-23 16:48:15,0015-09-23 19:23:08,16,19,2.581388889,Mercredi,ios,15.733848,49241808,414088,566549,Parking public,2.58,16.74,Meknès,50000,33.91956202088615,-5.56552525699763
6344803,6.22,0015-09-25 15:38:37,0015-09-25 19:21:06,15,19,3.708055556,Vendredi,ios,15.733848,49241808,902592,566549,Parking public,2.19,13.62,Oujda,60000,34.71223411077441,-1.9338670126060913
6841926,0.0,0015-09-28 11:58:39,0015-09-28 15:40:09,11,15,3.691666667,Lundi,ios,,49241808,514669,566549,Parking public,2.6,0.0,Tanger,90000,35.75655036228425,-5.80619120315154
6675184,4.22,0015-09-28 16:22:27,0015-09-28 18:10:10,16,18,1.795277778,Lundi,ios,15.8307864,49241808,582873,461655,Parking public,2.59,10.93,Fès,30000,34.009894282750444,-5.023817326437416
1619067,2.91,0015-09-30 16:34:59,0015-09-30 19:32:11,16,19,2.953333333,Mercredi,ios,15.733848,49241808,414088,566549,Parking public,2.41,7.01,Meknès,50000,33.922590471937745,-5.5485905357935685
3139818,0.0,0015-10-01 16:20:29,0015-10-01 18:21:05,16,18,2.01,Jeudi,ios,,49241808,414088,566549,Parking public,2.14,0.0,Meknès,50000,33.91383388518676,-5.542166176272402
4154424,4.15,0015-10-01 18:36:03,0015-10-01 20:06:07,18,20,1.501111111,Jeudi,ios,15.3715718,49241808,911231,202527,Parking public,1.88,7.8,Tanger,90000,35.736979760872195,-5.8315175347455535
3561535,6.17,0015-10-02 16:33:43,0015-10-02 19:04:06,16,19,2.506388889,Vendredi,ios,15.3715718,49241808,507660,202527,Parking public,2.89,17.83,Meknès,50000,33.91875051295705,-5.572138070578023
6913472,6.9,0015-01-27 16:24:41,0015-01-27 20:07:05,16,20,3.706666667,Mardi,ios,31.9977502,33081741,944515,976902,Parking public,2.64,18.22,Rabat,10000,34.04309378172373,-6.868178385159783
3307095,5.1,0015-01-29 18:25:33,0015-01-29 20:04:04,18,20,1.641944444,Jeudi,ios,31.9977502,33081741,801274,976902,Parking public,1.97,10.05,Marrakech,40000,31.630630283427564,-8.004770994352338
2857338,7.02,0015-02-06 17:07:52,0015-02-06 21:03:04,17,21,3.92,Vendredi,ios,31.9977502,33081741,355208,976902,Parking public,3.05,21.41,Casablanca,20000,33.578576526144694,-7.584664738967644
3142998,6.76,0015-02-13 15:07:38,0015-02-13 19:09:05,15,19,4.024166667,Vendredi,ios,31.9977502,33081741,405157,976902,Parking public,1.59,10.75,Fès,30000,34.027040162232204,-4.997639306741941
3917056,5.11,0015-02-16 16:10:52,0015-02-16 17:47:05,16,17,1.603611111,Lundi,ios,31.9977502,33081741,250527,976902,Parking public,2.99,15.28,Rabat,10000,33.99418569832932,-6.857575552477795
2179276,2.72,0015-02-17 16:44:34,0015-02-17 20:41:05,16,20,3.941944444,Mardi,ios,31.9977502,33081741,250527,976902,Parking public,2.91,7.92,Rabat,10000,34.01101183449875,-6.833333551489265
1708592,6.55,0015-02-19 17:52:43,0015-02-19 20:10:12,17,20,2.291388889,Jeudi,ios,31.9977502,33081741,355208,976902,Parking public,3.12,20.44,Casablanca,20000,33.59127120691588,-7.570595949876662
4095785,6.72,0015-03-06 17:08:01,0015-03-06 20:27:05,17,20,3.317777778,Vendredi,ios,31.9977502,33081741,944515,976902,Parking public,2.27,15.25,Rabat,10000,33.99117792138027,-6.869105262409204
9509605,6.9,0015-03-13 12:06:30,0015-03-13 15:39:04,12,15,3.542777778,Vendredi,ios,31.9977502,33081741,944515,976902,Parking public,2.83,19.53,Rabat,10000,34.01090995030147,-6.841712203387117
5444734,0.86,0015-04-16 17:12:12,0015-04-16 18:04:05,17,18,0.864722222,Jeudi,ios,31.9977502,33081741,355208,976902,Parking public,3.14,2.7,Casablanca,20000,33.566990121615454,-7.578441375273839
5044762,3.47,0015-05-11 18:11:29,0015-05-11 20:00:07,18,20,1.810555556,Lundi,ios,31.9977502,33081741,250527,976902,Parking public,3.46,12.01,Rabat,10000,34.02314373617627,-6.856461284375818
5298764,6.3,0015-07-24 10:08:51,0015-07-24 12:12:06,10,12,2.054166667,Vendredi,ios,26.6102122,57882330,875343,747048,Université / Campus,2.49,15.69,Marrakech,40000,31.654691336984765,-7.992633745682411
4626003,5.85,0015-07-27 10:08:05,0015-07-27 13:28:05,10,13,3.333333333,Lundi,ios,26.6102122,57882330,875343,747048,Université / Campus,1.57,9.18,Marrakech,40000,31.62028075966196,-7.974281725820637
1694224,6.25,0015-07-28 10:02:22,0015-07-28 13:28:06,10,13,3.428888889,Mardi,ios,26.6102122,57882330,875343,747048,Université / Campus,2.5,15.62,Marrakech,40000,31.620317192113774,-7.957223882393375
5709799,6.19,0015-07-29 10:01:19,0015-07-29 13:30:08,10,13,3.480277778,Mercredi,ios,26.6102122,57882330,875343,747048,Université / Campus,2.68,16.59,Marrakech,40000,31.643750074886587,-7.962504534781826
5725046,6.15,0015-07-30 09:43:25,0015-07-30 12:18:05,9,12,2.577777778,Jeudi,ios,26.6102122,57882330,875343,747048,Université / Campus,3.24,19.93,Marrakech,40000,31.626633076453388,-7.976112186854024
6264625,6.05,0015-08-04 10:04:35,0015-08-04 12:48:07,10,12,2.725555556,Mardi,ios,26.6102122,57882330,875343,747048,Université / Campus,3.25,19.66,Marrakech,40000,31.612976289376398,-7.967286696934565
6186658,5.93,0015-08-17 10:09:36,0015-08-17 12:18:11,10,12,2.143055556,Lundi,ios,26.6102122,57882330,875343,747048,Université / Campus,2.38,14.11,Marrakech,40000,31.62664637096796,-7.989210651787531
4354267,6.17,0015-08-18 10:02:12,0015-08-18 13:48:06,10,13,3.765,Mardi,ios,26.6102122,57882330,875343,747048,Université / Campus,2.55,15.73,Marrakech,40000,31.60795142122279,-7.972642068314074
5217499,6.07,0015-08-19 10:14:52,0015-08-19 12:16:07,10,12,2.020833333,Mercredi,ios,26.6102122,57882330,875343,747048,Université / Campus,2.41,14.63,Marrakech,40000,31.610083219190372,-7.983129104532346
9654115,6.16,0015-08-20 10:13:31,0015-08-20 12:19:06,10,12,2.093055556,Jeudi,ios,26.6102122,57882330,875343,747048,Université / Campus,2.94,18.11,Marrakech,40000,31.62940206636437,-7.999703831812546
6308629,6.03,0015-08-21 11:29:56,0015-08-21 14:15:13,11,14,2.754722222,Vendredi,ios,26.6102122,57882330,875343,747048,Université / Campus,2.32,13.99,Marrakech,40000,31.624635526970273,-7.968995703567364
8330681,5.78,0015-08-24 10:04:10,0015-08-24 12:25:08,10,12,2.349444444,Lundi,ios,26.6102122,57882330,875343,747048,Université / Campus,2.81,16.24,Marrakech,40000,31.654390754064085,-7.977712121759071
7237024,5.98,0015-08-25 10:29:28,0015-08-25 14:19:05,10,14,3.826944444,Mardi,ios,26.6102122,57882330,875343,747048,Université / Campus,1.81,10.82,Marrakech,40000,31.621243633947,-7.989582705082785
7768340,6.05,0015-08-26 10:37:01,0015-08-26 13:29:07,10,13,2.868333333,Mercredi,ios,26.6102122,57882330,875343,747048,Université / Campus,2.44,14.76,Marrakech,40000,31.634335301016684,-7.956419648595282
2877984,5.81,0015-08-27 10:46:03,0015-08-27 13:26:07,10,13,2.667777778,Jeudi,ios,26.6102122,57882330,875343,747048,Université / Campus,3.44,19.99,Marrakech,40000,31.63743585727517,-8.009843952930396
1497996,5.84,0015-08-28 11:12:56,0015-08-28 13:29:06,11,13,2.269444444,Vendredi,ios,26.6102122,57882330,875343,747048,Université / Campus,2.18,12.73,Marrakech,40000,31.6002856673953,-7.99215361092503
3166684,5.87,0015-09-01 09:58:30,0015-09-01 12:15:11,9,12,2.278055556,Mardi,ios,26.6102122,57882330,875343,747048,Université / Campus,2.89,16.96,Marrakech,40000,31.639312242321004,-8.00768711613334
6834846,6.01,0015-09-02 11:14:37,0015-09-02 13:28:08,11,13,2.225277778,Mercredi,ios,26.6102122,57882330,875343,747048,Université / Campus,2.8,16.83,Marrakech,40000,31.610182158012186,-7.965108361026702
4354197,5.28,0015-09-03 11:12:13,0015-09-03 13:30:11,11,13,2.299444444,Jeudi,ios,26.6102122,57882330,875343,747048,Université / Campus,3.2,16.9,Marrakech,40000,31.657164219048166,-7.968973552753172
5831697,5.97,0015-09-04 11:32:45,0015-09-04 14:22:07,11,14,2.822777778,Vendredi,ios,26.6102122,57882330,875343,747048,Université / Campus,3.2,19.1,Marrakech,40000,31.608419763665186,-7.991218866875821
3655295,5.9,0015-09-08 11:16:53,0015-09-08 13:30:16,11,13,2.223055556,Mardi,ios,26.6102122,57882330,875343,747048,Université / Campus,3.22,19.0,Marrakech,40000,31.624377447423623,-7.970560225867575
9004691,5.96,0015-09-09 10:51:20,0015-09-09 13:31:09,10,13,2.663611111,Mercredi,ios,26.6102122,57882330,875343,747048,Université / Campus,2.26,13.47,Marrakech,40000,31.604620980084718,-7.987343766428243
1044216,5.87,0015-09-10 10:47:40,0015-09-10 12:50:07,10,12,2.040833333,Jeudi,ios,26.6102122,57882330,875343,747048,Université / Campus,2.13,12.5,Marrakech,40000,31.659312455110758,-7.965724772514654
9465843,6.04,0015-09-11 10:45:59,0015-09-11 13:27:09,10,13,2.686111111,Vendredi,ios,26.6102122,57882330,875343,747048,Université / Campus,2.94,17.76,Marrakech,40000,31.629631700619875,-7.9838489802357975
2963572,5.97,0015-09-14 10:42:50,0015-09-14 13:30:11,10,13,2.789166667,Lundi,ios,26.6102122,57882330,875343,747048,Université / Campus,3.02,18.03,Marrakech,40000,31.6352231010392,-7.9863632163300995
9013018,5.92,0015-09-15 10:52:55,0015-09-15 13:15:10,10,13,2.370833333,Mardi,ios,26.6102122,57882330,875343,747048,Université / Campus,3.24,19.18,Marrakech,40000,31.603524588643307,-7.955016205070701
1687523,6.1,0015-09-16 10:34:07,0015-09-16 12:54:07,10,12,2.333333333,Mercredi,ios,26.6102122,57882330,875343,747048,Université / Campus,1.57,9.58,Marrakech,40000,31.644497628223952,-7.996047254006558
5485294,5.98,0015-09-17 10:53:12,0015-09-17 13:30:11,10,13,2.616388889,Jeudi,ios,26.6102122,57882330,875343,747048,Université / Campus,1.64,9.81,Marrakech,40000,31.612094335585734,-8.003873159600206
1800903,5.89,0015-09-22 10:43:58,0015-09-22 13:30:10,10,13,2.77,Mardi,ios,26.6102122,57882330,875343,747048,Université / Campus,2.76,16.26,Marrakech,40000,31.653383257366443,-7.976027413204432
8873445,5.82,0015-09-23 12:03:55,0015-09-23 16:40:11,12,16,4.604444444,Mercredi,ios,26.6102122,57882330,875343,747048,Université / Campus,3.34,19.44,Marrakech,40000,31.611808378428922,-7.952940691262949
6171272,5.9,0015-09-24 10:43:28,0015-09-24 13:30:12,10,13,2.778888889,Jeudi,ios,26.6102122,57882330,875343,747048,Université / Campus,3.49,20.59,Marrakech,40000,31.61094126323982,-7.9884296471763685
8074367,5.95,0015-09-25 10:48:24,0015-09-25 13:29:08,10,13,2.678888889,Vendredi,ios,26.6102122,57882330,875343,747048,Université / Campus,2.99,17.79,Marrakech,40000,31.601692980070887,-8.007377794182272
9458057,5.89,0015-09-28 10:04:38,0015-09-28 13:24:07,10,13,3.324722222,Lundi,ios,26.6102122,57882330,875343,747048,Université / Campus,2.37,13.96,Marrakech,40000,31.6278240167066,-7.990741683961426
4489591,6.03,0015-09-29 11:01:29,0015-09-29 13:30:09,11,13,2.477777778,Mardi,ios,26.6102122,57882330,875343,747048,Université / Campus,1.7,10.25,Marrakech,40000,31.633390467995756,-7.980744100740826
3366302,5.84,0015-09-30 10:45:00,0015-09-30 13:27:08,10,13,2.702222222,Mercredi,ios,26.6102122,57882330,875343,747048,Université / Campus,2.77,16.18,Marrakech,40000,31.6034425183657,-8.001384619602067
4596442,5.92,0015-10-01 11:39:17,0015-10-01 14:45:08,11,14,3.0975,Jeudi,ios,26.6102122,57882330,875343,747048,Université / Campus,3.25,19.24,Marrakech,40000,31.6460316570017,-7.97161386691661
7017207,4.96,0015-10-02 11:20:11,0015-10-02 13:30:10,11,13,2.166388889,Vendredi,ios,26.6102122,57882330,875343,747048,Université / Campus,2.39,11.85,Marrakech,40000,31.62669733008488,-7.951235036659388
9531439,1.79,0015-01-15 16:02:00,0015-01-15 16:40:07,16,16,0.635277778,Jeudi,ios,2.9243084,19555569,943765,461655,Parking public,2.89,5.17,Agadir,80000,30.429263416159657,-9.600995631441114
4756166,2.38,0015-05-07 20:02:59,0015-05-07 22:43:06,20,22,2.668611111,Jeudi,ios,3.1554692,19555569,404112,399399,Bureau / Entreprise,3.31,7.88,Meknès,50000,33.8899457648163,-5.556016286596187
2290411,1.52,0015-05-08 12:26:51,0015-05-08 12:58:07,12,12,0.521111111,Vendredi,ios,3.1554692,19555569,404112,399399,Bureau / Entreprise,1.59,2.42,Meknès,50000,33.88754578365252,-5.553257749989932
1957117,6.53,0015-05-11 11:41:36,0015-05-11 15:49:06,11,15,4.125,Lundi,ios,3.1554692,19555569,758780,399399,Bureau / Entreprise,3.09,20.18,Agadir,80000,30.431378419878495,-9.621191229296288
8845048,3.64,0015-05-12 11:56:15,0015-05-12 15:45:07,11,15,3.814444444,Mardi,ios,3.1554692,19555569,758780,399399,Bureau / Entreprise,2.09,7.61,Agadir,80000,30.407114414755846,-9.575103583914427
6838969,3.7,0015-05-13 12:18:48,0015-05-13 15:44:05,12,15,3.421388889,Mercredi,ios,3.1554692,19555569,758780,399399,Bureau / Entreprise,2.25,8.33,Agadir,80000,30.408715687829716,-9.60321046066872
1609567,2.31,0015-05-14 16:34:48,0015-05-14 18:15:07,16,18,1.671944444,Jeudi,ios,2.9243084,19555569,632920,461655,Parking public,1.79,4.13,Rabat,10000,34.04260713726081,-6.848363535314509
2591573,2.31,0015-05-15 12:37:05,0015-05-15 15:47:07,12,15,3.167222222,Vendredi,ios,3.1554692,19555569,758780,399399,Bureau / Entreprise,2.56,5.91,Agadir,80000,30.45456692772802,-9.588518583624172
3519738,1.78,0015-05-18 14:05:36,0015-05-18 15:47:06,14,15,1.691666667,Lundi,ios,3.1554692,19555569,758780,399399,Bureau / Entreprise,2.63,4.68,Agadir,80000,30.420198558976786,-9.601577994744133
8950369,4.23,0015-06-05 16:33:11,0015-06-05 19:19:05,16,19,2.765,Vendredi,ios,2.9243084,19555569,943765,461655,Parking public,3.09,13.07,Agadir,80000,30.414044680388614,-9.58920599187153
8001601,2.81,0015-06-09 12:20:50,0015-06-09 13:40:11,12,13,1.3225,Mardi,ios,3.1554692,19555569,758780,399399,Bureau / Entreprise,1.84,5.17,Agadir,80000,30.436439972594343,-9.624413222592153
7682158,4.97,0015-06-10 12:18:32,0015-06-10 15:42:07,12,15,3.393055556,Mercredi,ios,3.1554692,19555569,758780,399399,Bureau / Entreprise,1.66,8.25,Agadir,80000,30.422324050265885,-9.579276599376668
8716416,6.79,0015-06-11 12:52:08,0015-06-11 16:04:07,12,16,3.199722222,Jeudi,ios,3.1554692,19555569,758780,399399,Bureau / Entreprise,3.24,22.0,Agadir,80000,30.39932318133962,-9.571669762827236
2230641,1.45,0015-06-12 12:00:27,0015-06-12 14:15:11,12,14,2.245555556,Vendredi,ios,3.1554692,19555569,758780,399399,Bureau / Entreprise,2.74,3.97,Agadir,80000,30.407169155841974,-9.589174076830437
4758378,6.66,0015-06-22 13:20:58,0015-06-22 16:28:06,13,16,3.118888889,Lundi,ios,2.9243084,19555569,632920,461655,Parking public,1.98,13.19,Rabat,10000,34.03385833373084,-6.814326044268471
1797414,6.6,0015-06-24 12:30:03,0015-06-24 16:42:14,12,16,4.203055556,Mercredi,ios,3.1554692,19555569,758780,399399,Bureau / Entreprise,3.33,21.98,Agadir,80000,30.437335436514612,-9.619014061137802
2458241,3.8,0015-06-25 13:14:53,0015-06-25 16:07:05,13,16,2.87,Jeudi,ios,3.1554692,19555569,758780,399399,Bureau / Entreprise,1.79,6.8,Agadir,80000,30.399425759550212,-9.59945502863118
8836643,6.71,0015-07-06 16:37:29,0015-07-06 20:14:06,16,20,3.610277778,Lundi,ios,2.9243084,19555569,632920,461655,Parking public,2.42,16.24,Rabat,10000,34.004218329715975,-6.835491595963273
4498101,6.41,0015-07-08 17:13:47,0015-07-08 19:20:07,17,19,2.105555556,Mercredi,ios,3.1554692,19555569,404112,399399,Bureau / Entreprise,2.01,12.88,Meknès,50000,33.87736448779529,-5.542395801154728
9043357,4.94,0015-07-13 15:37:22,0015-07-13 18:20:12,15,18,2.713888889,Lundi,ios,3.1554692,19555569,404112,399399,Bureau / Entreprise,2.01,9.93,Meknès,50000,33.90381356461592,-5.553212293254657
6920453,6.54,0015-07-15 12:26:57,0015-07-15 15:40:07,12,15,3.219444444,Mercredi,ios,2.9243084,19555569,632920,461655,Parking public,1.52,9.94,Rabat,10000,33.99208263226526,-6.851314935438024
7063831,2.04,0015-07-16 12:21:26,0015-07-16 15:52:07,12,15,3.511388889,Jeudi,ios,2.9243084,19555569,632920,461655,Parking public,3.11,6.34,Rabat,10000,33.99714651491907,-6.863990558646974
5142750,6.5,0015-07-17 12:16:13,0015-07-17 15:38:06,12,15,3.364722222,Vendredi,ios,2.9243084,19555569,632920,461655,Parking public,3.3,21.45,Rabat,10000,34.03889496512239,-6.848095452966263
4248896,3.16,0015-07-20 12:54:01,0015-07-20 15:18:06,12,15,2.401388889,Lundi,ios,2.9243084,19555569,632920,461655,Parking public,2.86,9.04,Rabat,10000,34.00161267972326,-6.8618403510936705
5029552,0.93,0015-07-21 12:05:23,0015-07-21 15:38:06,12,15,3.545277778,Mardi,ios,2.9243084,19555569,632920,461655,Parking public,1.82,1.69,Rabat,10000,34.03006476647111,-6.827538059410466
4151352,6.51,0015-07-22 12:21:45,0015-07-22 15:29:05,12,15,3.122222222,Mercredi,ios,2.9243084,19555569,632920,461655,Parking public,2.38,15.49,Rabat,10000,34.0051909668628,-6.8590701438703245
3643530,2.02,0015-07-24 12:13:29,0015-07-24 15:28:13,12,15,3.245555556,Vendredi,ios,2.9243084,19555569,632920,461655,Parking public,2.19,4.42,Rabat,10000,33.99686648356556,-6.868086081682928
8043707,6.76,0015-07-28 16:27:20,0015-07-28 19:52:10,16,19,3.413888889,Mardi,ios,2.9243084,19555569,943765,461655,Parking public,2.68,18.12,Agadir,80000,30.412390331459967,-9.594958031730966
3487896,6.05,0015-07-29 12:18:36,0015-07-29 14:53:07,12,14,2.575277778,Mercredi,ios,2.9243084,19555569,632920,461655,Parking public,2.78,16.82,Rabat,10000,34.03423601591134,-6.835886216036836
1148980,5.91,0015-07-29 17:52:39,0015-07-29 20:34:09,17,20,2.691666667,Mercredi,ios,2.9243084,19555569,549414,461655,Parking public,2.35,13.89,Tanger,90000,35.78084178808638,-5.811685216323169
6799802,3.46,0015-07-30 12:19:29,0015-07-30 15:57:07,12,15,3.627222222,Jeudi,ios,2.9243084,19555569,632920,461655,Parking public,2.0,6.92,Rabat,10000,34.04071319187402,-6.836981103254939
2500257,2.64,0015-07-31 12:49:03,0015-07-31 14:52:11,12,14,2.052222222,Vendredi,ios,3.1554692,19555569,404112,399399,Bureau / Entreprise,3.19,8.42,Meknès,50000,33.88733101177711,-5.556571148776593
7771167,6.48,0015-08-03 12:09:22,0015-08-03 15:34:07,12,15,3.4125,Lundi,ios,2.9243084,19555569,632920,461655,Parking public,1.9,12.31,Rabat,10000,34.03098510819424,-6.82341928710842
9543932,1.82,0015-08-03 16:45:16,0015-08-03 19:58:16,16,19,3.216666667,Lundi,ios,2.9243084,19555569,431796,461655,Parking public,2.27,4.13,Casablanca,20000,33.55539905772495,-7.5873832664087555
9851741,4.73,0015-08-04 19:00:42,0015-08-04 20:31:07,19,20,1.506944444,Mardi,ios,2.9243084,19555569,632920,461655,Parking public,2.47,11.68,Rabat,10000,34.00848886381566,-6.866843182922128
4852971,3.69,0015-08-05 12:18:20,0015-08-05 15:35:08,12,15,3.28,Mercredi,ios,2.9243084,19555569,632920,461655,Parking public,1.97,7.27,Rabat,10000,34.044680149111265,-6.837648966381205
6431779,3.82,0015-08-06 13:53:58,0015-08-06 15:47:07,13,15,1.885833333,Jeudi,ios,2.9243084,19555569,632920,461655,Parking public,2.64,10.08,Rabat,10000,33.991680115410645,-6.8171188872747
7870286,4.03,0015-08-07 12:05:16,0015-08-07 15:02:08,12,15,2.947777778,Vendredi,ios,2.9243084,19555569,632920,461655,Parking public,2.65,10.68,Rabat,10000,33.99603051185127,-6.847821242470107
3934620,0.67,0015-08-11 17:20:42,0015-08-11 17:35:09,17,17,0.240833333,Mardi,ios,3.1554692,19555569,758780,399399,Bureau / Entreprise,3.49,2.34,Agadir,80000,30.410273175308763,-9.610320451886013
6946940,2.11,0015-08-14 18:04:38,0015-08-14 18:47:06,18,18,0.707777778,Vendredi,ios,3.1554692,19555569,758780,399399,Bureau / Entreprise,2.09,4.41,Agadir,80000,30.39939193223243,-9.61949183257892
2850132,5.11,0015-08-14 18:55:52,0015-08-14 20:36:06,18,20,1.670555556,Vendredi,ios,2.9243084,19555569,943765,461655,Parking public,3.46,17.68,Agadir,80000,30.40868612610539,-9.61901326868388
1800956,1.99,0015-08-17 17:02:01,0015-08-17 21:03:06,17,21,4.018055556,Lundi,ios,2.9243084,19555569,632920,461655,Parking public,2.82,5.61,Rabat,10000,34.02588249365818,-6.845633710939491
5134843,3.94,0015-08-18 12:21:01,0015-08-18 15:24:07,12,15,3.051666667,Mardi,ios,2.9243084,19555569,632920,461655,Parking public,2.05,8.08,Rabat,10000,34.01618547303555,-6.835859210550308
1371649,3.52,0015-08-19 14:19:22,0015-08-19 15:37:07,14,15,1.295833333,Mercredi,ios,2.9243084,19555569,632920,461655,Parking public,2.63,9.26,Rabat,10000,34.04446030266462,-6.866763075689824
2743739,4.82,0015-08-26 16:19:38,0015-08-26 19:37:06,16,19,3.291111111,Mercredi,ios,3.1554692,19555569,758780,399399,Bureau / Entreprise,2.87,13.83,Agadir,80000,30.44684661370431,-9.571725884658491
9558899,4.08,0015-09-03 17:06:42,0015-09-03 20:30:11,17,20,3.391388889,Jeudi,ios,3.1554692,19555569,758780,399399,Bureau / Entreprise,2.99,12.2,Agadir,80000,30.418309041101875,-9.582791982953289
4518580,6.72,0015-09-04 13:43:27,0015-09-04 19:34:08,13,19,5.844722222,Vendredi,ios,3.1554692,19555569,758780,399399,Bureau / Entreprise,1.6,10.75,Agadir,80000,30.41336540600588,-9.59290256490298
5473938,6.68,0015-09-08 14:14:27,0015-09-08 16:52:07,14,16,2.627777778,Mardi,ios,3.1554692,19555569,758780,399399,Bureau / Entreprise,2.71,18.1,Agadir,80000,30.420581544490037,-9.57839367974366
8465242,4.15,0015-09-09 14:34:59,0015-09-09 16:08:10,14,16,1.553055556,Mercredi,ios,3.1554692,19555569,758780,399399,Bureau / Entreprise,2.49,10.33,Agadir,80000,30.43321769655089,-9.623288794591273
5467486,7.36,0015-09-11 17:18:13,0015-09-11 20:09:12,17,20,2.849722222,Vendredi,ios,3.1554692,19555569,758780,399399,Bureau / Entreprise,3.31,24.36,Agadir,80000,30.413883818449374,-9.599489667336012
3314093,2.45,0015-09-15 18:46:13,0015-09-15 20:24:08,18,20,1.631944444,Mardi,ios,2.9243084,19555569,943765,461655,Parking public,2.07,5.07,Agadir,80000,30.43524893447095,-9.590294412388301
2013313,6.47,0015-09-21 12:33:39,0015-09-21 15:55:09,12,15,3.358333333,Lundi,ios,3.1554692,19555569,758780,399399,Bureau / Entreprise,3.1,20.06,Agadir,80000,30.422364699131474,-9.578380825632903
3493741,6.37,0015-09-21 19:15:47,0015-09-21 22:28:07,19,22,3.205555556,Lundi,ios,3.1554692,19555569,404112,399399,Bureau / Entreprise,2.71,17.26,Meknès,50000,33.89662283085112,-5.530291826397044
2175508,5.26,0015-09-23 12:35:25,0015-09-23 15:35:15,12,15,2.997222222,Mercredi,ios,3.1554692,19555569,758780,399399,Bureau / Entreprise,2.2,11.57,Agadir,80000,30.42396759174812,-9.611475845017196
9747169,4.42,0015-09-23 16:59:36,0015-09-23 19:50:10,16,19,2.842777778,Mercredi,ios,3.1554692,19555569,758780,399399,Bureau / Entreprise,2.77,12.24,Agadir,80000,30.415467945572516,-9.571647189826448
3906854,4.47,0015-09-28 12:36:23,0015-09-28 14:55:10,12,14,2.313055556,Lundi,ios,3.1554692,19555569,758780,399399,Bureau / Entreprise,2.74,12.25,Agadir,80000,30.45470719841773,-9.620639249514149
3628825,3.47,0015-09-28 20:15:03,0015-09-28 21:23:06,20,21,1.134166667,Lundi,ios,3.1554692,19555569,758780,399399,Bureau / Entreprise,2.86,9.92,Agadir,80000,30.443616347649588,-9.575591982882731
6002878,19.79,0015-03-09 01:32:48,0015-03-09 04:45:12,1,4,3.206666667,Lundi,android,,78908148,730023,878393,Université / Campus,2.94,58.18,Casablanca,20000,33.551506790545986,-7.561543585023723
3627380,16.88,0015-04-13 00:54:12,0015-04-13 03:26:05,0,3,2.531388889,Lundi,android,,78908148,730023,878393,Université / Campus,2.82,47.6,Casablanca,20000,33.595208078553874,-7.609170788606643
2345110,19.6,0015-04-17 16:20:47,0015-04-17 20:01:05,16,20,3.671666667,Vendredi,android,,78908148,929628,751082,Centre commercial,3.18,62.33,Tanger,90000,35.75874587189497,-5.8206760361477725
8530317,9.62,0015-04-24 22:11:47,0015-04-24 23:53:07,22,23,1.688888889,Vendredi,android,,78908148,929628,751082,Centre commercial,2.76,26.55,Tanger,90000,35.78317313361365,-5.861582868873319
2105829,8.83,0015-04-26 18:03:47,0015-04-26 19:35:10,18,19,1.523055556,Dimanche,android,,78908148,875343,747048,Université / Campus,3.31,29.23,Marrakech,40000,31.647491315356838,-7.9867746304916505
3007055,15.52,0015-05-01 22:51:59,0015-05-02 01:34:05,22,1,2.701666667,Vendredi,android,,78908148,929628,751082,Centre commercial,2.79,43.3,Tanger,90000,35.755012810268155,-5.833023002048139
5766631,16.12,0015-05-08 17:02:17,0015-05-08 19:49:07,17,19,2.780555556,Vendredi,android,,78908148,863084,751082,Centre commercial,2.12,34.17,Rabat,10000,33.9922481584992,-6.836761286445421
7091950,11.86,0015-05-10 06:58:28,0015-05-10 08:57:06,6,8,1.977222222,Dimanche,android,,78908148,875343,747048,Université / Campus,2.38,28.23,Marrakech,40000,31.615620641563098,-7.954943765105086
9403374,20.55,0015-05-13 16:34:08,0015-05-13 20:14:06,16,20,3.666111111,Mercredi,android,,78908148,929628,751082,Centre commercial,2.66,54.66,Tanger,90000,35.761998052879655,-5.823664958762348
3164433,17.25,0015-05-16 17:59:52,0015-05-16 20:38:05,17,20,2.636944444,Samedi,android,,78908148,730023,878393,Université / Campus,2.96,51.06,Casablanca,20000,33.58110869318956,-7.590923322926846
5533528,6.73,0015-05-26 21:49:17,0015-05-26 22:59:06,21,22,1.163611111,Mardi,android,,78908148,929628,751082,Centre commercial,1.68,11.31,Tanger,90000,35.74497326112599,-5.815419497824046
9025610,22.03,0015-05-29 16:55:35,0015-05-29 20:54:06,16,20,3.975277778,Vendredi,android,,78908148,863084,751082,Centre commercial,2.09,46.04,Rabat,10000,33.999261364444365,-6.814568030742735
8351543,20.92,0015-06-04 16:39:13,0015-06-04 20:25:12,16,20,3.766388889,Jeudi,android,,78908148,929628,751082,Centre commercial,2.99,62.55,Tanger,90000,35.77959581420796,-5.862676031079062
6373087,18.35,0015-06-06 05:42:57,0015-06-06 08:33:05,5,8,2.835555556,Samedi,android,,78908148,730023,878393,Université / Campus,1.85,33.95,Casablanca,20000,33.60216413084221,-7.560848723664638
2237194,12.83,0015-06-09 00:29:07,0015-06-09 02:29:05,0,2,1.999444444,Mardi,android,,78908148,730023,878393,Université / Campus,1.76,22.58,Casablanca,20000,33.574641410938156,-7.61463207165618
3241295,17.65,0015-06-11 16:05:06,0015-06-11 19:58:06,16,19,3.883333333,Jeudi,android,,78908148,863084,751082,Centre commercial,2.58,45.54,Rabat,10000,34.0012007571509,-6.822736793243874
9443480,18.7,0015-07-05 03:47:59,0015-07-05 06:45:11,3,6,2.953333333,Dimanche,android,,78908148,730023,878393,Université / Campus,3.44,64.33,Casablanca,20000,33.55943843959116,-7.602979914846916
7014331,8.29,0015-07-05 21:12:39,0015-07-05 22:28:05,21,22,1.257222222,Dimanche,android,,78908148,730023,878393,Université / Campus,2.56,21.22,Casablanca,20000,33.544203440592845,-7.611869220534768
2985212,16.31,0015-07-07 16:49:49,0015-07-07 19:51:06,16,19,3.021388889,Mardi,android,,78908148,932939,868085,Parking public,3.33,54.31,Casablanca,20000,33.597957928393626,-7.59340866161717
4519586,4.17,0015-07-10 16:46:21,0015-07-10 17:47:05,16,17,1.012222222,Vendredi,android,,78908148,489543,868085,Parking public,3.16,13.18,Casablanca,20000,33.550165064973406,-7.581162605233144
6746115,11.59,0015-07-11 04:42:02,0015-07-11 06:29:05,4,6,1.784166667,Samedi,android,,78908148,730023,878393,Université / Campus,2.01,23.3,Casablanca,20000,33.577690988530854,-7.5969428892985915
3945976,19.96,0015-07-14 11:56:48,0015-07-14 15:33:04,11,15,3.604444444,Mardi,android,,78908148,932939,868085,Parking public,3.15,62.87,Casablanca,20000,33.55954331324123,-7.616526075503038
3384224,18.17,0015-07-16 17:25:49,0015-07-16 20:38:09,17,20,3.205555556,Jeudi,android,,78908148,489543,868085,Parking public,2.46,44.7,Casablanca,20000,33.576350680150945,-7.583832331620477
8987344,14.02,0015-07-20 19:00:34,0015-07-20 21:07:06,19,21,2.108888889,Lundi,android,,78908148,265601,878393,Université / Campus,3.11,43.6,Marrakech,40000,31.638585223301114,-7.956955803433359
7280874,20.2,0015-07-21 13:37:07,0015-07-21 17:06:05,13,17,3.482777778,Mardi,android,,78908148,995505,868085,Parking public,2.99,60.4,Marrakech,40000,31.649284508222433,-7.988107078043164
8920343,20.06,0015-07-27 04:31:16,0015-07-27 07:32:15,4,7,3.016388889,Lundi,android,,78908148,730023,878393,Université / Campus,2.18,43.73,Casablanca,20000,33.55548527630563,-7.60682003334215
5658049,21.16,0015-07-29 18:08:53,0015-07-29 21:56:06,18,21,3.786944444,Mercredi,android,,78908148,995505,868085,Parking public,1.73,36.61,Marrakech,40000,31.60015974971951,-7.984545359244031
8601621,2.87,0015-07-31 20:10:50,0015-07-31 21:04:05,20,21,0.8875,Vendredi,android,,78908148,664306,868085,Parking public,3.43,9.84,Agadir,80000,30.40601313780413,-9.625198237337074
3738844,22.14,0015-08-01 05:29:02,0015-08-01 09:00:08,5,9,3.518333333,Samedi,android,,78908148,730023,878393,Université / Campus,1.78,39.41,Casablanca,20000,33.597101118510885,-7.570570744931183
5172247,19.47,0015-08-05 12:07:15,0015-08-05 15:27:07,12,15,3.331111111,Mercredi,android,,78908148,664306,868085,Parking public,3.43,66.78,Agadir,80000,30.45023340465375,-9.578519551342989
6410992,11.33,0015-08-09 04:49:11,0015-08-09 06:35:08,4,6,1.765833333,Dimanche,android,,78908148,730023,878393,Université / Campus,3.22,36.48,Casablanca,20000,33.578944786130215,-7.584519972194222
3798253,17.9,0015-08-12 19:35:03,0015-08-12 22:33:07,19,22,2.967777778,Mercredi,android,,78908148,664306,868085,Parking public,2.95,52.8,Agadir,80000,30.43383101162602,-9.606913826663698
4718933,10.47,0015-08-14 17:11:10,0015-08-14 19:12:08,17,19,2.016111111,Vendredi,android,,78908148,995505,868085,Parking public,3.46,36.23,Marrakech,40000,31.639402200472777,-7.963112998133252
5991072,18.15,0015-08-15 23:43:07,0015-08-16 02:24:05,23,2,2.682777778,Samedi,android,,78908148,730023,878393,Université / Campus,3.43,62.25,Casablanca,20000,33.553622276717405,-7.586518778512699
1282283,20.24,0015-08-20 12:52:07,0015-08-20 16:22:06,12,16,3.499722222,Jeudi,android,,78908148,638536,868085,Parking public,3.11,62.95,Meknès,50000,33.9183647167555,-5.527744061486999
5533488,3.92,0015-08-21 20:28:07,0015-08-21 22:02:07,20,22,1.566666667,Vendredi,android,,78908148,664306,868085,Parking public,2.23,8.74,Agadir,80000,30.422926231493527,-9.59021247244502
2124425,20.37,0015-08-23 01:48:21,0015-08-23 04:58:06,1,4,3.1625,Dimanche,android,,78908148,730023,878393,Université / Campus,3.08,62.74,Casablanca,20000,33.56608831169497,-7.572735671607233
9130727,17.8,0015-08-25 12:25:38,0015-08-25 15:39:05,12,15,3.224166667,Mardi,android,,78908148,569886,868085,Parking public,1.53,27.23,Rabat,10000,34.02203506231697,-6.835686220406934
6900922,3.92,0015-08-28 20:48:27,0015-08-28 21:44:08,20,21,0.928055556,Vendredi,android,,78908148,664306,868085,Parking public,2.57,10.07,Agadir,80000,30.400617958006503,-9.603251535907061
8020746,12.91,0015-08-30 03:44:39,0015-08-30 05:43:07,3,5,1.974444444,Dimanche,android,,78908148,730023,878393,Université / Campus,2.41,31.11,Casablanca,20000,33.55307700212536,-7.562323248404432
5240328,4.54,0015-09-02 00:47:27,0015-09-02 01:30:10,0,1,0.711944444,Mercredi,android,,78908148,730023,878393,Université / Campus,2.85,12.94,Casablanca,20000,33.58738201698558,-7.58733317050727
2682332,22.07,0015-09-02 13:43:27,0015-09-02 17:38:10,13,17,3.911944444,Mercredi,android,,78908148,995505,868085,Parking public,2.84,62.68,Marrakech,40000,31.604467920075507,-7.974794628887567
9676846,5.26,0015-09-04 20:45:20,0015-09-04 21:54:06,20,21,1.146111111,Vendredi,android,,78908148,569886,868085,Parking public,2.67,14.04,Rabat,10000,34.02708912656798,-6.858370741635115
2473111,21.14,0015-09-09 13:59:02,0015-09-09 18:28:11,13,18,4.485833333,Mercredi,android,,78908148,932939,868085,Parking public,3.14,66.38,Casablanca,20000,33.557820946580875,-7.582260952634364
1188651,4.59,0015-09-11 20:42:07,0015-09-11 21:41:08,20,21,0.983611111,Vendredi,android,,78908148,664306,868085,Parking public,3.38,15.51,Agadir,80000,30.42115773684252,-9.593803541031024
7635846,20.37,0015-09-12 16:41:58,0015-09-12 19:56:08,16,19,3.236111111,Samedi,android,,78908148,730023,878393,Université / Campus,1.72,35.04,Casablanca,20000,33.56042162420624,-7.608709696123179
7088986,18.42,0015-09-15 13:33:57,0015-09-15 16:58:06,13,16,3.4025,Mardi,android,,78908148,932939,868085,Parking public,1.97,36.29,Casablanca,20000,33.564440362987895,-7.616224774158812
3818216,9.02,0015-09-18 21:18:29,0015-09-18 22:55:20,21,22,1.614166667,Vendredi,android,,78908148,569886,868085,Parking public,1.55,13.98,Rabat,10000,34.03404275431105,-6.835338440817114
7302059,11.93,0015-09-20 04:24:14,0015-09-20 06:13:08,4,6,1.815,Dimanche,android,,78908148,730023,878393,Université / Campus,3.27,39.01,Casablanca,20000,33.56092730293739,-7.573978463838981
4502998,20.6,0015-09-23 16:05:59,0015-09-23 19:43:06,16,19,3.618611111,Mercredi,android,,78908148,664306,868085,Parking public,2.62,53.97,Agadir,80000,30.431784278417815,-9.59669591774468
1785859,6.56,0015-09-25 17:49:14,0015-09-25 19:10:10,17,19,1.348888889,Vendredi,android,,78908148,489543,868085,Parking public,3.33,21.84,Casablanca,20000,33.571663024131944,-7.606193642480822
4254473,10.63,0015-09-27 01:27:04,0015-09-27 03:03:06,1,3,1.600555556,Dimanche,android,,78908148,730023,878393,Université / Campus,1.94,20.62,Casablanca,20000,33.58292026992176,-7.5798086813984185
4473237,21.2,0015-09-30 16:52:49,0015-09-30 20:42:06,16,20,3.821388889,Mercredi,android,,78908148,664306,868085,Parking public,1.63,34.56,Agadir,80000,30.454009784359485,-9.623293656403424
4926737,23.68,0015-10-03 07:18:43,0015-10-03 11:25:07,7,11,4.106666667,Samedi,android,,78908148,730023,878393,Université / Campus,3.15,74.59,Casablanca,20000,33.58705432583261,-7.593289977711883
5523637,6.77,0015-01-28 20:05:28,0015-01-28 23:27:05,20,23,3.360277778,Mercredi,ios,32.0648614,36768303,355208,976902,Parking public,3.32,22.48,Casablanca,20000,33.555996422715445,-7.609997994496095
3652619,1.51,0015-06-03 22:10:35,0015-06-03 22:40:08,22,22,0.4925,Mercredi,ios,18.651321,72512154,987396,978130,Bureau / Entreprise,2.1,3.17,Marrakech,40000,31.601370988103678,-8.000032456936406
7558702,6.44,0015-08-05 16:28:59,0015-08-05 20:24:06,16,20,3.918611111,Mercredi,ios,18.651321,72512154,987396,978130,Bureau / Entreprise,2.32,14.94,Marrakech,40000,31.615235842657988,-7.998962363050508
6757331,1.32,0015-09-02 17:34:06,0015-09-02 19:12:10,17,19,1.634444444,Mercredi,ios,21.1319498,72512154,981639,572514,Parking public,1.78,2.35,Oujda,60000,34.69240467584202,-1.9181975765773613
7097415,5.58,0015-09-10 14:09:19,0015-09-10 16:10:09,14,16,2.013888889,Jeudi,ios,18.4630368,72512154,540225,648339,Bureau / Entreprise,3.39,18.92,Agadir,80000,30.400885548809057,-9.625030987662777
5652471,3.87,0015-09-11 18:46:11,0015-09-11 19:59:07,18,19,1.215555556,Vendredi,ios,18.4630368,72512154,540225,648339,Bureau / Entreprise,2.11,8.17,Agadir,80000,30.427581974832076,-9.604232393544255
8716731,0.19,0015-09-28 17:28:26,0015-09-28 21:19:06,17,21,3.844444444,Lundi,ios,18.4630368,72512154,587514,648339,Bureau / Entreprise,2.49,0.47,Agadir,80000,30.433610570935013,-9.597397553173119
3391396,5.78,0015-09-29 13:49:40,0015-09-29 17:08:06,13,17,3.307222222,Mardi,ios,18.4630368,72512154,914907,648339,Bureau / Entreprise,1.69,9.77,Tanger,90000,35.74955463344902,-5.83500234290202
3679640,0.78,0015-09-29 17:09:15,0015-09-29 21:18:08,17,21,4.148055556,Mardi,ios,18.4630368,72512154,914907,648339,Bureau / Entreprise,3.27,2.55,Tanger,90000,35.775754732224755,-5.841032953975817
4496022,6.19,0015-09-30 13:26:05,0015-09-30 18:08:08,13,18,4.700833333,Mercredi,ios,18.4630368,72512154,884707,648339,Bureau / Entreprise,1.77,10.96,Marrakech,40000,31.605895895188027,-7.960751203515755
9979636,0.52,0015-10-01 16:14:27,0015-10-01 16:25:10,16,16,0.178611111,Jeudi,ios,18.4630368,72512154,540225,648339,Bureau / Entreprise,2.41,1.25,Agadir,80000,30.40230826690415,-9.619380398454771
7654906,6.45,0015-10-01 16:53:16,0015-10-01 20:34:06,16,20,3.680555556,Jeudi,ios,18.4630368,72512154,914907,648339,Bureau / Entreprise,2.84,18.32,Tanger,90000,35.77319132537222,-5.8336581953731175
4563263,6.49,0015-01-27 17:06:54,0015-01-27 19:38:04,17,19,2.519444444,Mardi,ios,17.6887724,37392894,237105,948590,Centre commercial,2.99,19.41,Oujda,60000,34.68642947897237,-1.9376775149826067
6423366,6.51,0015-01-29 16:47:11,0015-01-29 18:57:11,16,18,2.166666667,Jeudi,ios,17.6887724,37392894,237105,948590,Centre commercial,3.39,22.07,Oujda,60000,34.69800414378567,-1.9371306592673254
4309791,8.7,0015-02-12 12:41:57,0015-02-12 20:58:05,12,20,8.268888889,Jeudi,ios,17.6887724,37392894,237105,948590,Centre commercial,2.34,20.36,Oujda,60000,34.68278964031623,-1.9069680490193741
2953411,7.8,0015-02-16 20:52:54,0015-02-16 21:03:05,20,21,0.169722222,Lundi,ios,17.6887724,37392894,237105,948590,Centre commercial,2.98,23.24,Oujda,60000,34.67148412199435,-1.9074388945067307
7377023,8.31,0015-02-17 18:16:28,0015-02-17 21:19:06,18,21,3.043888889,Mardi,ios,17.6887724,37392894,575971,948590,Centre commercial,1.81,15.04,Rabat,10000,34.04004613906045,-6.818917989229332
7575781,6.17,0015-03-04 19:33:51,0015-03-04 21:32:06,19,21,1.970833333,Mercredi,ios,17.6887724,37392894,575971,948590,Centre commercial,2.33,14.38,Rabat,10000,34.03886495273814,-6.838127579460395
5990347,6.56,0015-03-09 11:48:47,0015-03-09 15:59:05,11,15,4.171666667,Lundi,ios,17.6887724,37392894,237105,948590,Centre commercial,1.7,11.15,Oujda,60000,34.69838178825127,-1.883812538775709
8423405,6.63,0015-03-10 16:08:36,0015-03-10 18:37:05,16,18,2.474722222,Mardi,ios,17.6887724,37392894,575971,948590,Centre commercial,2.48,16.44,Rabat,10000,34.0072287082338,-6.868678309096004
8629284,7.08,0015-03-13 17:00:49,0015-03-13 19:37:05,17,19,2.604444444,Vendredi,ios,17.6887724,37392894,237105,948590,Centre commercial,2.32,16.43,Oujda,60000,34.69211384001215,-1.9355195389131554
5091921,6.53,0015-04-02 15:48:25,0015-04-02 17:58:05,15,17,2.161111111,Jeudi,ios,17.6887724,37392894,575971,948590,Centre commercial,3.4,22.2,Rabat,10000,34.0125584338164,-6.868956048305777
1370205,6.48,0015-04-17 15:37:20,0015-04-17 19:35:08,15,19,3.963333333,Vendredi,ios,17.6887724,37392894,237105,948590,Centre commercial,1.57,10.17,Oujda,60000,34.6621949243996,-1.9302833889799875
4324972,6.63,0015-05-11 15:30:50,0015-05-11 18:33:06,15,18,3.037777778,Lundi,ios,17.6887724,37392894,237105,948590,Centre commercial,2.24,14.85,Oujda,60000,34.711738814527735,-1.9089237933434993
8494503,6.64,0015-05-21 15:52:51,0015-05-21 19:39:06,15,19,3.770833333,Jeudi,ios,17.6887724,37392894,575971,948590,Centre commercial,2.39,15.87,Rabat,10000,33.999109117855134,-6.832865669114354
2988470,7.39,0015-05-27 17:00:51,0015-05-27 20:14:07,17,20,3.221111111,Mercredi,ios,17.6887724,37392894,237105,948590,Centre commercial,3.4,25.13,Oujda,60000,34.71371424122925,-1.9386648905230799
6167497,6.64,0015-06-12 15:40:41,0015-06-12 18:32:04,15,18,2.856388889,Vendredi,ios,17.6887724,37392894,575971,948590,Centre commercial,3.21,21.31,Rabat,10000,34.017660346377475,-6.814841746609264
9144008,5.36,0015-07-20 18:26:21,0015-07-20 20:11:07,18,20,1.746111111,Lundi,ios,17.6887724,37392894,237105,948590,Centre commercial,1.7,9.11,Oujda,60000,34.66780797573032,-1.8908700774009772
1259418,6.77,0015-07-24 15:49:45,0015-07-24 18:25:13,15,18,2.591111111,Vendredi,ios,17.6887724,37392894,237105,948590,Centre commercial,2.87,19.43,Oujda,60000,34.6892140568427,-1.9236032510705745
5650127,7.12,0015-08-27 15:52:01,0015-08-27 20:13:06,15,20,4.351388889,Jeudi,ios,17.6887724,37392894,237105,948590,Centre commercial,2.59,18.44,Oujda,60000,34.70907675015258,-1.936768748186412
4452828,5.27,0015-09-23 18:39:44,0015-09-23 20:31:08,18,20,1.856666667,Mercredi,ios,18.558111,37392894,507660,202527,Parking public,3.46,18.23,Meknès,50000,33.90743349318458,-5.567106775606857
5961736,7.06,0015-02-13 18:22:01,0015-02-13 21:49:04,18,21,3.450833333,Vendredi,android,,37412595,568071,144857,Bureau / Entreprise,2.22,15.67,Meknès,50000,33.91189366887169,-5.569683335174702
5462506,6.72,0015-02-18 18:28:32,0015-02-18 21:38:04,18,21,3.158888889,Mercredi,android,,37412595,517464,144857,Bureau / Entreprise,2.3,15.46,Oujda,60000,34.696227002002644,-1.9340029732420632
2839306,6.91,0015-02-23 14:45:56,0015-02-23 17:52:05,14,17,3.1025,Lundi,android,,37412595,891421,144857,Bureau / Entreprise,1.88,12.99,Rabat,10000,34.03243659387107,-6.840486298680056
5229883,6.75,0015-02-24 19:48:27,0015-02-24 22:03:05,19,22,2.243888889,Mardi,android,,37412595,572249,144857,Bureau / Entreprise,1.74,11.74,Casablanca,20000,33.59405173909391,-7.605049153450397
8441796,7.31,0015-03-03 18:43:44,0015-03-03 21:25:07,18,21,2.689722222,Mardi,android,,37412595,951880,144857,Bureau / Entreprise,3.2,23.39,Rabat,10000,34.00588008053155,-6.850111617008251
1667840,6.87,0015-03-04 14:48:04,0015-03-04 17:29:05,14,17,2.683611111,Mercredi,android,,37412595,517464,144857,Bureau / Entreprise,2.41,16.56,Oujda,60000,34.68606549781859,-1.8820296799969407
9241199,4.99,0015-03-06 19:46:45,0015-03-06 21:27:04,19,21,1.671944444,Vendredi,android,,37412595,891421,144857,Bureau / Entreprise,2.83,14.12,Rabat,10000,34.004172566509176,-6.830541145064479
1176746,6.25,0015-03-09 12:43:36,0015-03-09 16:50:11,12,16,4.109722222,Lundi,android,,37412595,568071,144857,Bureau / Entreprise,2.78,17.38,Meknès,50000,33.922760080479804,-5.52036115997718
5598631,6.48,0015-03-10 12:17:31,0015-03-10 15:38:05,12,15,3.342777778,Mardi,android,,37412595,517464,144857,Bureau / Entreprise,2.69,17.43,Oujda,60000,34.7133435603812,-1.932846606698013
3789801,7.35,0015-03-11 17:25:53,0015-03-11 21:09:05,17,21,3.72,Mercredi,android,,37412595,572249,144857,Bureau / Entreprise,1.54,11.32,Casablanca,20000,33.54546560868211,-7.596871631510046
9604154,6.94,0015-03-13 17:36:34,0015-03-13 21:12:04,17,21,3.591666667,Vendredi,android,,37412595,517464,144857,Bureau / Entreprise,3.07,21.31,Oujda,60000,34.69903451035094,-1.9081160918030586
8055607,5.69,0015-03-16 17:54:57,0015-03-16 20:37:05,17,20,2.702222222,Lundi,android,,37412595,891421,144857,Bureau / Entreprise,1.99,11.32,Rabat,10000,34.04641489904494,-6.866994516286676
6401143,6.73,0015-03-17 17:36:15,0015-03-17 20:33:05,17,20,2.947222222,Mardi,android,,37412595,891421,144857,Bureau / Entreprise,1.75,11.78,Rabat,10000,34.001734520707636,-6.871348753382322
4994078,2.06,0015-03-18 19:57:33,0015-03-18 20:39:05,19,20,0.692222222,Mercredi,android,,37412595,517464,144857,Bureau / Entreprise,2.63,5.42,Oujda,60000,34.69077671383316,-1.901173939972185
9893223,6.68,0015-03-19 17:22:16,0015-03-19 20:32:05,17,20,3.163611111,Jeudi,android,,37412595,568071,144857,Bureau / Entreprise,1.64,10.96,Meknès,50000,33.91842929785528,-5.538790828991914
7373911,6.66,0015-03-20 13:50:53,0015-03-20 16:08:05,13,16,2.286666667,Vendredi,android,,37412595,891421,144857,Bureau / Entreprise,3.03,20.18,Rabat,10000,33.992936758715146,-6.846952671400023
4192050,6.88,0015-03-23 17:38:30,0015-03-23 20:06:05,17,20,2.459722222,Lundi,android,,37412595,891421,144857,Bureau / Entreprise,1.91,13.14,Rabat,10000,34.032745216034805,-6.8422213554380775
2738120,0.0,0015-03-24 18:55:12,0015-03-24 18:57:05,18,18,0.031388889,Mardi,android,,37412595,891421,144857,Bureau / Entreprise,1.93,0.0,Rabat,10000,34.00874094044235,-6.846673419964474
6453245,6.82,0015-03-25 13:31:05,0015-03-25 15:58:05,13,15,2.45,Mercredi,android,,37412595,568071,144857,Bureau / Entreprise,3.24,22.1,Meknès,50000,33.918963771722595,-5.575859697309307
3527730,0.0,0015-03-26 15:12:02,0015-03-26 15:13:05,15,15,0.0175,Jeudi,android,,37412595,568071,144857,Bureau / Entreprise,2.16,0.0,Meknès,50000,33.92176349470993,-5.5571777036269525
2259811,6.92,0015-03-27 14:26:00,0015-03-27 16:50:07,14,16,2.401944444,Vendredi,android,,37412595,572249,144857,Bureau / Entreprise,1.8,12.46,Casablanca,20000,33.599755989346804,-7.609175064676163
6101489,6.53,0015-03-30 18:39:15,0015-03-30 20:58:05,18,20,2.313888889,Lundi,android,,37412595,951880,144857,Bureau / Entreprise,3.3,21.55,Rabat,10000,34.01935285299945,-6.865694548653917
4707040,5.77,0015-03-31 15:05:43,0015-03-31 17:02:05,15,17,1.939444444,Mardi,android,,37412595,568071,144857,Bureau / Entreprise,1.51,8.71,Meknès,50000,33.91522255905936,-5.519896773966639
4618400,6.36,0015-04-01 17:24:42,0015-04-01 19:37:05,17,19,2.206388889,Mercredi,android,,37412595,572249,144857,Bureau / Entreprise,3.22,20.48,Casablanca,20000,33.5937729639121,-7.58383841649747
9468478,5.91,0015-04-02 17:18:29,0015-04-02 19:22:05,17,19,2.06,Jeudi,android,,37412595,517464,144857,Bureau / Entreprise,1.79,10.58,Oujda,60000,34.675846028394595,-1.8976806229458039
7041650,6.66,0015-04-06 18:29:36,0015-04-06 20:50:15,18,20,2.344166667,Lundi,android,,37412595,568071,144857,Bureau / Entreprise,1.76,11.72,Meknès,50000,33.91323492844904,-5.558378175404033
1937148,6.75,0015-04-08 17:08:02,0015-04-08 20:28:05,17,20,3.334166667,Mercredi,android,,37412595,572249,144857,Bureau / Entreprise,2.0,13.5,Casablanca,20000,33.54532045808293,-7.596211172230359
3773618,5.69,0015-04-10 18:20:30,0015-04-10 20:56:05,18,20,2.593055556,Vendredi,android,,37412595,572249,144857,Bureau / Entreprise,1.85,10.53,Casablanca,20000,33.57887619270892,-7.605584560366197
1525152,5.47,0015-04-13 13:11:51,0015-04-13 17:06:05,13,17,3.903888889,Lundi,android,,37412595,572249,144857,Bureau / Entreprise,2.82,15.43,Casablanca,20000,33.55690053023726,-7.613982059742074
8342268,6.75,0015-04-14 17:49:27,0015-04-14 21:28:05,17,21,3.643888889,Mardi,android,,37412595,568071,144857,Bureau / Entreprise,1.55,10.46,Meknès,50000,33.87073401314664,-5.566558101753505
1702308,4.48,0015-04-15 19:04:30,0015-04-15 20:34:06,19,20,1.493333333,Mercredi,android,,37412595,517464,144857,Bureau / Entreprise,1.53,6.85,Oujda,60000,34.661317192097755,-1.8935491572822107
8119987,5.81,0015-04-16 14:02:14,0015-04-16 16:48:11,14,16,2.765833333,Jeudi,android,,37412595,517464,144857,Bureau / Entreprise,3.08,17.89,Oujda,60000,34.69847732655269,-1.9007472516889734
3338989,4.68,0015-04-17 14:13:43,0015-04-17 17:32:05,14,17,3.306111111,Vendredi,android,,37412595,517464,144857,Bureau / Entreprise,1.98,9.27,Oujda,60000,34.67709249782609,-1.9085842674408713
5018261,6.14,0015-04-20 14:45:52,0015-04-20 17:22:10,14,17,2.605,Lundi,android,,37412595,517464,144857,Bureau / Entreprise,2.15,13.2,Oujda,60000,34.70018600629173,-1.9128946076279938
8707001,6.39,0015-04-21 18:13:56,0015-04-21 21:10:09,18,21,2.936944444,Mardi,android,,37412595,517464,144857,Bureau / Entreprise,1.85,11.82,Oujda,60000,34.660621380447935,-1.8860539429806324
9015332,6.91,0015-04-22 18:33:59,0015-04-22 21:10:08,18,21,2.6025,Mercredi,android,,37412595,517464,144857,Bureau / Entreprise,1.6,11.06,Oujda,60000,34.67561742026984,-1.9370359031332798
3828686,6.25,0015-04-23 14:03:42,0015-04-23 17:29:05,14,17,3.423055556,Jeudi,android,,37412595,891421,144857,Bureau / Entreprise,2.98,18.62,Rabat,10000,34.02326947754252,-6.854763951205725
3486658,6.4,0015-04-24 14:04:08,0015-04-24 16:56:06,14,16,2.866111111,Vendredi,android,,37412595,568071,144857,Bureau / Entreprise,2.55,16.32,Meknès,50000,33.91094338989034,-5.556303728785757
1560394,5.31,0015-04-27 12:50:55,0015-04-27 16:15:07,12,16,3.403333333,Lundi,android,,37412595,568071,144857,Bureau / Entreprise,2.99,15.88,Meknès,50000,33.882625150175926,-5.5303544512672325
9260427,5.08,0015-04-29 14:02:10,0015-04-29 17:10:07,14,17,3.1325,Mercredi,android,,37412595,891421,144857,Bureau / Entreprise,2.45,12.45,Rabat,10000,34.028453482586215,-6.812049122790281
3388567,5.91,0015-04-30 14:00:25,0015-04-30 16:38:06,14,16,2.628055556,Jeudi,android,,37412595,568071,144857,Bureau / Entreprise,3.06,18.08,Meknès,50000,33.91665866489417,-5.562859769114571
7147543,2.0,0015-05-01 18:14:17,0015-05-01 18:54:06,18,18,0.663611111,Vendredi,android,,37412595,568071,144857,Bureau / Entreprise,2.53,5.06,Meknès,50000,33.90045179129094,-5.524841559951775
6547779,5.44,0015-05-04 17:30:58,0015-05-04 21:21:06,17,21,3.835555556,Lundi,android,,37412595,951880,144857,Bureau / Entreprise,1.72,9.36,Rabat,10000,34.00487756848521,-6.8217626343740925
4732543,5.83,0015-05-05 13:50:17,0015-05-05 16:09:06,13,16,2.313611111,Mardi,android,,37412595,568071,144857,Bureau / Entreprise,2.51,14.63,Meknès,50000,33.8649640468934,-5.5638205561414935
2476938,5.81,0015-05-06 17:46:01,0015-05-06 20:04:07,17,20,2.301666667,Mercredi,android,,37412595,891421,144857,Bureau / Entreprise,3.39,19.7,Rabat,10000,34.04310593243405,-6.847640045188046
3049748,5.77,0015-05-08 18:06:12,0015-05-08 20:36:06,18,20,2.498333333,Vendredi,android,,37412595,951880,144857,Bureau / Entreprise,1.59,9.17,Rabat,10000,33.99217616465102,-6.847019627842449
8882531,4.96,0015-05-11 16:52:08,0015-05-11 19:57:06,16,19,3.082777778,Lundi,android,,37412595,891421,144857,Bureau / Entreprise,3.07,15.23,Rabat,10000,34.04338210036105,-6.812906759888406
7169642,5.51,0015-05-12 12:39:06,0015-05-12 16:00:12,12,16,3.351666667,Mardi,android,,37412595,568071,144857,Bureau / Entreprise,3.23,17.8,Meknès,50000,33.89523622804163,-5.566446485917266
1882785,5.45,0015-05-13 18:54:41,0015-05-13 21:00:14,18,21,2.0925,Mercredi,android,,37412595,891421,144857,Bureau / Entreprise,2.54,13.84,Rabat,10000,34.047244061910774,-6.823650521733713
1522034,5.58,0015-05-14 13:55:42,0015-05-14 17:22:05,13,17,3.439722222,Jeudi,android,,37412595,891421,144857,Bureau / Entreprise,2.42,13.5,Rabat,10000,34.03882699414642,-6.851548437149613
5592430,3.45,0015-05-15 19:53:56,0015-05-15 21:02:06,19,21,1.136111111,Vendredi,android,,37412595,568071,144857,Bureau / Entreprise,3.43,11.83,Meknès,50000,33.923376046632,-5.5334477792534305
9647623,4.74,0015-05-19 19:28:26,0015-05-19 21:36:06,19,21,2.127777778,Mardi,android,,37412595,568071,144857,Bureau / Entreprise,1.62,7.68,Meknès,50000,33.88454270892711,-5.55209933974226
4722553,6.09,0015-05-20 14:38:04,0015-05-20 17:23:06,14,17,2.750555556,Mercredi,android,,37412595,517464,144857,Bureau / Entreprise,2.46,14.98,Oujda,60000,34.702731297335866,-1.9066984142130077
5335618,5.23,0015-05-21 18:41:24,0015-05-21 21:14:06,18,21,2.545,Jeudi,android,,37412595,517464,144857,Bureau / Entreprise,2.3,12.03,Oujda,60000,34.68081585481656,-1.8914432936004322
1931708,4.05,0015-05-26 21:08:11,0015-05-26 22:26:06,21,22,1.298611111,Mardi,android,,37412595,568071,144857,Bureau / Entreprise,2.87,11.62,Meknès,50000,33.89229253721824,-5.529050066100967
8093393,6.73,0015-05-29 17:53:38,0015-05-29 21:10:12,17,21,3.276111111,Vendredi,android,,37412595,572249,144857,Bureau / Entreprise,2.48,16.69,Casablanca,20000,33.5807503277931,-7.567814608987618
1771257,5.43,0015-06-01 13:08:26,0015-06-01 17:16:04,13,17,4.127222222,Lundi,android,,37412595,568071,144857,Bureau / Entreprise,3.32,18.03,Meknès,50000,33.91592062685118,-5.57372296047932
8835732,4.77,0015-06-02 13:15:14,0015-06-02 14:51:05,13,14,1.5975,Mardi,android,,37412595,891421,144857,Bureau / Entreprise,1.65,7.87,Rabat,10000,34.04994500815196,-6.830076966817615
8722416,5.2,0015-06-03 15:01:58,0015-06-03 17:07:06,15,17,2.085555556,Mercredi,android,,37412595,951880,144857,Bureau / Entreprise,1.66,8.63,Rabat,10000,34.03699640483187,-6.863200757396694
9823595,5.28,0015-06-05 13:25:09,0015-06-05 16:14:05,13,16,2.815555556,Vendredi,android,,37412595,951880,144857,Bureau / Entreprise,2.72,14.36,Rabat,10000,34.015966006930036,-6.846650885918895
9500005,4.64,0015-06-08 18:47:32,0015-06-08 22:09:08,18,22,3.36,Lundi,android,,37412595,568071,144857,Bureau / Entreprise,1.63,7.56,Meknès,50000,33.888781420136624,-5.544384695096719
9546064,5.15,0015-06-15 14:45:13,0015-06-15 16:49:05,14,16,2.064444444,Lundi,android,,37412595,517464,144857,Bureau / Entreprise,2.05,10.56,Oujda,60000,34.700954938095336,-1.9172356309151901
3652743,5.54,0015-06-17 18:50:28,0015-06-17 21:28:07,18,21,2.6275,Mercredi,android,,37412595,568071,144857,Bureau / Entreprise,2.77,15.35,Meknès,50000,33.8778266287461,-5.5461232994518195
7674161,5.16,0015-06-19 18:13:53,0015-06-19 20:06:05,18,20,1.87,Vendredi,android,,37412595,572249,144857,Bureau / Entreprise,2.6,13.42,Casablanca,20000,33.54972844678788,-7.560008421472083
4807955,5.44,0015-06-22 15:32:07,0015-06-22 17:36:07,15,17,2.066666667,Lundi,android,,37412595,568071,144857,Bureau / Entreprise,2.15,11.7,Meknès,50000,33.88477732945845,-5.569186961177229
5801353,4.75,0015-06-23 14:21:06,0015-06-23 16:51:06,14,16,2.5,Mardi,android,,37412595,803398,144857,Bureau / Entreprise,3.49,16.58,Meknès,50000,33.88073433949925,-5.536772637279815
3608695,6.75,0015-06-24 18:19:31,0015-06-24 21:02:06,18,21,2.709722222,Mercredi,android,,37412595,572249,144857,Bureau / Entreprise,2.56,17.28,Casablanca,20000,33.560878487227356,-7.596039942016864
2422173,3.0,0015-06-25 20:06:47,0015-06-25 21:06:06,20,21,0.988611111,Jeudi,android,,37412595,891421,144857,Bureau / Entreprise,2.41,7.23,Rabat,10000,34.00491646506299,-6.86361941206556
8563849,5.42,0015-06-26 18:45:20,0015-06-26 20:42:05,18,20,1.945833333,Vendredi,android,,37412595,568071,144857,Bureau / Entreprise,2.71,14.69,Meknès,50000,33.86602559137818,-5.567775794197542
8906924,5.36,0015-06-29 13:22:33,0015-06-29 16:09:05,13,16,2.775555556,Lundi,android,,37412595,572249,144857,Bureau / Entreprise,1.7,9.11,Casablanca,20000,33.544172436084004,-7.5628436136252635
9837972,5.05,0015-06-30 19:13:40,0015-06-30 21:39:04,19,21,2.423333333,Mardi,android,,37412595,572249,144857,Bureau / Entreprise,2.9,14.64,Casablanca,20000,33.602363343384155,-7.567023910197294
4260658,5.1,0015-07-01 13:20:52,0015-07-01 16:49:06,13,16,3.470555556,Mercredi,android,,37412595,891421,144857,Bureau / Entreprise,3.21,16.37,Rabat,10000,34.01656638802415,-6.817177482375098
2902581,4.56,0015-07-07 14:27:53,0015-07-07 15:56:05,14,15,1.47,Mardi,android,,37412595,572249,144857,Bureau / Entreprise,2.8,12.77,Casablanca,20000,33.56615959882958,-7.560308033450357
8196613,5.34,0015-07-08 13:45:25,0015-07-08 16:28:05,13,16,2.711111111,Mercredi,android,,37412595,803398,144857,Bureau / Entreprise,3.04,16.23,Meknès,50000,33.90427883696159,-5.564801076599489
4900387,5.43,0015-07-10 19:15:28,0015-07-10 21:45:12,19,21,2.495555556,Vendredi,android,,37412595,517464,144857,Bureau / Entreprise,2.94,15.96,Oujda,60000,34.669795233271905,-1.9200736397581564
7890093,5.34,0015-07-13 18:54:14,0015-07-13 21:39:05,18,21,2.7475,Lundi,android,,37412595,517464,144857,Bureau / Entreprise,1.93,10.31,Oujda,60000,34.71369767103702,-1.901246858204508
7498622,5.81,0015-07-14 18:04:22,0015-07-14 21:28:05,18,21,3.395277778,Mardi,android,,37412595,568071,144857,Bureau / Entreprise,2.4,13.94,Meknès,50000,33.91068070086494,-5.548271847608361
7737051,5.34,0015-07-15 19:44:24,0015-07-15 21:33:05,19,21,1.811388889,Mercredi,android,,37412595,803398,144857,Bureau / Entreprise,1.96,10.47,Meknès,50000,33.86886466013874,-5.5521966279973
7906023,2.4,0015-07-16 20:37:18,0015-07-16 21:25:20,20,21,0.800555556,Jeudi,android,,37412595,517464,144857,Bureau / Entreprise,2.18,5.23,Oujda,60000,34.6817548465471,-1.9199313250398644
7167026,1.72,0015-07-17 18:45:59,0015-07-17 19:20:07,18,19,0.568888889,Vendredi,android,,37412595,568071,144857,Bureau / Entreprise,2.41,4.15,Meknès,50000,33.91624709845373,-5.541673162083392
6606545,4.46,0015-07-24 13:09:52,0015-07-24 17:08:07,13,17,3.970833333,Vendredi,android,,37412595,803398,144857,Bureau / Entreprise,2.33,10.39,Meknès,50000,33.92018392133749,-5.542764394281595
3827046,3.63,0015-07-27 20:24:21,0015-07-27 21:39:05,20,21,1.245555556,Lundi,android,,37412595,951880,144857,Bureau / Entreprise,1.69,6.13,Rabat,10000,34.01894409067499,-6.861912529956145
2681193,4.78,0015-07-29 13:19:31,0015-07-29 17:15:11,13,17,3.927777778,Mercredi,android,,37412595,517464,144857,Bureau / Entreprise,2.35,11.23,Oujda,60000,34.69350468335264,-1.9130956097488936
7664535,6.98,0015-07-30 16:08:38,0015-07-30 20:21:06,16,20,4.207777778,Jeudi,android,,37412595,568071,144857,Bureau / Entreprise,2.83,19.75,Meknès,50000,33.87352203676553,-5.544091693427409
9564438,5.08,0015-08-03 13:14:08,0015-08-03 17:46:08,13,17,4.533333333,Lundi,android,,37412595,568071,144857,Bureau / Entreprise,2.25,11.43,Meknès,50000,33.92297011756822,-5.543082783676116
6416495,7.0,0015-08-04 13:13:08,0015-08-04 16:45:08,13,16,3.533333333,Mardi,android,,37412595,891421,144857,Bureau / Entreprise,1.81,12.67,Rabat,10000,34.004800302083005,-6.858993568425259
8480427,5.64,0015-08-05 13:25:57,0015-08-05 17:24:07,13,17,3.969444444,Mercredi,android,,37412595,517464,144857,Bureau / Entreprise,3.35,18.89,Oujda,60000,34.71326390644811,-1.8968637164648627
6260147,5.43,0015-08-06 18:53:32,0015-08-06 20:40:08,18,20,1.776666667,Jeudi,android,,37412595,572249,144857,Bureau / Entreprise,1.63,8.85,Casablanca,20000,33.58207879893954,-7.618288054310736
9538898,6.91,0015-08-07 13:34:48,0015-08-07 18:16:06,13,18,4.688333333,Vendredi,android,,37412595,572249,144857,Bureau / Entreprise,3.16,21.84,Casablanca,20000,33.57956420769273,-7.59851008866741
2721339,4.83,0015-08-10 12:51:25,0015-08-10 15:40:17,12,15,2.814444444,Lundi,android,,37412595,568071,144857,Bureau / Entreprise,1.69,8.16,Meknès,50000,33.894261310660994,-5.530487241087862
3387884,5.4,0015-08-11 13:08:06,0015-08-11 17:06:07,13,17,3.966944444,Mardi,android,,37412595,891421,144857,Bureau / Entreprise,1.69,9.13,Rabat,10000,34.00474018870306,-6.837766424736675
2372033,5.33,0015-08-12 18:05:44,0015-08-12 21:14:06,18,21,3.139444444,Mercredi,android,,37412595,568071,144857,Bureau / Entreprise,2.98,15.88,Meknès,50000,33.87409168192033,-5.561630254049348
3004619,6.81,0015-08-13 17:23:56,0015-08-13 21:21:06,17,21,3.952777778,Jeudi,android,,37412595,568071,144857,Bureau / Entreprise,3.12,21.25,Meknès,50000,33.876729172544216,-5.535602812839417
7999768,4.6,0015-08-14 18:23:24,0015-08-14 21:43:06,18,21,3.328333333,Vendredi,android,,37412595,803398,144857,Bureau / Entreprise,2.61,12.01,Meknès,50000,33.87468629572866,-5.543256543350635
6823776,6.88,0015-08-17 19:08:45,0015-08-17 21:54:05,19,21,2.755555556,Lundi,android,,37412595,568071,144857,Bureau / Entreprise,2.67,18.37,Meknès,50000,33.91027506841401,-5.529525383432617
3040466,5.72,0015-08-18 18:47:24,0015-08-18 21:43:06,18,21,2.928333333,Mardi,android,,37412595,517464,144857,Bureau / Entreprise,2.62,14.99,Oujda,60000,34.677707515550004,-1.8972984888286106
8286505,5.06,0015-08-19 17:24:24,0015-08-19 21:27:06,17,21,4.045,Mercredi,android,,37412595,517464,144857,Bureau / Entreprise,2.16,10.93,Oujda,60000,34.660170560593805,-1.9047935246778258
1475991,6.76,0015-08-20 17:23:59,0015-08-20 20:34:07,17,20,3.168888889,Jeudi,android,,37412595,572249,144857,Bureau / Entreprise,1.74,11.76,Casablanca,20000,33.60124615780845,-7.590509339481351
9671426,5.19,0015-08-24 12:59:48,0015-08-24 16:58:05,12,16,3.971388889,Lundi,android,,37412595,891421,144857,Bureau / Entreprise,2.21,11.47,Rabat,10000,34.043927153097805,-6.863609072459949
1854047,4.82,0015-08-25 17:24:06,0015-08-25 22:16:05,17,22,4.866388889,Mardi,android,,37412595,568071,144857,Bureau / Entreprise,2.83,13.64,Meknès,50000,33.919165136991715,-5.5616200189268765
5002136,6.38,0015-08-26 15:58:45,0015-08-26 19:42:05,15,19,3.722222222,Mercredi,android,,37412595,572249,144857,Bureau / Entreprise,3.0,19.14,Casablanca,20000,33.602794469358784,-7.594654031624975
5871364,6.71,0015-08-27 16:51:42,0015-08-27 20:21:07,16,20,3.490277778,Jeudi,android,,37412595,568071,144857,Bureau / Entreprise,3.24,21.74,Meknès,50000,33.873933714953175,-5.5413420427796165
3850578,5.1,0015-09-02 13:21:40,0015-09-02 16:58:07,13,16,3.6075,Mercredi,android,,37412595,951880,144857,Bureau / Entreprise,2.94,14.99,Rabat,10000,34.014674521134154,-6.840777528687082
4830155,1.48,0015-09-03 13:33:12,0015-09-03 14:04:06,13,14,0.515,Jeudi,android,,37412595,517464,144857,Bureau / Entreprise,3.44,5.09,Oujda,60000,34.702194308542246,-1.9241089284424282
1977323,6.59,0015-09-03 17:30:43,0015-09-03 20:00:11,17,20,2.491111111,Jeudi,android,,37412595,951880,144857,Bureau / Entreprise,2.7,17.79,Rabat,10000,34.032661237083225,-6.871212138532617
7417804,5.18,0015-09-04 13:36:01,0015-09-04 19:23:07,13,19,5.785,Vendredi,android,,37412595,517464,144857,Bureau / Entreprise,2.2,11.4,Oujda,60000,34.66593375438039,-1.9116256466859511
8814597,5.05,0015-09-08 18:36:38,0015-09-08 21:01:07,18,21,2.408055556,Mardi,android,,37412595,568071,144857,Bureau / Entreprise,2.66,13.43,Meknès,50000,33.91244998749944,-5.560162440686265
4369384,6.71,0015-09-14 13:15:04,0015-09-14 17:14:07,13,17,3.984166667,Lundi,android,,37412595,568071,144857,Bureau / Entreprise,1.93,12.95,Meknès,50000,33.876966434310205,-5.533223501957368
8343957,4.79,0015-09-17 17:07:31,0015-09-17 21:45:10,17,21,4.6275,Jeudi,android,,37412595,951880,144857,Bureau / Entreprise,2.81,13.46,Rabat,10000,34.004329056889354,-6.870163224083771
8360802,6.53,0015-09-18 17:33:48,0015-09-18 21:14:09,17,21,3.6725,Vendredi,android,,37412595,517464,144857,Bureau / Entreprise,1.95,12.73,Oujda,60000,34.688918465373604,-1.9063103313216525
8817335,5.06,0015-09-21 16:51:45,0015-09-21 21:18:06,16,21,4.439166667,Lundi,android,,37412595,517464,144857,Bureau / Entreprise,1.72,8.7,Oujda,60000,34.692276396090506,-1.8849115457496362
7044425,5.1,0015-09-22 19:34:52,0015-09-22 22:28:06,19,22,2.887222222,Mardi,android,,37412595,517464,144857,Bureau / Entreprise,3.19,16.27,Oujda,60000,34.69150517247027,-1.93093544397331
5320147,5.75,0015-09-23 13:14:49,0015-09-23 16:50:11,13,16,3.589444444,Mercredi,android,,37412595,951880,144857,Bureau / Entreprise,2.24,12.88,Rabat,10000,33.99638921024386,-6.843301030554964
2586169,5.02,0015-09-24 13:59:17,0015-09-24 16:37:06,13,16,2.630277778,Jeudi,android,,37412595,572249,144857,Bureau / Entreprise,3.03,15.21,Casablanca,20000,33.59574765175782,-7.614314680490972
9636248,5.39,0015-09-25 17:50:36,0015-09-25 20:42:06,17,20,2.858333333,Vendredi,android,,37412595,803398,144857,Bureau / Entreprise,2.65,14.28,Meknès,50000,33.87943600255532,-5.539759085264318
4309323,4.99,0015-09-28 18:09:37,0015-09-28 19:52:07,18,19,1.708333333,Lundi,android,,37412595,951880,144857,Bureau / Entreprise,3.11,15.52,Rabat,10000,33.998670895276966,-6.838568099164226
2545770,6.36,0015-09-30 16:56:35,0015-09-30 21:08:06,16,21,4.191944444,Mercredi,android,,37412595,803398,144857,Bureau / Entreprise,3.19,20.29,Meknès,50000,33.91682488479214,-5.55285806854723
8187948,6.68,0015-10-01 16:43:53,0015-10-01 20:40:08,16,20,3.9375,Jeudi,android,,37412595,572249,144857,Bureau / Entreprise,3.45,23.05,Casablanca,20000,33.60043908989378,-7.588517378711576
2881139,8.56,0015-02-12 14:27:54,0015-02-12 18:00:08,14,18,3.537222222,Jeudi,ios,20.5509408,48585042,207262,928191,Parking public,3.14,26.88,Fès,30000,34.05482765703592,-4.97650552049186
1127982,7.28,0015-02-26 19:11:27,0015-02-26 22:39:08,19,22,3.461388889,Jeudi,ios,20.5509408,48585042,728918,928191,Parking public,2.73,19.87,Rabat,10000,34.03947096448349,-6.859822341861336
8636708,9.32,0015-03-03 14:17:58,0015-03-03 17:51:07,14,17,3.5525,Mardi,ios,20.5509408,48585042,728918,928191,Parking public,2.79,26.0,Rabat,10000,34.03021451883834,-6.870246129297679
4531024,6.71,0015-03-05 15:29:12,0015-03-05 19:16:05,15,19,3.781388889,Jeudi,ios,20.5509408,48585042,207262,928191,Parking public,1.55,10.4,Fès,30000,34.036151442236545,-4.978600106918054
9045803,6.59,0015-03-10 18:15:14,0015-03-10 21:38:04,18,21,3.380555556,Mardi,ios,20.5509408,48585042,728918,928191,Parking public,3.36,22.14,Rabat,10000,33.99611920559468,-6.836972975056725
8027734,6.41,0015-03-12 15:14:15,0015-03-12 18:46:05,15,18,3.530555556,Jeudi,ios,20.5509408,48585042,425476,928191,Parking public,3.16,20.26,Tanger,90000,35.75400719278424,-5.810560492672289
2135455,6.52,0015-03-16 17:56:08,0015-03-16 21:39:06,17,21,3.716111111,Lundi,ios,20.5509408,48585042,425476,928191,Parking public,2.03,13.24,Tanger,90000,35.75186131102074,-5.828183286595209
2741644,6.52,0015-03-17 17:03:47,0015-03-17 19:20:06,17,19,2.271944444,Mardi,ios,20.5509408,48585042,425476,928191,Parking public,1.86,12.13,Tanger,90000,35.74508522702562,-5.815390334602418
7756218,6.66,0015-03-19 17:36:08,0015-03-19 19:48:05,17,19,2.199166667,Jeudi,ios,20.5509408,48585042,207262,928191,Parking public,2.91,19.38,Fès,30000,34.046505206821315,-5.004519598198692
5405093,4.38,0015-03-24 13:29:44,0015-03-24 15:05:07,13,15,1.589722222,Mardi,ios,20.5509408,48585042,728918,928191,Parking public,2.12,9.29,Rabat,10000,34.02065254410472,-6.8266084041227035
6720566,6.65,0015-03-26 15:24:58,0015-03-26 17:41:05,15,17,2.268611111,Jeudi,ios,20.5509408,48585042,944575,928191,Parking public,2.18,14.5,Casablanca,20000,33.547962772954456,-7.565017511986609
7652184,0.03,0015-03-30 15:23:44,0015-03-30 15:26:05,15,15,0.039166667,Lundi,ios,20.5509408,48585042,207262,928191,Parking public,1.51,0.05,Fès,30000,34.016310992116985,-4.995972622176668
8017375,7.38,0015-03-31 12:20:02,0015-03-31 14:52:05,12,14,2.534166667,Mardi,ios,20.5509408,48585042,944575,928191,Parking public,3.24,23.91,Casablanca,20000,33.58409552581957,-7.608952890966258
2451756,6.48,0015-04-02 12:33:56,0015-04-02 14:48:05,12,14,2.235833333,Jeudi,ios,20.5509408,48585042,728918,928191,Parking public,2.63,17.04,Rabat,10000,33.995467851569416,-6.855472143098188
4009354,6.84,0015-04-06 16:48:21,0015-04-06 20:15:07,16,20,3.446111111,Lundi,ios,20.5509408,48585042,256233,928191,Parking public,2.3,15.73,Tanger,90000,35.78057241484293,-5.852081325386155
1244138,6.5,0015-04-08 12:21:07,0015-04-08 15:15:10,12,15,2.900833333,Mercredi,ios,20.5509408,48585042,728918,928191,Parking public,1.78,11.57,Rabat,10000,34.02060879162084,-6.856788578344256
7552641,3.63,0015-04-08 16:54:23,0015-04-08 20:52:05,16,20,3.961666667,Mercredi,ios,20.5509408,48585042,207262,928191,Parking public,2.77,10.06,Fès,30000,34.031935194639594,-5.011915073038938
8486519,6.72,0015-04-09 17:21:52,0015-04-09 20:50:12,17,20,3.472222222,Jeudi,ios,20.5509408,48585042,944575,928191,Parking public,1.56,10.48,Casablanca,20000,33.57864446707957,-7.586491972794809
4261741,6.65,0015-04-13 15:15:23,0015-04-13 21:24:04,15,21,6.144722222,Lundi,ios,20.5509408,48585042,944575,928191,Parking public,2.99,19.88,Casablanca,20000,33.592580857955504,-7.58452050223217
4865891,6.66,0015-04-16 16:26:28,0015-04-16 20:53:06,16,20,4.443888889,Jeudi,ios,20.5509408,48585042,207262,928191,Parking public,1.93,12.85,Fès,30000,34.02396855247413,-5.004710015165489
5236625,6.52,0015-04-20 17:16:30,0015-04-20 20:28:05,17,20,3.193055556,Lundi,ios,20.5509408,48585042,728918,928191,Parking public,2.34,15.26,Rabat,10000,34.03158096915354,-6.8346747532107495
7008534,6.55,0015-04-21 17:28:23,0015-04-21 21:24:05,17,21,3.928333333,Mardi,ios,20.5509408,48585042,207262,928191,Parking public,2.18,14.28,Fès,30000,34.037043917839746,-5.025405504463318
3195409,7.03,0015-04-23 13:12:22,0015-04-23 17:02:06,13,17,3.828888889,Jeudi,ios,20.5509408,48585042,728918,928191,Parking public,2.24,15.75,Rabat,10000,34.00692169621016,-6.86633270577651
9039394,5.84,0015-04-28 12:32:50,0015-04-28 14:25:13,12,14,1.873055556,Mardi,ios,20.5509408,48585042,728918,928191,Parking public,2.94,17.17,Rabat,10000,34.043617799181305,-6.86129023237854
1061971,6.57,0015-04-30 16:11:28,0015-04-30 19:32:06,16,19,3.343888889,Jeudi,ios,20.5509408,48585042,728918,928191,Parking public,3.05,20.04,Rabat,10000,34.038745561296416,-6.840515350117579
8374888,6.54,0015-05-04 16:18:13,0015-05-04 19:42:07,16,19,3.398333333,Lundi,ios,20.5509408,48585042,728918,928191,Parking public,2.64,17.27,Rabat,10000,34.0304071100795,-6.858760319278101
2899724,7.58,0015-05-07 18:15:30,0015-05-07 20:41:07,18,20,2.426944444,Jeudi,ios,20.5509408,48585042,236379,928191,Parking public,1.67,12.66,Oujda,60000,34.70773490374565,-1.9244029357904453
8237414,6.78,0015-05-11 15:45:17,0015-05-11 21:03:06,15,21,5.296944444,Lundi,ios,20.5509408,48585042,944575,928191,Parking public,1.61,10.92,Casablanca,20000,33.59513765205759,-7.595781229829621
6104577,6.94,0015-05-12 17:50:56,0015-05-12 21:05:13,17,21,3.238055556,Mardi,ios,20.5509408,48585042,207262,928191,Parking public,1.81,12.56,Fès,30000,34.0456017786029,-4.981588032559378
4652369,6.62,0015-05-14 16:12:58,0015-05-14 20:18:05,16,20,4.085277778,Jeudi,ios,20.5509408,48585042,207262,928191,Parking public,2.74,18.14,Fès,30000,34.053320799701815,-5.029468271845229
4171512,7.61,0015-05-18 16:55:51,0015-05-18 20:52:06,16,20,3.9375,Lundi,ios,20.5509408,48585042,236379,928191,Parking public,2.85,21.69,Oujda,60000,34.698548287700156,-1.9024372707858026
7594385,6.46,0015-05-19 16:26:51,0015-05-19 20:19:06,16,20,3.870833333,Mardi,ios,20.5509408,48585042,944575,928191,Parking public,2.04,13.18,Casablanca,20000,33.583908446305614,-7.579667408137559
2084052,6.57,0015-05-26 17:06:28,0015-05-26 20:12:06,17,20,3.093888889,Mardi,ios,20.5509408,48585042,944575,928191,Parking public,2.82,18.53,Casablanca,20000,33.58021668269291,-7.571880653178602
5785900,6.84,0015-05-28 12:57:02,0015-05-28 16:37:06,12,16,3.667777778,Jeudi,ios,20.5509408,48585042,425476,928191,Parking public,2.47,16.89,Tanger,90000,35.77466299837346,-5.808034823656381
1248028,6.64,0015-06-04 12:26:53,0015-06-04 15:18:06,12,15,2.853611111,Jeudi,ios,20.5509408,48585042,728918,928191,Parking public,2.38,15.8,Rabat,10000,34.00041630631758,-6.8703917290630425
5776993,6.8,0015-06-08 16:53:43,0015-06-08 20:49:06,16,20,3.923055556,Lundi,ios,20.5509408,48585042,944575,928191,Parking public,2.05,13.94,Casablanca,20000,33.595952245551935,-7.610572977669207
1662146,3.82,0015-06-09 12:32:56,0015-06-09 16:20:17,12,16,3.789166667,Mardi,ios,20.5509408,48585042,728918,928191,Parking public,3.01,11.5,Rabat,10000,34.04321061166471,-6.81842972235664
2289759,3.34,0015-06-10 16:25:08,0015-06-10 17:51:06,16,17,1.432777778,Mercredi,ios,20.5509408,48585042,728918,928191,Parking public,1.73,5.78,Rabat,10000,33.99265483698207,-6.8440888862687785
3599020,3.32,0015-06-15 17:04:06,0015-06-15 21:00:09,17,21,3.934166667,Lundi,ios,20.5509408,48585042,728918,928191,Parking public,2.36,7.84,Rabat,10000,34.040449005033885,-6.8377245616639915
6557477,5.37,0015-06-16 13:32:47,0015-06-16 16:37:07,13,16,3.072222222,Mardi,ios,20.5509408,48585042,207262,928191,Parking public,2.07,11.12,Fès,30000,34.010832192048404,-4.990518367776612
9170913,3.85,0015-06-18 13:20:02,0015-06-18 15:26:14,13,15,2.103333333,Jeudi,ios,20.5509408,48585042,207262,928191,Parking public,2.86,11.01,Fès,30000,34.023207131255546,-4.989556003730262
8906365,3.51,0015-06-22 17:12:35,0015-06-22 20:58:06,17,20,3.758611111,Lundi,ios,20.5509408,48585042,728918,928191,Parking public,2.47,8.67,Rabat,10000,34.035510495377494,-6.815695575801009
7738282,3.2,0015-06-23 12:44:09,0015-06-23 15:36:06,12,15,2.865833333,Mardi,ios,20.5509408,48585042,425476,928191,Parking public,2.83,9.06,Tanger,90000,35.7391455937629,-5.804183034955299
8196621,3.87,0015-07-13 16:41:11,0015-07-13 21:20:12,16,21,4.650277778,Lundi,ios,20.5509408,48585042,236379,928191,Parking public,1.59,6.15,Oujda,60000,34.705778021447145,-1.8981905523441436
8934200,3.29,0015-07-14 12:38:10,0015-07-14 15:41:05,12,15,3.048611111,Mardi,ios,20.5509408,48585042,425476,928191,Parking public,2.29,7.53,Tanger,90000,35.77942805067747,-5.84676672744769
2594233,4.5,0015-07-16 16:17:45,0015-07-16 20:43:08,16,20,4.423055556,Jeudi,ios,20.5509408,48585042,207262,928191,Parking public,2.7,12.15,Fès,30000,34.033548064025645,-4.977514855862339
3659295,3.48,0015-07-20 16:40:39,0015-07-20 20:37:05,16,20,3.940555556,Lundi,ios,20.5509408,48585042,425476,928191,Parking public,1.52,5.29,Tanger,90000,35.72988315230301,-5.861046745127554
9719233,3.4,0015-07-21 18:58:17,0015-07-21 21:35:12,18,21,2.615277778,Mardi,ios,20.5509408,48585042,236379,928191,Parking public,2.1,7.14,Oujda,60000,34.6739222879905,-1.9275351488275303
3522299,3.55,0015-07-23 12:23:58,0015-07-23 15:10:10,12,15,2.77,Jeudi,ios,20.5509408,48585042,425476,928191,Parking public,1.92,6.82,Tanger,90000,35.76651561510255,-5.810156856952177
6192795,3.66,0015-07-27 17:20:23,0015-07-27 20:56:07,17,20,3.595555556,Lundi,ios,20.5509408,48585042,236379,928191,Parking public,1.77,6.48,Oujda,60000,34.71557117068165,-1.9260285091336387
4694396,7.39,0015-07-28 17:38:40,0015-07-28 21:03:08,17,21,3.407777778,Mardi,ios,20.5509408,48585042,425476,928191,Parking public,2.01,14.85,Tanger,90000,35.767408811621,-5.850760936422695
5360796,6.68,0015-07-30 12:49:24,0015-07-30 16:21:07,12,16,3.528611111,Jeudi,ios,20.5509408,48585042,944575,928191,Parking public,2.16,14.43,Casablanca,20000,33.55868821486385,-7.611512482411586
2277153,3.49,0015-08-03 17:04:13,0015-08-03 20:52:06,17,20,3.798055556,Lundi,ios,20.5509408,48585042,425476,928191,Parking public,1.52,5.3,Tanger,90000,35.76754034218598,-5.812453294541185
5897782,3.79,0015-08-04 12:19:39,0015-08-04 15:35:07,12,15,3.257777778,Mardi,ios,20.5509408,48585042,425476,928191,Parking public,2.99,11.33,Tanger,90000,35.76189912278296,-5.8339965044485345
9432034,3.56,0015-08-06 12:29:36,0015-08-06 15:44:06,12,15,3.241666667,Jeudi,ios,20.5509408,48585042,425476,928191,Parking public,1.85,6.59,Tanger,90000,35.776290723709074,-5.82350640781675
5619831,7.1,0015-08-10 17:44:54,0015-08-10 21:34:07,17,21,3.820277778,Lundi,ios,20.5509408,48585042,207262,928191,Parking public,2.26,16.05,Fès,30000,34.00951883832961,-5.015956016955498
3009393,3.14,0015-08-11 12:23:10,0015-08-11 15:36:07,12,15,3.215833333,Mardi,ios,20.5509408,48585042,425476,928191,Parking public,2.91,9.14,Tanger,90000,35.77516167415013,-5.818517574739326
2980515,3.08,0015-08-13 18:19:45,0015-08-13 20:18:07,18,20,1.972777778,Jeudi,ios,20.5509408,48585042,236379,928191,Parking public,2.5,7.7,Oujda,60000,34.68917599472057,-1.8957996673022741
2987123,3.47,0015-08-17 16:35:28,0015-08-17 18:02:06,16,18,1.443888889,Lundi,ios,20.5509408,48585042,236379,928191,Parking public,3.17,11.0,Oujda,60000,34.71447952023154,-1.9226441185055019
9317454,6.57,0015-08-18 12:28:41,0015-08-18 15:15:09,12,15,2.774444444,Mardi,ios,20.5509408,48585042,425476,928191,Parking public,3.11,20.43,Tanger,90000,35.750012329962324,-5.839359042019383
3012272,6.63,0015-08-20 18:42:42,0015-08-20 22:24:06,18,22,3.69,Jeudi,ios,20.5509408,48585042,256233,928191,Parking public,1.64,10.87,Tanger,90000,35.76745731358804,-5.851418583354188
1868054,4.3,0015-08-24 17:05:54,0015-08-24 20:38:07,17,20,3.536944444,Lundi,ios,20.5509408,48585042,236379,928191,Parking public,3.22,13.85,Oujda,60000,34.7126216863306,-1.8828063386006257
8952017,3.16,0015-08-25 17:50:23,0015-08-25 20:05:08,17,20,2.245833333,Mardi,ios,20.5509408,48585042,728918,928191,Parking public,1.58,4.99,Rabat,10000,33.99705058367944,-6.832863845376495
2826708,4.2,0015-08-27 12:33:54,0015-08-27 14:26:07,12,14,1.870277778,Jeudi,ios,20.5509408,48585042,425476,928191,Parking public,1.54,6.47,Tanger,90000,35.78573370923419,-5.807927367157069
1643227,3.35,0015-09-08 18:12:39,0015-09-08 20:45:10,18,20,2.541944444,Mardi,ios,20.5509408,48585042,236379,928191,Parking public,3.34,11.19,Oujda,60000,34.697973143338054,-1.923196867382252
9100688,6.01,0015-09-10 18:37:17,0015-09-10 20:34:07,18,20,1.947222222,Jeudi,ios,20.5509408,48585042,894409,928191,Parking public,3.22,19.35,Casablanca,20000,33.54717022354631,-7.572886545220187
5864426,4.72,0015-09-14 12:27:42,0015-09-14 15:27:08,12,15,2.990555556,Lundi,ios,20.5509408,48585042,728918,928191,Parking public,2.65,12.51,Rabat,10000,34.0089578140168,-6.825648481366915
6669164,3.87,0015-09-15 17:48:45,0015-09-15 20:38:08,17,20,2.823055556,Mardi,ios,20.5509408,48585042,425476,928191,Parking public,2.65,10.26,Tanger,90000,35.77199032531872,-5.822500660888007
4109500,5.54,0015-09-17 16:56:05,0015-09-17 20:54:08,16,20,3.9675,Jeudi,ios,20.5509408,48585042,236379,928191,Parking public,2.92,16.18,Oujda,60000,34.660741036088126,-1.883461661483992
9920327,6.72,0015-09-21 12:21:24,0015-09-21 15:14:08,12,15,2.878888889,Lundi,ios,20.5509408,48585042,256233,928191,Parking public,2.34,15.72,Tanger,90000,35.76443022761058,-5.840386679833621
4850114,3.75,0015-09-22 16:21:54,0015-09-22 20:19:06,16,20,3.953333333,Mardi,ios,20.5509408,48585042,425476,928191,Parking public,1.73,6.49,Tanger,90000,35.75025298341718,-5.856156960584614
2681715,5.08,0015-09-24 13:07:52,0015-09-24 15:23:06,13,15,2.253888889,Jeudi,ios,20.5509408,48585042,425476,928191,Parking public,1.54,7.82,Tanger,90000,35.76675493106605,-5.823697468445356
8781039,6.46,0015-09-28 14:01:28,0015-09-28 16:20:08,14,16,2.311111111,Lundi,ios,20.5509408,48585042,207262,928191,Parking public,2.15,13.89,Fès,30000,34.005844522028745,-4.986541411971368
2977313,5.4,0015-09-29 18:10:51,0015-09-29 22:12:06,18,22,4.020833333,Mardi,ios,20.5509408,48585042,256233,928191,Parking public,3.1,16.74,Tanger,90000,35.78179220836915,-5.829496365592471
3727011,4.84,0015-10-01 12:59:18,0015-10-01 14:55:10,12,14,1.931111111,Jeudi,ios,20.5509408,48585042,944575,928191,Parking public,2.74,13.26,Casablanca,20000,33.60150933815064,-7.6073909264119965
2350723,6.9,0015-03-16 12:07:16,0015-03-16 15:04:05,12,15,2.946944444,Lundi,ios,2.4955424,47158353,569889,461655,Parking public,3.16,21.8,Agadir,80000,30.455932671317143,-9.597832643499839
1175751,6.29,0015-05-07 17:47:40,0015-05-07 20:59:07,17,20,3.190833333,Jeudi,ios,2.4955424,47158353,920264,461655,Parking public,3.34,21.01,Marrakech,40000,31.644479109904577,-7.992368615805852
4345062,6.56,0015-05-08 18:26:43,0015-05-08 21:22:05,18,21,2.922777778,Vendredi,ios,2.4955424,47158353,594591,461655,Parking public,1.68,11.02,Oujda,60000,34.66450517440784,-1.9157520083099986
6662027,6.31,0015-05-13 10:47:08,0015-05-13 13:26:05,10,13,2.649166667,Mercredi,ios,2.4955424,47158353,371335,461655,Parking public,3.19,20.13,Agadir,80000,30.44329579175574,-9.58938688544932
3356247,6.19,0015-05-19 12:01:48,0015-05-19 14:38:06,12,14,2.605,Mardi,ios,2.4955424,47158353,129465,461655,Parking public,1.99,12.32,Fès,30000,34.004575214987526,-4.98558711543855
9187859,6.54,0015-05-20 17:29:12,0015-05-20 20:59:06,17,20,3.498333333,Mercredi,ios,2.4955424,47158353,371335,461655,Parking public,2.68,17.53,Agadir,80000,30.39912741309174,-9.61416651854592
9770945,6.33,0015-05-21 17:01:33,0015-05-21 21:05:09,17,21,4.06,Jeudi,ios,2.4955424,47158353,371335,461655,Parking public,2.55,16.14,Agadir,80000,30.417216613148973,-9.603780478361184
4857190,6.61,0015-05-22 17:56:25,0015-05-22 20:50:08,17,20,2.895277778,Vendredi,ios,2.4955424,47158353,371335,461655,Parking public,2.29,15.14,Agadir,80000,30.427118591424282,-9.611950305740503
4291302,6.64,0015-05-26 18:31:05,0015-05-26 21:26:06,18,21,2.916944444,Mardi,ios,2.4955424,47158353,594591,461655,Parking public,2.12,14.08,Oujda,60000,34.70292444506847,-1.9294821031682878
8479022,6.14,0015-05-27 18:00:16,0015-05-27 21:15:14,18,21,3.249444444,Mercredi,ios,2.4955424,47158353,920264,461655,Parking public,2.18,13.39,Marrakech,40000,31.64049772259639,-7.96409676680025
4317418,6.67,0015-05-28 16:42:12,0015-05-28 20:36:07,16,20,3.898611111,Jeudi,ios,2.4955424,47158353,371335,461655,Parking public,2.17,14.47,Agadir,80000,30.424554162382606,-9.573544838333781
1172569,5.34,0015-05-29 18:57:18,0015-05-29 21:45:13,18,21,2.798611111,Vendredi,ios,2.4955424,47158353,594591,461655,Parking public,1.84,9.83,Oujda,60000,34.673117599976905,-1.9191860688589253
4851505,6.34,0015-06-01 18:12:25,0015-06-01 21:13:05,18,21,3.011111111,Lundi,ios,2.4955424,47158353,594591,461655,Parking public,2.52,15.98,Oujda,60000,34.71652747000947,-1.896323264537574
1125235,6.01,0015-06-02 17:51:04,0015-06-02 21:07:05,17,21,3.266944444,Mardi,ios,2.4955424,47158353,371335,461655,Parking public,1.73,10.4,Agadir,80000,30.42337087813416,-9.574280282638135
4682619,6.35,0015-06-03 17:20:30,0015-06-03 21:06:05,17,21,3.759722222,Mercredi,ios,2.4955424,47158353,371335,461655,Parking public,2.52,16.0,Agadir,80000,30.424883221459783,-9.577332547368187
7666068,5.79,0015-06-04 17:54:55,0015-06-04 21:24:05,17,21,3.486111111,Jeudi,ios,2.4955424,47158353,129465,461655,Parking public,3.31,19.16,Fès,30000,34.012917429271496,-5.019331196687647
8048016,4.89,0015-06-05 17:00:41,0015-06-05 18:52:06,17,18,1.856944444,Vendredi,ios,2.4955424,47158353,594591,461655,Parking public,2.2,10.76,Oujda,60000,34.704388572925,-1.8840224871091984
6557241,5.54,0015-06-08 17:43:15,0015-06-08 20:55:12,17,20,3.199166667,Lundi,ios,2.4955424,47158353,129465,461655,Parking public,2.95,16.34,Fès,30000,34.044720933546884,-5.007699413574232
4673897,5.85,0015-06-09 17:26:59,0015-06-09 21:10:08,17,21,3.719166667,Mardi,ios,2.4955424,47158353,371335,461655,Parking public,3.14,18.37,Agadir,80000,30.41104617676733,-9.60774556032957
7090607,6.0,0015-06-10 17:49:11,0015-06-10 21:06:11,17,21,3.283333333,Mercredi,ios,2.4955424,47158353,594591,461655,Parking public,3.13,18.78,Oujda,60000,34.661642862736954,-1.937654120363333
1888330,5.72,0015-06-11 18:18:52,0015-06-11 21:02:05,18,21,2.720277778,Jeudi,ios,2.4955424,47158353,371335,461655,Parking public,1.97,11.27,Agadir,80000,30.438629958124483,-9.598929580753708
2105402,6.21,0015-06-12 18:24:28,0015-06-12 21:30:11,18,21,3.095277778,Vendredi,ios,2.4955424,47158353,371335,461655,Parking public,1.79,11.12,Agadir,80000,30.43707067285687,-9.621559183061544
4123027,6.83,0015-06-22 17:56:20,0015-06-22 21:19:07,17,21,3.379722222,Lundi,ios,2.4955424,47158353,371335,461655,Parking public,1.89,12.91,Agadir,80000,30.414195571619892,-9.613187610744355
9814374,5.59,0015-06-23 17:18:20,0015-06-23 20:42:04,17,20,3.395555556,Mardi,ios,2.4955424,47158353,371335,461655,Parking public,2.7,15.09,Agadir,80000,30.454851813735026,-9.609083442693963
4481340,6.04,0015-06-24 16:50:26,0015-06-24 20:37:05,16,20,3.7775,Mercredi,ios,2.4955424,47158353,371335,461655,Parking public,3.02,18.24,Agadir,80000,30.406863473506856,-9.5795704205905
9188292,6.12,0015-06-26 17:17:04,0015-06-26 19:57:10,17,19,2.668333333,Vendredi,ios,2.4955424,47158353,129465,461655,Parking public,2.81,17.2,Fès,30000,34.02904008806255,-4.9777706809762465
4884384,5.6,0015-07-06 17:54:40,0015-07-06 21:13:05,17,21,3.306944444,Lundi,ios,2.4955424,47158353,129465,461655,Parking public,1.85,10.36,Fès,30000,34.05971695521006,-5.012152020952312
6061166,6.18,0015-07-07 17:25:45,0015-07-07 20:20:12,17,20,2.9075,Mardi,ios,2.4955424,47158353,371335,461655,Parking public,3.05,18.85,Agadir,80000,30.42298363901557,-9.576578112725326
9786617,6.89,0015-07-08 16:52:17,0015-07-08 20:44:07,16,20,3.863888889,Mercredi,ios,2.4955424,47158353,129465,461655,Parking public,2.49,17.16,Fès,30000,34.04141155685984,-4.978866143757813
1404585,6.51,0015-07-09 17:28:14,0015-07-09 21:20:12,17,21,3.866111111,Jeudi,ios,2.4955424,47158353,371335,461655,Parking public,3.01,19.6,Agadir,80000,30.421655663877768,-9.582220942976909
9673234,6.4,0015-07-10 17:29:24,0015-07-10 20:16:05,17,20,2.778055556,Vendredi,ios,2.4955424,47158353,129465,461655,Parking public,3.02,19.33,Fès,30000,34.01955291214092,-5.021498293159089
8637108,5.9,0015-07-13 18:51:47,0015-07-13 21:21:05,18,21,2.488333333,Lundi,ios,2.4955424,47158353,371335,461655,Parking public,2.4,14.16,Agadir,80000,30.45683865887759,-9.586680629185956
2530946,6.98,0015-07-14 17:44:11,0015-07-14 21:00:11,17,21,3.266666667,Mardi,ios,2.4955424,47158353,371335,461655,Parking public,3.35,23.38,Agadir,80000,30.422360040378905,-9.571398556125166
7816076,6.2,0015-07-16 19:08:25,0015-07-16 21:33:07,19,21,2.411666667,Jeudi,ios,2.4955424,47158353,371335,461655,Parking public,2.63,16.31,Agadir,80000,30.451445952220748,-9.58714757127397
3665999,5.89,0015-07-20 18:14:49,0015-07-20 21:10:09,18,21,2.922222222,Lundi,ios,2.4955424,47158353,129465,461655,Parking public,2.77,16.32,Fès,30000,34.01689727635346,-5.01040298905353
1876700,6.88,0015-07-22 17:43:31,0015-07-22 20:41:05,17,20,2.959444444,Mercredi,ios,2.4955424,47158353,920264,461655,Parking public,2.75,18.92,Marrakech,40000,31.612286282241506,-7.98106524095415
3716128,5.34,0015-07-23 18:17:53,0015-07-23 20:18:05,18,20,2.003333333,Jeudi,ios,2.4955424,47158353,371335,461655,Parking public,3.23,17.25,Agadir,80000,30.399668044973073,-9.589356497398937
1361169,6.15,0015-07-24 11:38:37,0015-07-24 14:47:07,11,14,3.141666667,Vendredi,ios,2.4955424,47158353,920264,461655,Parking public,2.75,16.91,Marrakech,40000,31.638600009522552,-7.980465775476289
1317767,5.37,0015-07-28 17:08:53,0015-07-28 20:45:07,17,20,3.603888889,Mardi,ios,2.4955424,47158353,371335,461655,Parking public,1.8,9.67,Agadir,80000,30.419911580623427,-9.620902823496142
2109843,5.98,0015-07-29 17:48:07,0015-07-29 20:50:08,17,20,3.033611111,Mercredi,ios,2.4955424,47158353,129465,461655,Parking public,1.64,9.81,Fès,30000,34.05496149499037,-5.011576157320879
8466653,6.23,0015-07-30 12:02:18,0015-07-30 15:20:08,12,15,3.297222222,Jeudi,ios,2.4955424,47158353,371335,461655,Parking public,2.38,14.83,Agadir,80000,30.426192594401495,-9.579956238166783
2436582,6.36,0015-07-31 17:05:00,0015-07-31 20:26:06,17,20,3.351666667,Vendredi,ios,2.4955424,47158353,920264,461655,Parking public,2.11,13.42,Marrakech,40000,31.657591605674885,-7.959414917234269
9326642,5.99,0015-08-03 18:50:27,0015-08-03 21:04:08,18,21,2.228055556,Lundi,ios,2.4955424,47158353,594591,461655,Parking public,2.05,12.28,Oujda,60000,34.66783153094219,-1.9331619980370658
2078111,5.64,0015-08-04 17:11:23,0015-08-04 20:56:07,17,20,3.745555556,Mardi,ios,2.4955424,47158353,129465,461655,Parking public,1.61,9.08,Fès,30000,34.05521739007733,-4.973156794856076
9792988,6.4,0015-08-05 19:05:44,0015-08-05 22:44:06,19,22,3.639444444,Mercredi,ios,2.4955424,47158353,594591,461655,Parking public,2.51,16.06,Oujda,60000,34.70329581116751,-1.9216706429290835
5277516,6.26,0015-08-06 17:50:21,0015-08-06 21:06:06,17,21,3.2625,Jeudi,ios,2.4955424,47158353,371335,461655,Parking public,2.12,13.27,Agadir,80000,30.444055310678646,-9.588361175676157
4579688,6.12,0015-08-07 11:54:41,0015-08-07 15:11:06,11,15,3.273611111,Vendredi,ios,2.4955424,47158353,920264,461655,Parking public,2.4,14.69,Marrakech,40000,31.650186993687015,-7.965990491242599
7355573,5.75,0015-08-10 18:10:53,0015-08-10 21:11:06,18,21,3.003611111,Lundi,ios,2.4955424,47158353,594591,461655,Parking public,1.61,9.26,Oujda,60000,34.70236143945658,-1.892683225921727
6389608,6.58,0015-08-11 17:19:13,0015-08-11 21:00:08,17,21,3.681944444,Mardi,ios,2.4955424,47158353,371335,461655,Parking public,3.16,20.79,Agadir,80000,30.435373219297887,-9.571355017866445
1778242,6.12,0015-08-12 18:03:16,0015-08-12 21:14:06,18,21,3.180555556,Mercredi,ios,2.4955424,47158353,371335,461655,Parking public,1.65,10.1,Agadir,80000,30.405674692660945,-9.609324827118272
8382266,6.03,0015-08-13 18:30:57,0015-08-13 20:46:11,18,20,2.253888889,Jeudi,ios,2.4955424,47158353,594591,461655,Parking public,3.23,19.48,Oujda,60000,34.65865157076948,-1.8898896127269067
9038045,6.73,0015-08-14 18:30:17,0015-08-14 21:20:07,18,21,2.830555556,Vendredi,ios,2.4955424,47158353,129465,461655,Parking public,3.21,21.6,Fès,30000,34.05835087086894,-5.022398785793828
5897785,6.68,0015-08-17 17:44:32,0015-08-17 21:12:07,17,21,3.459722222,Lundi,ios,2.4955424,47158353,920264,461655,Parking public,2.73,18.24,Marrakech,40000,31.636499018871245,-7.968797545618784
2116590,6.59,0015-08-18 18:20:29,0015-08-18 21:05:13,18,21,2.745555556,Mardi,ios,2.4955424,47158353,371335,461655,Parking public,2.51,16.54,Agadir,80000,30.445592237458573,-9.58358133622916
6788664,6.47,0015-08-19 17:54:18,0015-08-19 21:09:07,17,21,3.246944444,Mercredi,ios,2.4955424,47158353,371335,461655,Parking public,2.43,15.72,Agadir,80000,30.426691341090756,-9.587436605527921
9103791,6.26,0015-08-20 17:43:45,0015-08-20 20:42:08,17,20,2.973055556,Jeudi,ios,2.4955424,47158353,594591,461655,Parking public,2.61,16.34,Oujda,60000,34.663738491337746,-1.9262611158318907
9146765,6.4,0015-08-21 13:58:47,0015-08-21 16:20:09,13,16,2.356111111,Vendredi,ios,2.4955424,47158353,878706,461655,Parking public,3.08,19.71,Tanger,90000,35.73701114753216,-5.811617411179087
7341078,6.02,0015-08-24 18:19:48,0015-08-24 21:14:05,18,21,2.904722222,Lundi,ios,2.4955424,47158353,371335,461655,Parking public,3.29,19.81,Agadir,80000,30.43893391723374,-9.617968492197777
1720499,6.21,0015-08-25 17:32:48,0015-08-25 20:07:06,17,20,2.571666667,Mardi,ios,2.625415,47158353,236379,928191,Parking public,2.4,14.9,Oujda,60000,34.68251835369397,-1.93818191250875
1380549,6.75,0015-08-26 13:41:05,0015-08-26 16:53:06,13,16,3.200277778,Mercredi,ios,2.5732174,47158353,801274,976902,Parking public,3.12,21.06,Marrakech,40000,31.611531483602022,-7.968052100563285
5520299,5.91,0015-08-27 17:21:03,0015-08-27 20:15:08,17,20,2.901388889,Jeudi,ios,2.4955424,47158353,371335,461655,Parking public,2.8,16.55,Agadir,80000,30.427295672804487,-9.599571457086036
1593228,6.08,0015-08-28 16:51:52,0015-08-28 20:49:07,16,20,3.954166667,Vendredi,ios,2.4955424,47158353,129465,461655,Parking public,2.14,13.01,Fès,30000,34.0069525362245,-4.97935411880248
7694132,6.52,0015-08-31 16:49:59,0015-08-31 19:39:09,16,19,2.819444444,Lundi,ios,2.4955424,47158353,569889,461655,Parking public,2.45,15.97,Agadir,80000,30.432718284114866,-9.605096171536506
8564239,6.34,0015-09-01 17:22:37,0015-09-01 20:35:10,17,20,3.209166667,Mardi,ios,2.4955424,47158353,371335,461655,Parking public,1.8,11.41,Agadir,80000,30.41393960426611,-9.618003284689538
3987650,4.63,0015-09-02 18:39:57,0015-09-02 20:31:07,18,20,1.852777778,Mercredi,ios,2.4955424,47158353,371335,461655,Parking public,1.62,7.5,Agadir,80000,30.445653546038233,-9.577913468451808
7955055,6.81,0015-09-03 18:30:36,0015-09-03 21:05:10,18,21,2.576111111,Jeudi,ios,2.4955424,47158353,594591,461655,Parking public,1.71,11.65,Oujda,60000,34.67532171753542,-1.9084654221015958
9621579,3.38,0015-09-04 17:41:05,0015-09-04 19:00:11,17,19,1.318333333,Vendredi,ios,2.4955424,47158353,371335,461655,Parking public,3.3,11.15,Agadir,80000,30.42511320894491,-9.61674825245658
6887552,6.56,0015-09-10 17:40:28,0015-09-10 21:20:10,17,21,3.661666667,Jeudi,ios,2.4955424,47158353,594591,461655,Parking public,2.19,14.37,Oujda,60000,34.65739723239449,-1.8981769600848133
6393760,2.26,0015-09-11 11:34:15,0015-09-11 12:26:08,11,12,0.864722222,Vendredi,ios,2.4955424,47158353,594591,461655,Parking public,2.93,6.62,Oujda,60000,34.661046813267674,-1.91073318169063
4990613,6.24,0015-09-14 12:55:18,0015-09-14 15:52:08,12,15,2.947222222,Lundi,ios,2.4955424,47158353,920264,461655,Parking public,2.51,15.66,Marrakech,40000,31.623049613384403,-7.974841221065581
5573605,6.3,0015-09-15 17:19:58,0015-09-15 20:59:08,17,20,3.652777778,Mardi,ios,2.4955424,47158353,129465,461655,Parking public,1.85,11.66,Fès,30000,34.03189633008302,-5.002646099707605
7599049,6.21,0015-09-16 17:45:06,0015-09-16 21:09:08,17,21,3.400555556,Mercredi,ios,2.4955424,47158353,371335,461655,Parking public,2.0,12.42,Agadir,80000,30.43380123288716,-9.57837746097092
4191889,6.31,0015-09-30 17:41:56,0015-09-30 20:54:08,17,20,3.203333333,Mercredi,ios,2.4955424,47158353,371335,461655,Parking public,2.38,15.02,Agadir,80000,30.41529975472256,-9.578326237059018
6431044,5.56,0015-10-01 17:55:26,0015-10-01 21:10:10,17,21,3.245555556,Jeudi,ios,2.4955424,47158353,129465,461655,Parking public,2.38,13.23,Fès,30000,34.04479891316759,-4.987736670690537
7794819,6.26,0015-10-02 16:45:27,0015-10-02 20:28:06,16,20,3.710833333,Vendredi,ios,2.4955424,47158353,129465,461655,Parking public,2.55,15.96,Fès,30000,34.05470734383135,-5.023975917356212
4740152,5.33,0015-05-06 12:01:03,0015-05-06 14:39:07,12,14,2.634444444,Mercredi,ios,24.0972706,45267948,371335,461655,Parking public,1.82,9.7,Agadir,80000,30.444591059333604,-9.577768768285756
3350807,6.93,0015-05-07 11:54:45,0015-05-07 16:15:11,11,16,4.340555556,Jeudi,ios,24.0972706,45267948,569889,461655,Parking public,2.25,15.59,Agadir,80000,30.400177129520902,-9.587839221168027
7026352,5.56,0015-05-08 12:07:50,0015-05-08 16:31:07,12,16,4.388055556,Vendredi,ios,24.0972706,45267948,371335,461655,Parking public,2.07,11.51,Agadir,80000,30.426630416835472,-9.586278550039742
9503621,5.56,0015-05-11 13:03:47,0015-05-11 15:51:06,13,15,2.788611111,Lundi,ios,24.0972706,45267948,569889,461655,Parking public,2.32,12.9,Agadir,80000,30.40409581070509,-9.606321029575769
5386490,1.42,0015-05-11 18:25:37,0015-05-11 22:58:05,18,22,4.541111111,Lundi,ios,24.0972706,45267948,129465,461655,Parking public,2.18,3.1,Fès,30000,34.01762270095175,-4.97754322663058
5045814,7.6,0015-05-12 12:37:57,0015-05-12 15:56:05,12,15,3.302222222,Mardi,ios,24.0972706,45267948,569889,461655,Parking public,2.7,20.52,Agadir,80000,30.45699975559603,-9.584577703985909
8530132,6.26,0015-05-13 19:30:59,0015-05-13 21:35:12,19,21,2.070277778,Mercredi,ios,24.0972706,45267948,129465,461655,Parking public,3.08,19.28,Fès,30000,34.011649732574085,-5.023544572008248
3908178,6.89,0015-05-14 12:22:48,0015-05-14 15:57:06,12,15,3.571666667,Jeudi,ios,24.0972706,45267948,569889,461655,Parking public,2.79,19.22,Agadir,80000,30.427733289207083,-9.60363331793563
2142802,2.29,0015-05-14 18:00:12,0015-05-14 22:53:09,18,22,4.8825,Jeudi,ios,24.0972706,45267948,129465,461655,Parking public,1.63,3.73,Fès,30000,34.04018934405909,-4.977117178282391
4141353,5.25,0015-05-18 12:22:25,0015-05-18 16:28:06,12,16,4.094722222,Lundi,ios,24.0972706,45267948,371335,461655,Parking public,1.69,8.87,Agadir,80000,30.43994789823265,-9.625268197898158
2340537,6.73,0015-05-19 16:44:47,0015-05-19 20:42:06,16,20,3.955277778,Mardi,ios,24.0972706,45267948,612116,461655,Parking public,2.86,19.25,Tanger,90000,35.76307892100922,-5.806315002821477
1311275,5.44,0015-05-20 12:27:19,0015-05-20 15:51:06,12,15,3.396388889,Mercredi,ios,24.0972706,45267948,594591,461655,Parking public,2.07,11.26,Oujda,60000,34.657286250845154,-1.9006502459008263
2696677,5.42,0015-05-21 12:26:28,0015-05-21 16:06:06,12,16,3.660555556,Jeudi,ios,24.0972706,45267948,371335,461655,Parking public,2.95,15.99,Agadir,80000,30.41738767849464,-9.590217441341398
8696593,4.97,0015-05-22 12:12:47,0015-05-22 14:49:06,12,14,2.605277778,Vendredi,ios,24.0972706,45267948,594591,461655,Parking public,2.81,13.97,Oujda,60000,34.68776269860309,-1.9251664446107204
6506700,7.05,0015-05-26 12:34:03,0015-05-26 15:59:06,12,15,3.4175,Mardi,ios,24.0972706,45267948,612116,461655,Parking public,3.31,23.34,Tanger,90000,35.73477198994869,-5.849072492675649
2650561,4.77,0015-05-27 11:13:40,0015-05-27 14:30:13,11,14,3.275833333,Mercredi,ios,24.0972706,45267948,371335,461655,Parking public,3.25,15.5,Agadir,80000,30.41883761587255,-9.571576506830684
8154465,7.86,0015-05-28 12:45:02,0015-05-28 16:35:14,12,16,3.836666667,Jeudi,ios,24.0972706,45267948,594591,461655,Parking public,2.17,17.06,Oujda,60000,34.65869218652748,-1.9235036527459526
4496995,4.92,0015-05-29 11:29:04,0015-05-29 15:54:06,11,15,4.417222222,Vendredi,ios,24.0972706,45267948,371335,461655,Parking public,2.67,13.14,Agadir,80000,30.4025147098293,-9.58156968219686
3617689,6.93,0015-06-02 12:41:41,0015-06-02 15:40:11,12,15,2.975,Mardi,ios,24.0972706,45267948,569889,461655,Parking public,1.78,12.34,Agadir,80000,30.421615396572097,-9.604512692107576
6508489,6.05,0015-06-03 19:35:52,0015-06-03 22:22:06,19,22,2.770555556,Mercredi,ios,24.0972706,45267948,129465,461655,Parking public,2.2,13.31,Fès,30000,34.01106294524258,-5.0219447557529175
3975291,4.77,0015-06-04 12:54:12,0015-06-04 16:25:07,12,16,3.515277778,Jeudi,ios,24.0972706,45267948,920264,461655,Parking public,3.44,16.41,Marrakech,40000,31.633552450895692,-8.010457082138277
5886855,6.93,0015-06-05 19:20:51,0015-06-05 22:56:05,19,22,3.587222222,Vendredi,ios,24.0972706,45267948,129465,461655,Parking public,2.9,20.1,Fès,30000,34.044467898148234,-4.9976445597790855
9118529,5.36,0015-06-08 12:11:19,0015-06-08 15:49:05,12,15,3.629444444,Lundi,ios,24.0972706,45267948,569889,461655,Parking public,2.28,12.22,Agadir,80000,30.445835201946547,-9.569553270887065
5408764,4.86,0015-06-09 12:03:02,0015-06-09 15:59:07,12,15,3.934722222,Mardi,ios,24.0972706,45267948,594591,461655,Parking public,2.69,13.07,Oujda,60000,34.66870901465469,-1.9192518283714477
3934160,7.58,0015-06-11 11:56:34,0015-06-11 17:24:06,11,17,5.458888889,Jeudi,ios,24.0972706,45267948,569889,461655,Parking public,3.38,25.62,Agadir,80000,30.407848954935545,-9.606668459960417
4797962,5.82,0015-06-23 12:09:30,0015-06-23 15:10:08,12,15,3.010555556,Mardi,ios,24.0972706,45267948,371335,461655,Parking public,2.12,12.34,Agadir,80000,30.404074070420066,-9.607454502929034
6991392,5.98,0015-06-24 11:56:49,0015-06-24 16:53:05,11,16,4.937777778,Mercredi,ios,24.0972706,45267948,569889,461655,Parking public,2.25,13.46,Agadir,80000,30.435985814972618,-9.596867369761709
6416641,7.4,0015-07-06 12:49:57,0015-07-06 15:42:05,12,15,2.868888889,Lundi,ios,24.0972706,45267948,594591,461655,Parking public,3.08,22.79,Oujda,60000,34.69908854358921,-1.9149601069945423
9612753,1.6,0015-07-06 19:50:01,0015-07-06 22:34:05,19,22,2.734444444,Lundi,ios,24.0972706,45267948,594591,461655,Parking public,3.13,5.01,Oujda,60000,34.65859516868954,-1.8886051223963791
2692638,7.43,0015-07-07 17:59:02,0015-07-07 20:59:05,17,20,3.000833333,Mardi,ios,24.0972706,45267948,129465,461655,Parking public,2.84,21.1,Fès,30000,34.059272734774616,-4.99996875249659
9759620,6.86,0015-07-08 12:14:41,0015-07-08 15:35:12,12,15,3.341944444,Mercredi,ios,24.0972706,45267948,920264,461655,Parking public,3.16,21.68,Marrakech,40000,31.60261827701909,-7.980634529708685
4121312,7.51,0015-07-09 14:42:39,0015-07-09 18:35:12,14,18,3.875833333,Jeudi,ios,24.0972706,45267948,129465,461655,Parking public,2.98,22.38,Fès,30000,34.03557778011806,-5.0219977043167665
8215779,7.52,0015-07-10 11:49:07,0015-07-10 15:27:06,11,15,3.633055556,Vendredi,ios,24.0972706,45267948,920264,461655,Parking public,2.87,21.58,Marrakech,40000,31.642043631167056,-7.952135627545377
3490051,7.24,0015-07-13 13:32:48,0015-07-13 16:49:06,13,16,3.271666667,Lundi,ios,24.0972706,45267948,920264,461655,Parking public,2.55,18.46,Marrakech,40000,31.651758147424765,-7.99610162654787
3825294,7.19,0015-07-14 17:24:36,0015-07-14 23:13:05,17,23,5.808055556,Mardi,ios,24.0972706,45267948,129465,461655,Parking public,2.79,20.06,Fès,30000,34.045945215927944,-5.025898155952424
3725155,7.13,0015-07-15 13:23:28,0015-07-15 20:12:05,13,20,6.810277778,Mercredi,ios,24.0972706,45267948,129465,461655,Parking public,2.35,16.76,Fès,30000,34.05120368498419,-4.990511225061487
8220236,6.77,0015-07-16 13:18:15,0015-07-16 16:35:15,13,16,3.283333333,Jeudi,ios,24.0972706,45267948,612116,461655,Parking public,2.22,15.03,Tanger,90000,35.749867011552574,-5.828278017790587
7705326,6.71,0015-07-17 12:26:54,0015-07-17 17:12:05,12,17,4.753055556,Vendredi,ios,24.0972706,45267948,371335,461655,Parking public,2.23,14.96,Agadir,80000,30.446689506824793,-9.603191260760436
6354805,6.28,0015-07-20 12:56:12,0015-07-20 16:47:07,12,16,3.848611111,Lundi,ios,24.0972706,45267948,612116,461655,Parking public,1.86,11.68,Tanger,90000,35.73430689078308,-5.838668465967159
1894829,7.64,0015-07-22 12:30:37,0015-07-22 17:20:07,12,17,4.825,Mercredi,ios,24.0972706,45267948,549414,461655,Parking public,1.93,14.75,Tanger,90000,35.78318899936363,-5.816896164737214
5288948,7.64,0015-07-23 12:35:40,0015-07-23 16:37:06,12,16,4.023888889,Jeudi,ios,24.0972706,45267948,612116,461655,Parking public,3.4,25.98,Tanger,90000,35.762355542569225,-5.852257241594021
1767705,6.63,0015-07-24 11:53:57,0015-07-24 14:06:06,11,14,2.2025,Vendredi,ios,24.0972706,45267948,549414,461655,Parking public,2.47,16.38,Tanger,90000,35.77853786619775,-5.814784800863306
4249754,6.92,0015-07-28 11:54:31,0015-07-28 16:00:07,11,16,4.093333333,Mardi,ios,24.0972706,45267948,549414,461655,Parking public,1.95,13.49,Tanger,90000,35.7566390970711,-5.825075173166298
7857520,8.02,0015-07-29 11:47:43,0015-07-29 17:07:07,11,17,5.323333333,Mercredi,ios,24.0972706,45267948,549414,461655,Parking public,1.78,14.28,Tanger,90000,35.76811466171179,-5.838861813573228
4620707,7.9,0015-07-30 13:16:49,0015-07-30 16:43:06,13,16,3.438055556,Jeudi,ios,24.0972706,45267948,569889,461655,Parking public,1.65,13.04,Agadir,80000,30.42938415965617,-9.600618283004968
9456050,7.36,0015-07-31 12:05:47,0015-07-31 15:26:06,12,15,3.338611111,Vendredi,ios,24.0972706,45267948,569889,461655,Parking public,3.19,23.48,Agadir,80000,30.44169537130532,-9.612701167568835
7665938,4.99,0015-08-03 12:38:34,0015-08-03 15:20:09,12,15,2.693055556,Lundi,ios,24.0972706,45267948,549414,461655,Parking public,1.7,8.48,Tanger,90000,35.73439779892184,-5.818873140038181
4976769,7.56,0015-08-04 17:38:52,0015-08-04 21:36:07,17,21,3.954166667,Mardi,ios,24.0972706,45267948,920264,461655,Parking public,3.04,22.98,Marrakech,40000,31.603121125039433,-7.980327515461684
4608932,6.78,0015-08-06 12:11:31,0015-08-06 15:58:05,12,15,3.776111111,Jeudi,ios,24.0972706,45267948,371335,461655,Parking public,3.17,21.49,Agadir,80000,30.41262619404061,-9.60884872743501
4911258,5.0,0015-08-14 12:17:58,0015-08-14 15:50:08,12,15,3.536111111,Vendredi,ios,24.0972706,45267948,549414,461655,Parking public,3.27,16.35,Tanger,90000,35.73907268080679,-5.828236993054342
4092062,6.62,0015-08-18 12:35:05,0015-08-18 16:24:06,12,16,3.816944444,Mardi,ios,24.0972706,45267948,371335,461655,Parking public,1.58,10.46,Agadir,80000,30.450107013995535,-9.568355932876921
3083090,5.28,0015-08-19 11:56:21,0015-08-19 15:51:06,11,15,3.9125,Mercredi,ios,24.0972706,45267948,549414,461655,Parking public,2.17,11.46,Tanger,90000,35.74265283924149,-5.837884263220606
4232020,4.74,0015-08-20 12:21:14,0015-08-20 15:47:06,12,15,3.431111111,Jeudi,ios,24.0972706,45267948,549414,461655,Parking public,3.03,14.36,Tanger,90000,35.78805191534915,-5.808758515953283
9195467,6.92,0015-08-21 12:42:43,0015-08-21 16:07:06,12,16,3.406388889,Vendredi,ios,24.0972706,45267948,549414,461655,Parking public,1.76,12.18,Tanger,90000,35.74971374750627,-5.843298989604525
2858851,6.62,0015-08-24 12:36:38,0015-08-24 16:03:06,12,16,3.441111111,Lundi,ios,24.0972706,45267948,612116,461655,Parking public,2.25,14.9,Tanger,90000,35.74042707494132,-5.860716037584501
7942538,6.8,0015-08-25 12:00:28,0015-08-25 15:56:05,12,15,3.926944444,Mardi,ios,24.0972706,45267948,549414,461655,Parking public,1.82,12.38,Tanger,90000,35.77688191042855,-5.8517454736178935
1974810,4.75,0015-08-26 12:16:33,0015-08-26 13:50:13,12,13,1.561111111,Mercredi,ios,24.0972706,45267948,549414,461655,Parking public,3.16,15.01,Tanger,90000,35.76902246653005,-5.838878291400339
4834937,6.47,0015-08-27 12:18:58,0015-08-27 15:54:06,12,15,3.585555556,Jeudi,ios,24.0972706,45267948,549414,461655,Parking public,3.04,19.67,Tanger,90000,35.75939174298719,-5.8508219042843255
8633711,6.77,0015-08-28 11:25:33,0015-08-28 17:10:11,11,17,5.743888889,Vendredi,ios,24.0972706,45267948,549414,461655,Parking public,3.12,21.12,Tanger,90000,35.76282181305626,-5.863986377706905
9312955,6.79,0015-09-01 12:24:42,0015-09-01 16:06:08,12,16,3.690555556,Mardi,ios,24.0972706,45267948,549414,461655,Parking public,1.83,12.43,Tanger,90000,35.77265210669634,-5.809099907735148
2973616,4.77,0015-09-02 12:15:53,0015-09-02 16:12:08,12,16,3.9375,Mercredi,ios,24.0972706,45267948,549414,461655,Parking public,2.38,11.35,Tanger,90000,35.74320728447988,-5.813367235326144
6756770,7.74,0015-09-03 12:29:50,0015-09-03 18:03:07,12,18,5.554722222,Jeudi,ios,24.0972706,45267948,549414,461655,Parking public,2.32,17.96,Tanger,90000,35.789280034963404,-5.8194624661107826
2747973,4.63,0015-09-04 12:04:07,0015-09-04 13:47:06,12,13,1.716388889,Vendredi,ios,24.0972706,45267948,549414,461655,Parking public,2.85,13.2,Tanger,90000,35.78798758972881,-5.853931124261238
7999305,4.81,0015-09-08 12:46:09,0015-09-08 16:03:08,12,16,3.283055556,Mardi,ios,24.0972706,45267948,549414,461655,Parking public,1.98,9.52,Tanger,90000,35.76851954118082,-5.856778185427401
9725689,3.21,0015-09-09 21:14:43,0015-09-09 22:18:05,21,22,1.056111111,Mercredi,ios,24.0972706,45267948,549414,461655,Parking public,2.39,7.67,Tanger,90000,35.74147254705575,-5.8599437150316565
7205396,6.17,0015-09-10 18:49:28,0015-09-10 21:59:08,18,21,3.161111111,Jeudi,ios,24.0972706,45267948,549414,461655,Parking public,2.07,12.77,Tanger,90000,35.770313694545884,-5.820558248673624
9810654,6.55,0015-09-11 12:54:53,0015-09-11 16:34:07,12,16,3.653888889,Vendredi,ios,24.0972706,45267948,569889,461655,Parking public,3.0,19.65,Agadir,80000,30.402131904538752,-9.572371522358727
8726710,5.25,0015-09-14 12:14:56,0015-09-14 15:15:15,12,15,3.005277778,Lundi,ios,24.0972706,45267948,549414,461655,Parking public,2.4,12.6,Tanger,90000,35.73133915013235,-5.838167850745218
4399824,5.66,0015-09-16 19:36:03,0015-09-16 22:20:12,19,22,2.735833333,Mercredi,ios,24.0972706,45267948,549414,461655,Parking public,2.57,14.55,Tanger,90000,35.744960973310675,-5.856851559680237
8707083,5.18,0015-09-21 19:16:06,0015-09-21 22:54:07,19,22,3.633611111,Lundi,ios,24.0972706,45267948,920264,461655,Parking public,2.12,10.98,Marrakech,40000,31.62725737740436,-7.980356430756073
1729270,6.19,0015-09-22 12:40:26,0015-09-22 16:30:08,12,16,3.828333333,Mardi,ios,24.0972706,45267948,549414,461655,Parking public,3.12,19.31,Tanger,90000,35.781596350324506,-5.8430700855524815
5300478,6.84,0015-09-24 12:53:51,0015-09-24 16:44:05,12,16,3.837222222,Jeudi,ios,24.0972706,45267948,129465,461655,Parking public,2.44,16.69,Fès,30000,34.04673014418598,-5.007810504539
2463451,6.45,0015-09-25 12:11:46,0015-09-25 14:19:05,12,14,2.121944444,Vendredi,ios,24.0972706,45267948,371335,461655,Parking public,3.17,20.45,Agadir,80000,30.442362391272,-9.590820162550658
8391017,4.8,0015-09-28 18:24:08,0015-09-28 21:29:07,18,21,3.083055556,Lundi,ios,24.0972706,45267948,371335,461655,Parking public,2.24,10.75,Agadir,80000,30.423329600066886,-9.584976913204269
9051594,7.14,0015-09-29 17:31:18,0015-09-29 21:23:07,17,21,3.863611111,Mardi,ios,24.0972706,45267948,594591,461655,Parking public,3.39,24.2,Oujda,60000,34.67745609955282,-1.9347637840676104
4750104,5.25,0015-09-30 12:19:34,0015-09-30 16:39:07,12,16,4.325833333,Mercredi,ios,24.0972706,45267948,371335,461655,Parking public,3.47,18.22,Agadir,80000,30.420062325779078,-9.625964586151612
7479749,7.17,0015-10-01 12:44:03,0015-10-01 16:39:07,12,16,3.917777778,Jeudi,ios,24.0972706,45267948,594591,461655,Parking public,2.42,17.35,Oujda,60000,34.715958973824165,-1.881740181838857
6181694,0.0,0015-10-02 12:29:42,0015-10-02 12:31:06,12,12,0.023333333,Vendredi,ios,,45267948,129465,461655,Parking public,2.06,0.0,Fès,30000,34.00550655148475,-5.016336299065067
5740799,7.04,0015-10-02 12:32:58,0015-10-02 15:16:07,12,15,2.719166667,Vendredi,ios,24.0972706,45267948,129465,461655,Parking public,2.26,15.91,Fès,30000,34.05512188976734,-5.027070168505492
7602915,6.84,0015-03-17 11:17:26,0015-03-17 14:14:05,11,14,2.944166667,Mardi,ios,21.0238262,32751774,129465,461655,Parking public,2.55,17.44,Fès,30000,34.03782052451434,-5.018907480254245
3927755,6.68,0015-03-18 11:13:05,0015-03-18 13:56:05,11,13,2.716666667,Mercredi,ios,21.0238262,32751774,920264,461655,Parking public,3.43,22.91,Marrakech,40000,31.625816925151376,-8.008762529219092
2905400,5.35,0015-03-19 11:09:14,0015-03-19 12:56:05,11,12,1.780833333,Jeudi,ios,21.0238262,32751774,569889,461655,Parking public,3.13,16.75,Agadir,80000,30.44131545962491,-9.60459134632297
9893968,2.51,0015-03-19 14:44:15,0015-03-19 15:42:05,14,15,0.963888889,Jeudi,ios,21.0238262,32751774,569889,461655,Parking public,3.1,7.78,Agadir,80000,30.427000136485482,-9.57995589293292
5722115,0.02,0015-03-20 11:07:25,0015-03-20 11:10:12,11,11,0.046388889,Vendredi,ios,21.0238262,32751774,569889,461655,Parking public,1.78,0.04,Agadir,80000,30.4502053942849,-9.607625333014537
3029328,6.59,0015-03-23 11:24:23,0015-03-23 13:41:06,11,13,2.278611111,Lundi,ios,21.0238262,32751774,371335,461655,Parking public,2.0,13.18,Agadir,80000,30.451842111840676,-9.6014489955873
5183328,6.82,0015-03-25 11:34:00,0015-03-25 13:54:05,11,13,2.334722222,Mercredi,ios,21.0238262,32751774,371335,461655,Parking public,2.78,18.96,Agadir,80000,30.423103255612407,-9.587564793585955
8806931,5.47,0015-03-26 11:12:12,0015-03-26 13:00:16,11,13,1.801111111,Jeudi,ios,21.0238262,32751774,594591,461655,Parking public,3.25,17.78,Oujda,60000,34.673309667834104,-1.9108663557958072
4375852,1.8,0015-03-26 13:04:29,0015-03-26 14:15:16,13,14,1.179722222,Jeudi,ios,14.8415176,32751774,792421,202527,Parking public,2.61,4.7,Meknès,50000,33.899041019715604,-5.52561325883872
7246592,6.83,0015-03-27 11:30:27,0015-03-27 15:19:07,11,15,3.811111111,Vendredi,ios,21.0238262,32751774,371335,461655,Parking public,1.71,11.68,Agadir,80000,30.452541800737002,-9.576137859497255
6319362,0.0,0015-04-01 11:33:20,0015-04-01 11:34:05,11,11,0.0125,Mercredi,ios,,32751774,371335,461655,Parking public,3.19,0.0,Agadir,80000,30.41043973134034,-9.62750535827053
7120531,6.77,0015-04-02 10:46:32,0015-04-02 13:57:05,10,13,3.175833333,Jeudi,ios,21.0238262,32751774,920264,461655,Parking public,3.2,21.66,Marrakech,40000,31.63687799501381,-7.964417221611008
5676148,1.81,0015-04-02 16:57:54,0015-04-02 19:47:05,16,19,2.819722222,Jeudi,ios,21.0238262,32751774,371335,461655,Parking public,2.07,3.75,Agadir,80000,30.43569361320555,-9.6004559839855
1850215,6.93,0015-04-06 14:17:13,0015-04-06 16:38:05,14,16,2.347777778,Lundi,ios,21.0238262,32751774,371335,461655,Parking public,3.03,21.0,Agadir,80000,30.44178678134492,-9.56876956752178
8725264,6.89,0015-04-07 11:06:25,0015-04-07 13:29:06,11,13,2.378055556,Mardi,ios,21.0238262,32751774,569889,461655,Parking public,2.05,14.12,Agadir,80000,30.40569406110764,-9.599106075447475
7613205,2.03,0015-04-08 11:09:09,0015-04-08 11:50:08,11,11,0.683055556,Mercredi,ios,21.0238262,32751774,371335,461655,Parking public,3.31,6.72,Agadir,80000,30.440749497880926,-9.568886243276703
1160262,5.82,0015-04-08 13:21:11,0015-04-08 21:36:05,13,21,8.248333333,Mercredi,ios,21.0238262,32751774,943765,461655,Parking public,1.79,10.42,Agadir,80000,30.45234195123994,-9.582825838327656
7131170,6.91,0015-04-09 11:17:46,0015-04-09 16:13:05,11,16,4.921944444,Jeudi,ios,21.0238262,32751774,569889,461655,Parking public,2.37,16.38,Agadir,80000,30.408580986532215,-9.613183706923202
1865866,1.45,0015-04-09 17:39:41,0015-04-09 18:10:09,17,18,0.507777778,Jeudi,ios,21.0238262,32751774,569889,461655,Parking public,3.39,4.92,Agadir,80000,30.412052599495436,-9.595796301242784
5167394,5.84,0015-04-13 11:42:15,0015-04-13 18:21:05,11,18,6.647222222,Lundi,ios,21.0238262,32751774,371335,461655,Parking public,1.94,11.33,Agadir,80000,30.4560837056425,-9.568571861631286
1893828,6.79,0015-04-14 11:08:12,0015-04-14 14:23:05,11,14,3.248055556,Mardi,ios,21.0238262,32751774,920264,461655,Parking public,2.4,16.3,Marrakech,40000,31.610358617162568,-7.959648163534884
4739169,5.66,0015-04-15 11:45:53,0015-04-15 15:35:07,11,15,3.820555556,Mercredi,ios,21.0238262,32751774,371335,461655,Parking public,2.2,12.45,Agadir,80000,30.449063105602175,-9.622257986372528
8119738,6.91,0015-04-16 10:59:00,0015-04-16 16:16:05,10,16,5.284722222,Jeudi,ios,21.0238262,32751774,612116,461655,Parking public,1.55,10.71,Tanger,90000,35.75903667138689,-5.8216176801914
6605909,5.16,0015-04-17 11:36:22,0015-04-17 14:22:05,11,14,2.761944444,Vendredi,ios,21.0238262,32751774,371335,461655,Parking public,1.61,8.31,Agadir,80000,30.41263386446419,-9.607365224847753
5010090,1.7,0015-04-20 10:09:00,0015-04-20 10:44:05,10,10,0.584722222,Lundi,ios,21.0238262,32751774,612116,461655,Parking public,2.5,4.25,Tanger,90000,35.781744994076355,-5.863581064287179
6598950,5.3,0015-04-20 12:22:05,0015-04-20 15:41:05,12,15,3.316666667,Lundi,ios,21.0238262,32751774,431796,461655,Parking public,1.97,10.44,Casablanca,20000,33.569818315300154,-7.59559114185838
2320295,6.58,0015-04-21 12:01:46,0015-04-21 17:04:06,12,17,5.038888889,Mardi,ios,21.0238262,32751774,878706,461655,Parking public,3.49,22.96,Tanger,90000,35.76038904123578,-5.849914734696501
2565954,6.35,0015-04-22 12:02:05,0015-04-22 17:15:13,12,17,5.218888889,Mercredi,ios,21.0238262,32751774,943765,461655,Parking public,2.25,14.29,Agadir,80000,30.41935400216399,-9.578967843768773
4358006,6.73,0015-04-23 10:52:48,0015-04-23 15:13:05,10,15,4.338055556,Jeudi,ios,21.0238262,32751774,878706,461655,Parking public,1.56,10.5,Tanger,90000,35.765077051086095,-5.843760163469254
7275599,6.49,0015-04-24 11:30:39,0015-04-24 15:25:12,11,15,3.909166667,Vendredi,ios,21.0238262,32751774,878706,461655,Parking public,3.36,21.81,Tanger,90000,35.7393114323551,-5.814348578362771
2910388,5.83,0015-04-27 11:27:19,0015-04-27 13:51:06,11,13,2.396388889,Lundi,ios,21.0238262,32751774,943765,461655,Parking public,3.18,18.54,Agadir,80000,30.42126489219911,-9.628064123669914
9262993,6.91,0015-04-28 11:06:37,0015-04-28 15:57:06,11,15,4.841388889,Mardi,ios,21.0238262,32751774,431796,461655,Parking public,2.8,19.35,Casablanca,20000,33.60126473934012,-7.601330850998433
9100030,5.55,0015-04-29 10:38:31,0015-04-29 17:00:14,10,17,6.361944444,Mercredi,ios,21.0238262,32751774,431796,461655,Parking public,3.08,17.09,Casablanca,20000,33.558588005962065,-7.605330087141534
6385574,6.66,0015-04-30 17:03:53,0015-04-30 20:13:05,17,20,3.153333333,Jeudi,ios,21.0238262,32751774,431796,461655,Parking public,1.78,11.85,Casablanca,20000,33.582504199872474,-7.605785958335884
2954694,0.66,0015-05-06 11:37:12,0015-05-06 11:52:07,11,11,0.248611111,Mercredi,ios,21.0238262,32751774,431796,461655,Parking public,2.07,1.37,Casablanca,20000,33.56261140385348,-7.615708802814073
1881587,6.68,0015-05-07 10:29:27,0015-05-07 14:52:07,10,14,4.377777778,Jeudi,ios,21.0238262,32751774,878706,461655,Parking public,3.16,21.11,Tanger,90000,35.7759083875412,-5.8527725437753695
7920641,6.59,0015-05-08 10:54:54,0015-05-08 14:02:08,10,14,3.120555556,Vendredi,ios,21.0238262,32751774,431796,461655,Parking public,2.89,19.05,Casablanca,20000,33.550952419643096,-7.586467025806863
7892870,4.86,0015-05-11 11:40:24,0015-05-11 13:17:07,11,13,1.611944444,Lundi,ios,21.0238262,32751774,878706,461655,Parking public,1.78,8.65,Tanger,90000,35.78768926270472,-5.846518335629735
4273923,6.62,0015-05-13 10:45:46,0015-05-13 15:37:06,10,15,4.855555556,Mercredi,ios,21.0238262,32751774,878706,461655,Parking public,2.91,19.26,Tanger,90000,35.75672737248302,-5.838956313060251
3075616,4.76,0015-05-15 11:22:15,0015-05-15 13:54:05,11,13,2.530555556,Vendredi,ios,21.0238262,32751774,878706,461655,Parking public,2.4,11.42,Tanger,90000,35.74366302780079,-5.841387987179169
6527360,6.41,0015-05-18 11:46:21,0015-05-18 15:32:05,11,15,3.762222222,Lundi,ios,21.0238262,32751774,582873,461655,Parking public,1.51,9.68,Fès,30000,34.0075098048398,-4.977745704500006
5664133,4.95,0015-05-19 11:20:49,0015-05-19 13:39:07,11,13,2.305,Mardi,ios,21.0238262,32751774,878706,461655,Parking public,1.66,8.22,Tanger,90000,35.739685474305254,-5.809682060059369
5623929,6.38,0015-05-20 11:41:07,0015-05-20 15:48:07,11,15,4.116666667,Mercredi,ios,21.0238262,32751774,878706,461655,Parking public,2.01,12.82,Tanger,90000,35.76068643691336,-5.834422581700648
9556597,5.31,0015-05-21 11:35:46,0015-05-21 15:11:06,11,15,3.588888889,Jeudi,ios,21.0238262,32751774,878706,461655,Parking public,3.17,16.83,Tanger,90000,35.74972019058588,-5.844190642981063
7296160,6.36,0015-05-22 11:00:48,0015-05-22 15:05:08,11,15,4.072222222,Vendredi,ios,21.0238262,32751774,878706,461655,Parking public,2.6,16.54,Tanger,90000,35.77923300195296,-5.857591957759857
6952363,4.68,0015-05-26 11:17:01,0015-05-26 14:55:15,11,14,3.637222222,Mardi,ios,21.0238262,32751774,878706,461655,Parking public,2.95,13.81,Tanger,90000,35.75535325141971,-5.806795827237074
2510083,5.84,0015-05-28 10:33:45,0015-05-28 14:49:07,10,14,4.256111111,Jeudi,ios,21.0238262,32751774,582873,461655,Parking public,2.56,14.95,Fès,30000,34.01802285635525,-5.026686383305982
3585643,4.48,0015-05-29 11:04:33,0015-05-29 15:17:05,11,15,4.208888889,Vendredi,ios,21.0238262,32751774,878706,461655,Parking public,1.72,7.71,Tanger,90000,35.76652869919624,-5.846140983345903
9798481,6.55,0015-06-01 11:16:50,0015-06-01 13:52:09,11,13,2.588611111,Lundi,ios,21.0238262,32751774,878706,461655,Parking public,2.08,13.62,Tanger,90000,35.77190663301313,-5.846116027929799
5245899,6.31,0015-06-02 11:14:16,0015-06-02 15:08:05,11,15,3.896944444,Mardi,ios,21.0238262,32751774,878706,461655,Parking public,2.1,13.25,Tanger,90000,35.73952251447406,-5.8447759228315865
4833501,5.46,0015-06-03 11:35:38,0015-06-03 15:07:06,11,15,3.524444444,Mercredi,ios,21.0238262,32751774,878706,461655,Parking public,1.6,8.74,Tanger,90000,35.739557152977305,-5.854142789403655
7183795,6.63,0015-06-04 11:28:53,0015-06-04 16:28:04,11,16,4.986388889,Jeudi,ios,21.0238262,32751774,878706,461655,Parking public,2.34,15.51,Tanger,90000,35.731700285616014,-5.817010314144578
2465644,4.33,0015-06-05 11:06:58,0015-06-05 14:23:09,11,14,3.269722222,Vendredi,ios,21.0238262,32751774,878706,461655,Parking public,3.09,13.38,Tanger,90000,35.773684120903944,-5.85665012828204
9465156,4.25,0015-06-08 11:34:50,0015-06-08 14:48:06,11,14,3.221111111,Lundi,ios,21.0238262,32751774,582873,461655,Parking public,2.41,10.24,Fès,30000,34.0429282716573,-4.99220560045081
9654573,4.95,0015-06-09 11:13:19,0015-06-09 14:04:06,11,14,2.846388889,Mardi,ios,21.0238262,32751774,878706,461655,Parking public,1.72,8.51,Tanger,90000,35.75797785254499,-5.85656923839765
9897750,4.9,0015-06-10 11:23:54,0015-06-10 15:57:06,11,15,4.553333333,Mercredi,ios,21.0238262,32751774,878706,461655,Parking public,3.31,16.22,Tanger,90000,35.780150226938154,-5.859767861744422
7783878,0.54,0015-06-11 11:39:02,0015-06-11 11:51:11,11,11,0.2025,Jeudi,ios,21.0238262,32751774,878706,461655,Parking public,2.69,1.45,Tanger,90000,35.77784020917701,-5.809434229778847
7230828,5.56,0015-06-11 13:16:28,0015-06-11 18:10:12,13,18,4.895555556,Jeudi,ios,21.0238262,32751774,878706,461655,Parking public,1.53,8.51,Tanger,90000,35.76462126186381,-5.852592274020878
3735296,6.56,0015-06-15 11:19:04,0015-06-15 14:54:07,11,14,3.584166667,Lundi,ios,21.0238262,32751774,878706,461655,Parking public,2.53,16.6,Tanger,90000,35.7815962768308,-5.814724990726417
8156248,4.98,0015-06-16 12:24:01,0015-06-16 15:30:12,12,15,3.103055556,Mardi,ios,21.0238262,32751774,878706,461655,Parking public,1.98,9.86,Tanger,90000,35.74185047260221,-5.831322147733571
2617840,6.39,0015-06-17 10:59:59,0015-06-17 16:13:14,10,16,5.220833333,Mercredi,ios,21.0238262,32751774,878706,461655,Parking public,1.79,11.44,Tanger,90000,35.736215177163864,-5.859328608823473
3052743,4.3,0015-06-18 11:14:42,0015-06-18 15:25:10,11,15,4.174444444,Jeudi,ios,21.0238262,32751774,878706,461655,Parking public,2.36,10.15,Tanger,90000,35.745684976691024,-5.806673108513715
8627260,4.75,0015-06-19 12:00:05,0015-06-19 15:41:07,12,15,3.683888889,Vendredi,ios,21.0238262,32751774,878706,461655,Parking public,2.73,12.97,Tanger,90000,35.73292521136536,-5.849182329980486
5105267,4.75,0015-06-22 10:44:16,0015-06-22 13:48:07,10,13,3.064166667,Lundi,ios,21.0238262,32751774,878706,461655,Parking public,1.98,9.4,Tanger,90000,35.76137017168006,-5.812421279278843
9545887,4.52,0015-07-06 11:15:42,0015-07-06 15:15:12,11,15,3.991666667,Lundi,ios,21.0238262,32751774,878706,461655,Parking public,2.33,10.53,Tanger,90000,35.7856963415377,-5.853871399652926
8250268,4.32,0015-07-07 11:23:04,0015-07-07 14:09:05,11,14,2.766944444,Mardi,ios,21.0238262,32751774,878706,461655,Parking public,2.83,12.23,Tanger,90000,35.731860612440116,-5.812763427071489
2669612,6.7,0015-07-09 16:29:30,0015-07-09 19:54:05,16,19,3.409722222,Jeudi,ios,21.0238262,32751774,582873,461655,Parking public,1.67,11.19,Fès,30000,34.0104265948406,-5.029506271225682
8124131,5.23,0015-07-10 10:19:07,0015-07-10 13:59:06,10,13,3.666388889,Vendredi,ios,21.0238262,32751774,878706,461655,Parking public,3.45,18.04,Tanger,90000,35.75663194169701,-5.83329317260583
2446433,0.62,0015-07-13 15:21:21,0015-07-13 15:35:08,15,15,0.229722222,Lundi,ios,21.0238262,32751774,943765,461655,Parking public,1.64,1.02,Agadir,80000,30.453832501051675,-9.581933445234707
8927021,3.64,0015-07-13 15:37:30,0015-07-13 16:52:06,15,16,1.243333333,Lundi,ios,14.8415176,32751774,507660,202527,Parking public,2.55,9.28,Meknès,50000,33.88246936629861,-5.521212268950433
5089897,6.94,0015-07-14 11:34:03,0015-07-14 14:54:05,11,14,3.333888889,Mardi,ios,21.0238262,32751774,878706,461655,Parking public,2.51,17.42,Tanger,90000,35.759934088521305,-5.809447871827611
3654044,6.49,0015-07-15 10:27:03,0015-07-15 17:07:06,10,17,6.6675,Mercredi,ios,21.0238262,32751774,878706,461655,Parking public,3.48,22.59,Tanger,90000,35.731994371543024,-5.814822507827141
2089446,6.57,0015-07-16 11:11:55,0015-07-16 13:57:08,11,13,2.753611111,Jeudi,ios,21.0238262,32751774,878706,461655,Parking public,2.61,17.15,Tanger,90000,35.73840059205773,-5.810708519020322
7424896,6.42,0015-07-20 11:22:56,0015-07-20 15:01:07,11,15,3.636388889,Lundi,ios,21.0238262,32751774,878706,461655,Parking public,2.28,14.64,Tanger,90000,35.78869780737753,-5.852046818849775
9111701,6.51,0015-07-21 11:55:14,0015-07-21 14:29:05,11,14,2.564166667,Mardi,ios,21.0238262,32751774,878706,461655,Parking public,2.44,15.88,Tanger,90000,35.78740712178617,-5.846948942257296
2864592,6.71,0015-07-22 10:15:15,0015-07-22 13:08:05,10,13,2.880555556,Mercredi,ios,21.0238262,32751774,878706,461655,Parking public,2.77,18.59,Tanger,90000,35.72979639885607,-5.846661888504737
8148524,7.02,0015-07-23 12:02:27,0015-07-23 15:26:06,12,15,3.394166667,Jeudi,ios,21.0238262,32751774,878706,461655,Parking public,3.46,24.29,Tanger,90000,35.786608707125396,-5.8413767641398975
2903018,6.42,0015-07-24 11:22:20,0015-07-24 14:24:13,11,14,3.031388889,Vendredi,ios,21.0238262,32751774,878706,461655,Parking public,2.01,12.9,Tanger,90000,35.76784719626893,-5.840400759776888
2094546,4.89,0015-07-27 11:55:39,0015-07-27 15:31:06,11,15,3.590833333,Lundi,ios,21.0238262,32751774,878706,461655,Parking public,1.53,7.48,Tanger,90000,35.7815750976712,-5.831326680520719
7432008,6.34,0015-07-28 12:09:12,0015-07-28 19:02:11,12,19,6.883055556,Mardi,ios,21.0238262,32751774,878706,461655,Parking public,3.08,19.53,Tanger,90000,35.75678439133804,-5.854407214198013
4468211,4.33,0015-07-29 16:31:27,0015-07-29 19:14:07,16,19,2.711111111,Mercredi,ios,21.0238262,32751774,878706,461655,Parking public,2.19,9.48,Tanger,90000,35.76043576171476,-5.822525200172841
2309303,4.35,0015-07-30 10:54:11,0015-07-30 14:03:06,10,14,3.148611111,Jeudi,ios,21.0238262,32751774,878706,461655,Parking public,2.97,12.92,Tanger,90000,35.75883079481542,-5.85394600764173
4951324,4.34,0015-07-31 11:08:12,0015-07-31 15:17:06,11,15,4.148333333,Vendredi,ios,21.0238262,32751774,878706,461655,Parking public,2.76,11.98,Tanger,90000,35.76951185545277,-5.845381491073727
2757624,4.6,0015-08-03 14:37:57,0015-08-03 17:49:07,14,17,3.186111111,Lundi,ios,21.0238262,32751774,878706,461655,Parking public,3.04,13.98,Tanger,90000,35.737879075285385,-5.83379929216363
1548585,6.78,0015-08-04 11:31:50,0015-08-04 15:14:07,11,15,3.704722222,Mardi,ios,21.0238262,32751774,878706,461655,Parking public,2.97,20.14,Tanger,90000,35.73129841539237,-5.816213566308591
9667916,4.2,0015-08-05 11:19:08,0015-08-05 14:53:08,11,14,3.566666667,Mercredi,ios,21.0238262,32751774,878706,461655,Parking public,2.17,9.11,Tanger,90000,35.747975796495474,-5.819631846005676
8436139,6.92,0015-08-06 11:44:55,0015-08-06 14:55:07,11,14,3.17,Jeudi,ios,21.0238262,32751774,878706,461655,Parking public,1.59,11.0,Tanger,90000,35.771780845764205,-5.825267938615369
4355137,4.12,0015-08-07 10:34:07,0015-08-07 13:56:06,10,13,3.366388889,Vendredi,ios,21.0238262,32751774,878706,461655,Parking public,2.59,10.67,Tanger,90000,35.74161120712738,-5.85465360436519
2133815,4.15,0015-08-10 11:21:03,0015-08-10 15:07:08,11,15,3.768055556,Lundi,ios,21.0238262,32751774,878706,461655,Parking public,3.13,12.99,Tanger,90000,35.7699059459995,-5.831177279263065
5170756,6.65,0015-08-11 10:55:14,0015-08-11 13:44:08,10,13,2.815,Mardi,ios,21.0238262,32751774,878706,461655,Parking public,1.85,12.3,Tanger,90000,35.78769472276644,-5.858753209892006
8650473,4.72,0015-08-12 10:26:43,0015-08-12 14:11:12,10,14,3.741388889,Mercredi,ios,21.0238262,32751774,878706,461655,Parking public,3.06,14.44,Tanger,90000,35.735134042947365,-5.841358209392201
9408551,6.84,0015-08-13 11:24:06,0015-08-13 15:11:08,11,15,3.783888889,Jeudi,ios,21.0238262,32751774,878706,461655,Parking public,2.43,16.62,Tanger,90000,35.76985612709351,-5.839189008182602
6382971,6.49,0015-08-14 10:56:15,0015-08-14 13:34:07,10,13,2.631111111,Vendredi,ios,21.0238262,32751774,878706,461655,Parking public,2.89,18.76,Tanger,90000,35.756125013158275,-5.861611313633254
1748892,4.07,0015-08-14 17:23:43,0015-08-14 19:19:08,17,19,1.923611111,Vendredi,ios,21.0238262,32751774,878706,461655,Parking public,2.76,11.23,Tanger,90000,35.78158853526266,-5.847560714031801
9241161,4.34,0015-08-17 11:29:03,0015-08-17 15:22:08,11,15,3.884722222,Lundi,ios,21.0238262,32751774,878706,461655,Parking public,3.12,13.54,Tanger,90000,35.740128987366845,-5.80666103196401
8464237,6.46,0015-08-18 11:44:32,0015-08-18 13:52:06,11,13,2.126111111,Mardi,ios,21.0238262,32751774,878706,461655,Parking public,1.63,10.53,Tanger,90000,35.771057557133574,-5.806782043530219
7945577,0.56,0015-08-18 18:44:12,0015-08-18 20:50:08,18,20,2.098888889,Mardi,ios,14.8415176,32751774,507660,202527,Parking public,3.05,1.71,Meknès,50000,33.91378691737889,-5.556160376744848
5627531,4.38,0015-08-19 11:21:02,0015-08-19 15:16:06,11,15,3.917777778,Mercredi,ios,21.0238262,32751774,878706,461655,Parking public,2.42,10.6,Tanger,90000,35.78617685316844,-5.8614139934631
7141257,4.75,0015-08-20 11:27:29,0015-08-20 13:00:13,11,13,1.545555556,Jeudi,ios,21.0238262,32751774,878706,461655,Parking public,2.09,9.93,Tanger,90000,35.77049488169738,-5.853254303640309
5066890,3.99,0015-08-20 14:27:40,0015-08-20 17:46:07,14,17,3.3075,Jeudi,ios,21.0238262,32751774,878706,461655,Parking public,1.59,6.34,Tanger,90000,35.75933048584051,-5.840466932393987
2441375,6.01,0015-08-24 11:09:13,0015-08-24 13:07:06,11,13,1.964722222,Lundi,ios,21.0238262,32751774,878706,461655,Parking public,1.9,11.42,Tanger,90000,35.76657083441208,-5.807133218121846
3336350,2.31,0015-08-24 15:19:10,0015-08-24 19:19:05,15,19,3.998611111,Lundi,ios,21.0238262,32751774,943765,461655,Parking public,1.58,3.65,Agadir,80000,30.449934299068726,-9.61962805618777
2025534,4.32,0015-08-25 11:10:14,0015-08-25 15:34:06,11,15,4.397777778,Mardi,ios,21.0238262,32751774,878706,461655,Parking public,3.37,14.56,Tanger,90000,35.76373658479833,-5.818189049379907
2566381,2.33,0015-08-26 11:08:56,0015-08-26 11:55:08,11,11,0.77,Mercredi,ios,21.0238262,32751774,878706,461655,Parking public,2.53,5.89,Tanger,90000,35.73132322358181,-5.8574790476375185
4060982,6.69,0015-08-27 10:11:09,0015-08-27 15:41:05,10,15,5.498888889,Jeudi,ios,21.0238262,32751774,878706,461655,Parking public,3.48,23.28,Tanger,90000,35.78535692173042,-5.805124545356523
9016104,5.32,0015-08-31 11:00:16,0015-08-31 14:36:08,11,14,3.597777778,Lundi,ios,21.0238262,32751774,878706,461655,Parking public,2.59,13.78,Tanger,90000,35.7708716050619,-5.841103010053452
5231913,6.92,0015-09-01 10:43:47,0015-09-01 13:13:07,10,13,2.488888889,Mardi,ios,21.0238262,32751774,878706,461655,Parking public,2.01,13.91,Tanger,90000,35.77009080314664,-5.817485927666056
5450994,1.4,0015-09-01 16:44:20,0015-09-01 20:14:07,16,20,3.496388889,Mardi,ios,21.0238262,32751774,878706,461655,Parking public,3.01,4.21,Tanger,90000,35.74244050914387,-5.843444535031332
9603971,4.43,0015-09-02 11:03:41,0015-09-02 13:49:08,11,13,2.7575,Mercredi,ios,21.0238262,32751774,878706,461655,Parking public,1.88,8.33,Tanger,90000,35.76903312821396,-5.826339867370471
4289231,5.68,0015-09-03 10:58:27,0015-09-03 12:50:09,10,12,1.861666667,Jeudi,ios,21.0238262,32751774,878706,461655,Parking public,2.21,12.55,Tanger,90000,35.75313186433925,-5.852479034915597
5600657,1.49,0015-09-03 15:14:45,0015-09-03 19:29:06,15,19,4.239166667,Jeudi,ios,21.0238262,32751774,878706,461655,Parking public,3.06,4.56,Tanger,90000,35.76857397862249,-5.855238738842182
1327017,5.01,0015-09-04 10:42:29,0015-09-04 14:40:13,10,14,3.962222222,Vendredi,ios,21.0238262,32751774,878706,461655,Parking public,3.23,16.18,Tanger,90000,35.73589558181848,-5.807716151625912
1475322,2.37,0015-09-08 10:58:34,0015-09-08 11:46:07,10,11,0.7925,Mardi,ios,21.0238262,32751774,878706,461655,Parking public,2.16,5.12,Tanger,90000,35.76897071827619,-5.808941163325733
2221486,6.62,0015-09-09 11:23:16,0015-09-09 14:02:09,11,14,2.648055556,Mercredi,ios,21.0238262,32751774,878706,461655,Parking public,1.75,11.58,Tanger,90000,35.78946482354624,-5.810751863587226
6412876,6.88,0015-09-10 10:58:48,0015-09-10 13:33:08,10,13,2.572222222,Jeudi,ios,21.0238262,32751774,878706,461655,Parking public,2.24,15.41,Tanger,90000,35.73239272233164,-5.826473992990004
4024288,4.21,0015-09-11 10:59:00,0015-09-11 17:23:07,10,17,6.401944444,Vendredi,ios,21.0238262,32751774,878706,461655,Parking public,3.28,13.81,Tanger,90000,35.788130451053284,-5.815503907327023
3058991,6.28,0015-09-14 11:33:25,0015-09-14 15:32:09,11,15,3.978888889,Lundi,ios,21.0238262,32751774,878706,461655,Parking public,2.99,18.78,Tanger,90000,35.75391447764338,-5.859857783785317
8143815,6.89,0015-09-15 10:43:20,0015-09-15 16:09:10,10,16,5.430555556,Mardi,ios,21.0238262,32751774,878706,461655,Parking public,3.29,22.67,Tanger,90000,35.781745207020236,-5.843912657486559
7890969,6.51,0015-09-16 11:10:57,0015-09-16 15:34:08,11,15,4.386388889,Mercredi,ios,21.0238262,32751774,878706,461655,Parking public,2.27,14.78,Tanger,90000,35.7764431290435,-5.84517781251457
5079762,7.01,0015-09-17 10:52:37,0015-09-17 15:04:07,10,15,4.191666667,Jeudi,ios,21.0238262,32751774,878706,461655,Parking public,3.45,24.18,Tanger,90000,35.763520975659205,-5.825861280682843
8687538,4.38,0015-09-18 11:09:14,0015-09-18 15:05:12,11,15,3.932777778,Vendredi,ios,21.0238262,32751774,878706,461655,Parking public,2.49,10.91,Tanger,90000,35.773806952555084,-5.8426425335917616
1705537,1.66,0015-09-18 17:25:06,0015-09-18 21:13:10,17,21,3.801111111,Vendredi,ios,21.0238262,32751774,878706,461655,Parking public,2.5,4.15,Tanger,90000,35.78221093367809,-5.855089593101379
5692114,6.43,0015-09-21 12:00:35,0015-09-21 15:45:08,12,15,3.7425,Lundi,ios,21.0238262,32751774,431796,461655,Parking public,3.35,21.54,Casablanca,20000,33.56734841929906,-7.584011975475188
7981055,6.9,0015-09-22 11:06:57,0015-09-22 15:18:09,11,15,4.186666667,Mardi,ios,21.0238262,32751774,431796,461655,Parking public,2.54,17.53,Casablanca,20000,33.56272198969379,-7.570936964759856
6916794,6.42,0015-09-23 11:29:09,0015-09-23 15:15:10,11,15,3.766944444,Mercredi,ios,21.0238262,32751774,878706,461655,Parking public,3.1,19.9,Tanger,90000,35.76955560313382,-5.841072590332401
4782478,1.93,0015-09-23 17:43:49,0015-09-23 20:54:06,17,20,3.171388889,Mercredi,ios,21.0238262,32751774,878706,461655,Parking public,2.95,5.69,Tanger,90000,35.77797075651648,-5.8560638770940905
4851965,6.93,0015-09-24 10:55:41,0015-09-24 14:20:13,10,14,3.408888889,Jeudi,ios,21.0238262,32751774,431796,461655,Parking public,1.66,11.5,Casablanca,20000,33.588837108086594,-7.607998708161231
1836265,2.21,0015-09-24 17:47:55,0015-09-24 19:53:06,17,19,2.086388889,Jeudi,ios,21.0238262,32751774,878706,461655,Parking public,2.7,5.97,Tanger,90000,35.77736881893152,-5.849751001689836
1196499,4.45,0015-09-25 11:26:10,0015-09-25 15:08:07,11,15,3.699166667,Vendredi,ios,21.0238262,32751774,431796,461655,Parking public,3.14,13.97,Casablanca,20000,33.569234998888774,-7.601806144420328
9538483,1.7,0015-09-25 16:29:53,0015-09-25 19:18:07,16,19,2.803888889,Vendredi,ios,21.0238262,32751774,431796,461655,Parking public,2.59,4.4,Casablanca,20000,33.592170052970495,-7.581232295769622
5626149,6.04,0015-03-03 19:30:04,0015-03-03 22:00:07,19,22,2.500833333,Mardi,android,2.625415,76114467,728918,928191,Parking public,2.14,12.93,Rabat,10000,33.998112543322236,-6.835543270927737
6245196,4.08,0015-03-06 17:34:08,0015-03-06 19:04:05,17,19,1.499166667,Vendredi,android,2.625415,76114467,207262,928191,Parking public,1.66,6.77,Fès,30000,34.03576934587765,-4.9885352083059775
6388351,2.94,0015-03-11 17:12:32,0015-03-11 20:59:06,17,20,3.776111111,Mercredi,android,2.625415,76114467,236379,928191,Parking public,2.82,8.29,Oujda,60000,34.65704551962989,-1.9196498809281093
6948803,4.27,0015-04-01 16:55:34,0015-04-01 18:24:05,16,18,1.475277778,Mercredi,android,2.625415,76114467,236379,928191,Parking public,2.11,9.01,Oujda,60000,34.67617514979402,-1.8919601408872013
1419633,6.45,0015-04-09 16:07:43,0015-04-09 20:14:06,16,20,4.106388889,Jeudi,android,2.625415,76114467,728918,928191,Parking public,2.71,17.48,Rabat,10000,34.01288769209228,-6.859354740330654
9174863,8.01,0015-08-17 17:58:38,0015-08-17 20:58:06,17,20,2.991111111,Lundi,android,2.625415,76114467,728918,928191,Parking public,2.35,18.82,Rabat,10000,34.014670361496556,-6.843457555148911
3430447,6.55,0015-08-19 11:31:25,0015-08-19 15:51:07,11,15,4.328333333,Mercredi,android,2.625415,76114467,711566,928191,Parking public,2.88,18.86,Marrakech,40000,31.641228032401393,-7.963043676707514
9365911,2.04,0015-08-19 16:33:20,0015-08-19 19:32:11,16,19,2.980833333,Mercredi,android,2.625415,76114467,711566,928191,Parking public,2.2,4.49,Marrakech,40000,31.622813486076222,-8.000290481136043
4452686,4.09,0015-08-20 16:51:54,0015-08-20 19:55:09,16,19,3.054166667,Jeudi,android,2.625415,76114467,711566,928191,Parking public,1.58,6.46,Marrakech,40000,31.62642161735735,-8.004508213175553
4150708,3.38,0015-08-21 16:48:01,0015-08-21 19:33:07,16,19,2.751666667,Vendredi,android,2.625415,76114467,425476,928191,Parking public,3.24,10.95,Tanger,90000,35.74375264785246,-5.81097896193872
2703398,2.33,0015-08-25 17:27:55,0015-08-25 20:42:06,17,20,3.236388889,Mardi,android,2.625415,76114467,711566,928191,Parking public,2.21,5.15,Marrakech,40000,31.62189510749776,-7.990524220234448
3812764,6.87,0015-09-08 16:41:09,0015-09-08 20:39:08,16,20,3.966388889,Mardi,android,2.625415,76114467,711566,928191,Parking public,3.5,24.04,Marrakech,40000,31.613136177635788,-7.970067792505458
1583759,2.61,0015-09-09 16:11:44,0015-09-09 21:06:09,16,21,4.906944444,Mercredi,android,2.625415,76114467,711566,928191,Parking public,2.05,5.35,Marrakech,40000,31.60389175542611,-8.009579083744164
8896158,6.34,0015-09-11 11:36:25,0015-09-11 16:02:08,11,16,4.428611111,Vendredi,android,2.625415,76114467,711566,928191,Parking public,3.46,21.94,Marrakech,40000,31.63570691560288,-7.9696971866954325
5317838,3.08,0015-09-15 20:38:33,0015-09-15 21:44:08,20,21,1.093055556,Mardi,android,2.625415,76114467,711566,928191,Parking public,3.4,10.47,Marrakech,40000,31.6395927679133,-7.992133921307182
8201165,2.2,0015-09-21 18:38:20,0015-09-21 20:32:09,18,20,1.896944444,Lundi,android,2.625415,76114467,236379,928191,Parking public,1.65,3.63,Oujda,60000,34.69386942076058,-1.9380555487847535
8831858,6.49,0015-03-19 16:07:19,0015-03-19 18:22:05,16,18,2.246111111,Jeudi,android,,77088033,878706,461655,Parking public,2.78,18.04,Tanger,90000,35.75730964262804,-5.827411234307113
5142454,3.8,0015-04-24 17:42:59,0015-04-24 19:58:05,17,19,2.251666667,Vendredi,android,,77088033,878706,461655,Parking public,2.23,8.47,Tanger,90000,35.75228714681076,-5.8495517710356095
2180379,6.63,0015-04-28 17:53:21,0015-04-28 20:39:06,17,20,2.7625,Mardi,android,,77088033,878706,461655,Parking public,3.1,20.55,Tanger,90000,35.781300018974314,-5.840791565476887
8972878,2.82,0015-03-17 16:18:59,0015-03-17 19:57:05,16,19,3.635,Mardi,android,,84660741,803398,144857,Bureau / Entreprise,2.86,8.07,Meknès,50000,33.89464490710817,-5.572465151262809
7847577,6.47,0015-03-19 17:21:15,0015-03-19 20:48:05,17,20,3.447222222,Jeudi,android,,84660741,803398,144857,Bureau / Entreprise,3.41,22.06,Meknès,50000,33.892250912657786,-5.568470204934303
5648345,5.52,0015-03-20 15:59:05,0015-03-20 18:55:07,15,18,2.933888889,Vendredi,android,,84660741,803398,144857,Bureau / Entreprise,1.79,9.88,Meknès,50000,33.86503852394839,-5.559421365870249
6080316,6.91,0015-03-24 13:39:39,0015-03-24 16:59:06,13,16,3.324166667,Mardi,android,,84660741,803398,144857,Bureau / Entreprise,2.72,18.8,Meknès,50000,33.88397486965757,-5.57191442996639
7980372,6.83,0015-03-25 17:07:38,0015-03-25 19:53:05,17,19,2.7575,Mercredi,android,,84660741,951880,144857,Bureau / Entreprise,3.06,20.9,Rabat,10000,34.013711737127146,-6.81695042411882
6411126,3.34,0015-03-30 18:20:56,0015-03-30 19:37:05,18,19,1.269166667,Lundi,android,,84660741,891421,144857,Bureau / Entreprise,1.57,5.24,Rabat,10000,34.01482936685381,-6.871237177408961
8327038,3.53,0015-03-31 17:36:59,0015-03-31 18:58:05,17,18,1.351666667,Mardi,android,,84660741,572249,144857,Bureau / Entreprise,1.63,5.75,Casablanca,20000,33.577910342153636,-7.590768386868142
3796942,6.15,0015-04-01 17:31:48,0015-04-01 20:01:05,17,20,2.488055556,Mercredi,android,,84660741,803398,144857,Bureau / Entreprise,3.06,18.82,Meknès,50000,33.895516152803616,-5.569905152512047
2874672,3.21,0015-04-06 18:46:21,0015-04-06 20:26:05,18,20,1.662222222,Lundi,android,,84660741,951880,144857,Bureau / Entreprise,2.23,7.16,Rabat,10000,34.027374305567605,-6.853139254631323
9222540,4.43,0015-04-07 18:43:15,0015-04-07 20:12:05,18,20,1.480555556,Mardi,android,,84660741,803398,144857,Bureau / Entreprise,2.27,10.06,Meknès,50000,33.90939299569253,-5.521736426410904
2082394,5.97,0015-04-08 18:08:39,0015-04-08 20:10:12,18,20,2.025833333,Mercredi,android,,84660741,951880,144857,Bureau / Entreprise,2.63,15.7,Rabat,10000,34.03967914432296,-6.86189832680356
2776626,6.33,0015-04-09 11:56:35,0015-04-09 15:13:06,11,15,3.275277778,Jeudi,android,,84660741,803398,144857,Bureau / Entreprise,2.71,17.15,Meknès,50000,33.90658738457359,-5.5193500608169
2389576,5.19,0015-04-10 12:07:22,0015-04-10 15:38:05,12,15,3.511944444,Vendredi,android,,84660741,951880,144857,Bureau / Entreprise,2.86,14.84,Rabat,10000,34.04823142175729,-6.859252337380634
7692175,2.94,0015-04-20 12:56:23,0015-04-20 13:56:06,12,13,0.995277778,Lundi,android,,84660741,572249,144857,Bureau / Entreprise,3.4,10.0,Casablanca,20000,33.544193954960576,-7.575306033491991
4579494,0.05,0015-05-19 19:04:34,0015-05-19 20:33:07,19,20,1.475833333,Mardi,android,,84660741,803398,144857,Bureau / Entreprise,2.24,0.11,Meknès,50000,33.875246679141014,-5.544499364106161
7063897,0.16,0015-06-03 16:42:37,0015-06-03 20:23:06,16,20,3.674722222,Mercredi,android,,84660741,568071,144857,Bureau / Entreprise,3.03,0.48,Meknès,50000,33.86395377249869,-5.524231276344194
8987852,2.97,0015-06-04 17:17:21,0015-06-04 20:10:07,17,20,2.879444444,Jeudi,android,,84660741,572249,144857,Bureau / Entreprise,2.65,7.87,Casablanca,20000,33.58194848284927,-7.586560404669813
2783555,6.62,0015-03-26 09:31:47,0015-03-26 11:32:05,9,11,2.005,Jeudi,ios,32.8745456,98345808,955429,493904,Université / Campus,2.56,16.95,Marrakech,40000,31.653381832937,-7.979026446850621
9165788,0.26,0015-03-26 16:26:03,0015-03-26 17:11:05,16,17,0.750555556,Jeudi,ios,32.8745456,98345808,955429,493904,Université / Campus,2.3,0.6,Marrakech,40000,31.61410893779458,-7.999372519977896
4631446,6.69,0015-03-27 09:01:43,0015-03-27 11:12:04,9,11,2.1725,Vendredi,ios,32.8745456,98345808,369001,493904,Université / Campus,2.8,18.73,Rabat,10000,34.04652207268778,-6.8616262382769
1994884,1.39,0015-03-27 12:02:25,0015-03-27 13:59:06,12,13,1.944722222,Vendredi,ios,32.8745456,98345808,369001,493904,Université / Campus,2.0,2.78,Rabat,10000,33.99451604341737,-6.816610650933069
2015168,0.19,0015-03-28 09:59:24,0015-03-28 10:04:05,9,10,0.078055556,Samedi,ios,32.8745456,98345808,955429,493904,Université / Campus,1.73,0.33,Marrakech,40000,31.65556616160833,-7.991429708068997
7483602,6.5,0015-03-30 08:57:59,0015-03-30 10:57:05,8,10,1.985,Lundi,ios,32.8745456,98345808,369001,493904,Université / Campus,2.97,19.3,Rabat,10000,34.01199736123438,-6.849275064702226
5834930,1.11,0015-03-30 15:21:49,0015-03-30 16:48:05,15,16,1.437777778,Lundi,ios,32.8745456,98345808,369001,493904,Université / Campus,2.5,2.78,Rabat,10000,33.99698524970695,-6.826010580494296
8150807,0.47,0015-03-31 09:07:00,0015-03-31 09:17:05,9,9,0.168055556,Mardi,ios,32.8745456,98345808,369001,493904,Université / Campus,2.27,1.07,Rabat,10000,34.020052305551175,-6.851270591054631
5105682,6.82,0015-04-01 08:52:34,0015-04-01 12:34:05,8,12,3.691944444,Mercredi,ios,32.8745456,98345808,369001,493904,Université / Campus,2.62,17.87,Rabat,10000,34.006306594063226,-6.81447625320166
3928698,6.76,0015-04-02 09:01:22,0015-04-02 11:30:13,9,11,2.480833333,Jeudi,ios,32.8745456,98345808,369001,493904,Université / Campus,2.02,13.66,Rabat,10000,34.00799237411771,-6.827324333860072
4538678,0.0,0015-04-04 11:09:52,0015-04-04 11:11:04,11,11,0.02,Samedi,ios,,98345808,944515,976902,Parking public,2.02,0.0,Rabat,10000,34.00933739789558,-6.835754245445594
7819704,7.68,0015-04-04 12:28:15,0015-04-04 14:58:05,12,14,2.497222222,Samedi,ios,33.7569336,98345808,250527,976902,Parking public,2.39,18.36,Rabat,10000,34.039081553869956,-6.818746290367314
9567283,6.75,0015-04-06 09:01:50,0015-04-06 11:51:05,9,11,2.820833333,Lundi,ios,32.8745456,98345808,369001,493904,Université / Campus,3.49,23.56,Rabat,10000,34.023249676600514,-6.868623645499031
1799304,0.24,0015-04-07 09:02:37,0015-04-07 09:09:06,9,9,0.108055556,Mardi,ios,32.8745456,98345808,369001,493904,Université / Campus,2.07,0.5,Rabat,10000,34.00957846194936,-6.856176238468647
2777495,6.36,0015-04-07 12:40:35,0015-04-07 14:40:06,12,14,1.991944444,Mardi,ios,32.8745456,98345808,369001,493904,Université / Campus,3.33,21.18,Rabat,10000,34.02752002699865,-6.843697819946745
3358785,6.92,0015-04-13 09:01:37,0015-04-13 12:51:05,9,12,3.824444444,Lundi,ios,32.8745456,98345808,369001,493904,Université / Campus,2.48,17.16,Rabat,10000,34.03386904045339,-6.857981287631708
7643878,6.74,0015-04-14 09:03:12,0015-04-14 11:11:05,9,11,2.131388889,Mardi,ios,32.8745456,98345808,369001,493904,Université / Campus,1.75,11.8,Rabat,10000,34.00725744004401,-6.82696568876187
4010074,6.54,0015-04-15 08:50:16,0015-04-15 10:50:06,8,10,1.997222222,Mercredi,ios,32.8745456,98345808,369001,493904,Université / Campus,3.21,20.99,Rabat,10000,34.01571294609152,-6.816447518136776
6200923,4.32,0015-04-15 15:46:45,0015-04-15 17:21:05,15,17,1.572222222,Mercredi,ios,32.8745456,98345808,955429,493904,Université / Campus,2.4,10.37,Marrakech,40000,31.60681316560022,-7.985673792804144
2729035,6.34,0015-04-16 09:05:13,0015-04-16 11:03:05,9,11,1.964444444,Jeudi,ios,32.8745456,98345808,369001,493904,Université / Campus,3.3,20.92,Rabat,10000,34.00176896097208,-6.851072043993286
4474986,4.26,0015-04-16 12:09:10,0015-04-16 16:14:06,12,16,4.082222222,Jeudi,ios,32.8745456,98345808,369001,493904,Université / Campus,2.39,10.18,Rabat,10000,34.031767071237894,-6.813906956071746
5010305,6.54,0015-04-17 09:01:59,0015-04-17 11:02:05,9,11,2.001666667,Vendredi,ios,32.8745456,98345808,369001,493904,Université / Campus,1.68,10.99,Rabat,10000,34.00178630086174,-6.844908854030347
4044475,6.82,0015-04-18 09:55:36,0015-04-18 12:45:07,9,12,2.825277778,Samedi,ios,32.8745456,98345808,369001,493904,Université / Campus,2.86,19.51,Rabat,10000,34.02240980302002,-6.842257095973043
7281799,6.8,0015-04-20 09:01:10,0015-04-20 11:35:11,9,11,2.566944444,Lundi,ios,32.8745456,98345808,369001,493904,Université / Campus,3.19,21.69,Rabat,10000,34.03344277570334,-6.850501007659485
9030800,6.58,0015-04-21 09:03:59,0015-04-21 11:06:06,9,11,2.035277778,Mardi,ios,32.8745456,98345808,369001,493904,Université / Campus,2.14,14.08,Rabat,10000,33.99731261538568,-6.817027091619272
6811747,1.62,0015-04-21 15:58:41,0015-04-21 17:48:05,15,17,1.823333333,Mardi,ios,32.8745456,98345808,369001,493904,Université / Campus,2.19,3.55,Rabat,10000,34.024938733177734,-6.837462671003089
4132753,6.82,0015-04-22 08:59:26,0015-04-22 11:08:06,8,11,2.144444444,Mercredi,ios,32.8745456,98345808,369001,493904,Université / Campus,1.63,11.12,Rabat,10000,34.00629376702208,-6.825869524769101
4851016,1.66,0015-04-22 15:05:41,0015-04-22 16:34:06,15,16,1.473611111,Mercredi,ios,32.8745456,98345808,369001,493904,Université / Campus,2.58,4.28,Rabat,10000,34.04867561251425,-6.8228915968989465
2479922,6.74,0015-04-23 08:59:51,0015-04-23 11:17:06,8,11,2.2875,Jeudi,ios,32.8745456,98345808,369001,493904,Université / Campus,3.28,22.11,Rabat,10000,34.01991273880319,-6.851089057484964
3196307,0.1,0015-04-24 08:57:21,0015-04-24 11:03:05,8,11,2.095555556,Vendredi,ios,32.8745456,98345808,369001,493904,Université / Campus,3.2,0.32,Rabat,10000,34.03925955298651,-6.845578340120777
4272308,6.7,0015-04-24 12:49:48,0015-04-24 14:57:06,12,14,2.121666667,Vendredi,ios,32.8745456,98345808,369001,493904,Université / Campus,2.92,19.56,Rabat,10000,34.023913592529375,-6.820691693535624
9932506,6.68,0015-04-25 09:56:02,0015-04-25 12:26:05,9,12,2.500833333,Samedi,ios,32.8745456,98345808,369001,493904,Université / Campus,3.35,22.38,Rabat,10000,33.99350475197129,-6.849804678899451
1956207,1.86,0015-04-25 13:32:29,0015-04-25 14:08:06,13,14,0.593611111,Samedi,ios,32.8745456,98345808,955429,493904,Université / Campus,2.78,5.17,Marrakech,40000,31.63748908253564,-7.963463891992888
4384506,6.8,0015-04-27 09:01:09,0015-04-27 11:20:08,9,11,2.316388889,Lundi,ios,32.8745456,98345808,955429,493904,Université / Campus,3.09,21.01,Marrakech,40000,31.6565842005324,-7.954640460645534
8698155,6.6,0015-04-28 08:55:52,0015-04-28 10:58:05,8,10,2.036944444,Mardi,ios,32.8745456,98345808,369001,493904,Université / Campus,2.52,16.63,Rabat,10000,34.026996709208774,-6.834207377615919
9855836,6.72,0015-04-29 08:59:27,0015-04-29 11:09:06,8,11,2.160833333,Mercredi,ios,32.8745456,98345808,369001,493904,Université / Campus,1.74,11.69,Rabat,10000,34.04005133156561,-6.827102362752886
3233524,6.85,0015-04-30 09:01:33,0015-04-30 11:42:06,9,11,2.675833333,Jeudi,ios,32.8745456,98345808,369001,493904,Université / Campus,1.9,13.01,Rabat,10000,34.0439523878009,-6.8232941612775315
5353843,6.69,0015-05-01 08:58:06,0015-05-01 14:26:06,8,14,5.466666667,Vendredi,ios,32.8745456,98345808,369001,493904,Université / Campus,1.78,11.91,Rabat,10000,34.00458478631693,-6.820897621066202
9432994,3.5,0015-05-01 16:00:55,0015-05-01 17:49:05,16,17,1.802777778,Vendredi,ios,32.8745456,98345808,369001,493904,Université / Campus,3.08,10.78,Rabat,10000,34.003622690394494,-6.847896799728592
3000437,6.79,0015-05-04 09:23:48,0015-05-04 11:39:06,9,11,2.255,Lundi,ios,32.8745456,98345808,369001,493904,Université / Campus,1.55,10.52,Rabat,10000,34.02755885933106,-6.86852419244944
1756465,1.39,0015-05-04 17:32:54,0015-05-04 18:52:07,17,18,1.320277778,Lundi,ios,32.8745456,98345808,369001,493904,Université / Campus,2.61,3.63,Rabat,10000,34.0155617081884,-6.847487423725795
6774113,6.73,0015-05-05 09:03:39,0015-05-05 12:20:09,9,12,3.275,Mardi,ios,32.8745456,98345808,369001,493904,Université / Campus,2.24,15.08,Rabat,10000,34.041291678172,-6.831174626212954
9540540,6.7,0015-05-06 08:57:55,0015-05-06 11:04:06,8,11,2.103055556,Mercredi,ios,32.8745456,98345808,369001,493904,Université / Campus,3.11,20.84,Rabat,10000,34.044901387403876,-6.844578976853152
9596836,6.69,0015-05-07 09:06:04,0015-05-07 11:11:06,9,11,2.083888889,Jeudi,ios,32.8745456,98345808,369001,493904,Université / Campus,2.6,17.39,Rabat,10000,34.012105282758164,-6.826662210948376
3520393,6.69,0015-05-08 09:07:12,0015-05-08 11:10:14,9,11,2.050555556,Vendredi,ios,32.8745456,98345808,369001,493904,Université / Campus,2.72,18.2,Rabat,10000,34.00511223353847,-6.8501810542318795
6096052,1.52,0015-05-08 17:36:55,0015-05-08 18:57:07,17,18,1.336666667,Vendredi,ios,32.8745456,98345808,955429,493904,Université / Campus,1.67,2.54,Marrakech,40000,31.646331530914633,-7.973015351533758
6017088,5.12,0015-05-09 10:02:37,0015-05-09 11:37:06,10,11,1.574722222,Samedi,ios,32.8745456,98345808,369001,493904,Université / Campus,2.12,10.85,Rabat,10000,34.007388362132886,-6.860414811708761
3500440,5.48,0015-05-09 11:59:41,0015-05-09 14:35:13,11,14,2.592222222,Samedi,ios,32.8745456,98345808,369001,493904,Université / Campus,3.5,19.18,Rabat,10000,34.04025685911082,-6.8266378338013025
7350954,6.7,0015-05-11 08:59:58,0015-05-11 11:43:06,8,11,2.718888889,Lundi,ios,32.8745456,98345808,369001,493904,Université / Campus,2.94,19.7,Rabat,10000,34.01632429521892,-6.838858241871218
6843043,6.7,0015-05-12 09:00:26,0015-05-12 11:28:05,9,11,2.460833333,Mardi,ios,32.8745456,98345808,369001,493904,Université / Campus,2.55,17.08,Rabat,10000,34.030952993957484,-6.859356136687204
8094323,6.8,0015-05-13 09:06:13,0015-05-13 17:56:06,9,17,8.831388889,Mercredi,ios,32.8745456,98345808,369001,493904,Université / Campus,3.04,20.67,Rabat,10000,33.99663211883008,-6.854085329590132
5833308,6.56,0015-05-14 09:02:02,0015-05-14 11:05:06,9,11,2.051111111,Jeudi,ios,32.8745456,98345808,369001,493904,Université / Campus,3.15,20.66,Rabat,10000,34.02833155948059,-6.82668347748509
8327550,6.54,0015-05-15 09:02:07,0015-05-15 11:04:05,9,11,2.032777778,Vendredi,ios,32.8745456,98345808,369001,493904,Université / Campus,1.65,10.79,Rabat,10000,34.01800606072423,-6.842643925860308
4580264,1.99,0015-05-15 15:58:45,0015-05-15 16:36:05,15,16,0.622222222,Vendredi,ios,32.8745456,98345808,369001,493904,Université / Campus,3.44,6.85,Rabat,10000,34.02609650779053,-6.858638113576415
2043259,6.72,0015-05-16 09:57:51,0015-05-16 12:22:06,9,12,2.404166667,Samedi,ios,32.8745456,98345808,369001,493904,Université / Campus,2.78,18.68,Rabat,10000,34.00098085246469,-6.8135637285777815
2636266,6.64,0015-05-17 10:00:26,0015-05-17 12:03:05,10,12,2.044166667,Dimanche,ios,32.8745456,98345808,369001,493904,Université / Campus,2.4,15.94,Rabat,10000,34.03511242469665,-6.8286924988109865
6976803,2.26,0015-05-17 12:33:20,0015-05-17 13:37:05,12,13,1.0625,Dimanche,ios,32.8745456,98345808,369001,493904,Université / Campus,2.86,6.46,Rabat,10000,34.04266782465259,-6.814171910047612
3739661,6.92,0015-05-18 09:12:30,0015-05-18 11:28:06,9,11,2.26,Lundi,ios,32.8745456,98345808,369001,493904,Université / Campus,2.19,15.15,Rabat,10000,34.003904388005445,-6.845973697278379
9810647,1.16,0015-05-18 14:57:38,0015-05-18 15:49:06,14,15,0.857777778,Lundi,ios,32.8745456,98345808,369001,493904,Université / Campus,3.26,3.78,Rabat,10000,33.996642873331204,-6.843093979558496
4550364,6.45,0015-05-19 09:06:03,0015-05-19 11:06:05,9,11,2.000555556,Mardi,ios,32.8745456,98345808,369001,493904,Université / Campus,3.06,19.74,Rabat,10000,33.99231831516278,-6.8177226870288985
9388820,4.0,0015-05-19 11:29:04,0015-05-19 13:37:06,11,13,2.133888889,Mardi,ios,32.8745456,98345808,369001,493904,Université / Campus,2.78,11.12,Rabat,10000,34.02941829002659,-6.8400970395852765
4369382,6.71,0015-05-20 08:59:09,0015-05-20 11:11:06,8,11,2.199166667,Mercredi,ios,32.8745456,98345808,369001,493904,Université / Campus,1.86,12.48,Rabat,10000,34.02732564216532,-6.8291632652856595
2949384,0.91,0015-05-20 17:46:44,0015-05-20 18:56:06,17,18,1.156111111,Mercredi,ios,32.8745456,98345808,369001,493904,Université / Campus,3.43,3.12,Rabat,10000,34.02370184476284,-6.856469627350268
4703592,6.35,0015-05-21 09:02:53,0015-05-21 11:01:06,9,11,1.970277778,Jeudi,ios,32.8745456,98345808,369001,493904,Université / Campus,2.37,15.05,Rabat,10000,34.00481682576696,-6.844796411877841
5965252,6.58,0015-05-22 09:01:12,0015-05-22 11:04:13,9,11,2.050277778,Vendredi,ios,32.8745456,98345808,369001,493904,Université / Campus,3.32,21.85,Rabat,10000,34.01435435975433,-6.864193008051378
7331338,2.32,0015-05-22 14:53:41,0015-05-22 15:44:07,14,15,0.840555556,Vendredi,ios,32.8745456,98345808,369001,493904,Université / Campus,1.61,3.74,Rabat,10000,34.02656858011117,-6.859241197847382
2907516,6.66,0015-05-26 09:02:31,0015-05-26 11:06:06,9,11,2.059722222,Mardi,ios,32.8745456,98345808,369001,493904,Université / Campus,1.75,11.66,Rabat,10000,34.020706011531544,-6.8715433950839415
9271119,6.67,0015-05-27 08:55:53,0015-05-27 11:03:06,8,11,2.120277778,Mercredi,ios,32.8745456,98345808,369001,493904,Université / Campus,1.81,12.07,Rabat,10000,34.05016713121289,-6.86924409690108
5012038,2.02,0015-05-27 14:42:39,0015-05-27 15:46:06,14,15,1.0575,Mercredi,ios,32.8745456,98345808,369001,493904,Université / Campus,1.83,3.7,Rabat,10000,33.999086385153404,-6.812962970609384
8439790,6.43,0015-05-28 09:04:24,0015-05-28 11:03:07,9,11,1.978611111,Jeudi,ios,32.8745456,98345808,369001,493904,Université / Campus,2.15,13.82,Rabat,10000,34.032608673242855,-6.857058778291794
2719933,6.43,0015-05-30 10:00:56,0015-05-30 12:00:08,10,12,1.986666667,Samedi,ios,32.8745456,98345808,369001,493904,Université / Campus,2.92,18.78,Rabat,10000,34.01515912608625,-6.831801357429759
9465310,1.43,0015-05-30 15:08:52,0015-05-30 17:12:09,15,17,2.054722222,Samedi,ios,32.8745456,98345808,369001,493904,Université / Campus,2.19,3.13,Rabat,10000,34.01659197689553,-6.821254018072023
2742271,6.75,0015-06-01 08:59:25,0015-06-01 11:31:05,8,11,2.527777778,Lundi,ios,32.8745456,98345808,369001,493904,Université / Campus,3.38,22.82,Rabat,10000,34.03395586593949,-6.838560372445806
8829566,6.72,0015-06-02 09:04:19,0015-06-02 11:17:05,9,11,2.212777778,Mardi,ios,32.8745456,98345808,369001,493904,Université / Campus,3.29,22.11,Rabat,10000,34.032446169079456,-6.862411329994963
1699262,6.73,0015-06-03 09:04:39,0015-06-03 12:07:06,9,12,3.040833333,Mercredi,ios,32.8745456,98345808,369001,493904,Université / Campus,3.19,21.47,Rabat,10000,34.05037535962213,-6.827913013759829
9916089,6.75,0015-06-04 09:04:14,0015-06-04 11:17:05,9,11,2.214166667,Jeudi,ios,32.8745456,98345808,369001,493904,Université / Campus,2.0,13.5,Rabat,10000,33.99860365736725,-6.8355849153940245
4366747,6.76,0015-06-05 09:01:32,0015-06-05 11:11:05,9,11,2.159166667,Vendredi,ios,32.8745456,98345808,369001,493904,Université / Campus,2.77,18.73,Rabat,10000,33.99714657896305,-6.827724964639157
6226885,6.8,0015-06-06 09:57:21,0015-06-06 13:48:06,9,13,3.845833333,Samedi,ios,32.8745456,98345808,369001,493904,Université / Campus,2.6,17.68,Rabat,10000,34.03436032902772,-6.825415202628575
7858724,6.76,0015-06-08 09:02:17,0015-06-08 11:45:07,9,11,2.713888889,Lundi,ios,32.8745456,98345808,369001,493904,Université / Campus,1.75,11.83,Rabat,10000,34.02560321502038,-6.813075377938915
7656018,1.08,0015-06-08 15:18:56,0015-06-08 15:42:06,15,15,0.386111111,Lundi,ios,32.8745456,98345808,369001,493904,Université / Campus,2.11,2.28,Rabat,10000,34.007349639993585,-6.837186203198397
4609649,6.75,0015-06-09 08:56:28,0015-06-09 11:45:07,8,11,2.810833333,Mardi,ios,32.8745456,98345808,369001,493904,Université / Campus,2.57,17.35,Rabat,10000,33.99566516213934,-6.851101533238563
7464842,0.67,0015-06-09 14:37:52,0015-06-09 15:45:08,14,15,1.121111111,Mardi,ios,32.8745456,98345808,369001,493904,Université / Campus,2.51,1.68,Rabat,10000,33.99603949497578,-6.832692126585986
7615779,6.44,0015-06-16 08:59:13,0015-06-16 11:06:05,8,11,2.114444444,Mardi,ios,32.8745456,98345808,369001,493904,Université / Campus,1.84,11.85,Rabat,10000,34.044551452479844,-6.867493557445442
1229156,6.83,0015-06-17 09:03:13,0015-06-17 13:23:07,9,13,4.331666667,Mercredi,ios,32.8745456,98345808,369001,493904,Université / Campus,3.38,23.09,Rabat,10000,34.00241203948312,-6.8177561609007045
4650800,1.29,0015-06-17 14:32:05,0015-06-17 14:59:07,14,14,0.450555556,Mercredi,ios,32.8745456,98345808,369001,493904,Université / Campus,1.81,2.33,Rabat,10000,34.01030229372693,-6.8644371393197074
8287803,6.7,0015-06-18 09:01:08,0015-06-18 11:05:06,9,11,2.066111111,Jeudi,ios,32.8745456,98345808,369001,493904,Université / Campus,2.82,18.89,Rabat,10000,34.00449938413362,-6.851929429726851
6934825,0.61,0015-06-18 14:35:30,0015-06-18 14:57:05,14,14,0.359722222,Jeudi,ios,32.8745456,98345808,369001,493904,Université / Campus,2.94,1.79,Rabat,10000,34.01219977834992,-6.822655277162433
2802352,6.79,0015-06-19 09:04:26,0015-06-19 11:45:06,9,11,2.677777778,Vendredi,ios,32.8745456,98345808,369001,493904,Université / Campus,2.71,18.4,Rabat,10000,33.995065430564765,-6.835761257300157
1373410,6.79,0015-06-20 09:58:20,0015-06-20 12:54:05,9,12,2.929166667,Samedi,ios,32.8745456,98345808,369001,493904,Université / Campus,3.19,21.66,Rabat,10000,34.02204358745449,-6.847981868783354
8228082,1.94,0015-06-20 13:55:06,0015-06-20 17:15:06,13,17,3.333333333,Samedi,ios,32.8745456,98345808,369001,493904,Université / Campus,2.63,5.1,Rabat,10000,33.99495675381553,-6.843193860437498
4210867,6.81,0015-06-22 08:58:42,0015-06-22 14:24:06,8,14,5.423333333,Lundi,ios,32.8745456,98345808,369001,493904,Université / Campus,3.15,21.45,Rabat,10000,34.03892139046934,-6.820327156407869
4946723,0.66,0015-06-22 16:15:40,0015-06-22 18:58:08,16,18,2.707777778,Lundi,ios,32.8745456,98345808,369001,493904,Université / Campus,1.56,1.03,Rabat,10000,34.00492272491462,-6.851199736836406
5386466,6.43,0015-06-24 09:03:34,0015-06-24 11:03:08,9,11,1.992777778,Mercredi,ios,32.8745456,98345808,369001,493904,Université / Campus,1.59,10.22,Rabat,10000,34.02330071487627,-6.819421018911269
3477642,1.54,0015-06-24 14:48:59,0015-06-24 15:53:05,14,15,1.068333333,Mercredi,ios,32.8745456,98345808,369001,493904,Université / Campus,2.78,4.28,Rabat,10000,34.043704745253685,-6.8663119341413985
3219996,6.42,0015-06-25 09:02:42,0015-06-25 11:02:06,9,11,1.99,Jeudi,ios,32.8745456,98345808,369001,493904,Université / Campus,2.65,17.01,Rabat,10000,34.02995264214283,-6.824992093767482
8317801,6.32,0015-06-26 09:02:35,0015-06-26 10:59:05,9,10,1.941666667,Vendredi,ios,32.8745456,98345808,369001,493904,Université / Campus,2.8,17.7,Rabat,10000,34.02287746719308,-6.820747142016716
4677347,3.57,0015-06-26 17:48:32,0015-06-26 18:55:07,17,18,1.109722222,Vendredi,ios,32.8745456,98345808,369001,493904,Université / Campus,3.03,10.82,Rabat,10000,34.01036002518692,-6.860690940829759
1454855,6.28,0015-06-29 08:58:51,0015-06-29 10:56:05,8,10,1.953888889,Lundi,ios,32.8745456,98345808,369001,493904,Université / Campus,2.33,14.63,Rabat,10000,34.01088011478349,-6.845779208057667
4226564,6.55,0015-06-30 09:03:23,0015-06-30 11:05:11,9,11,2.03,Mardi,ios,32.8745456,98345808,369001,493904,Université / Campus,2.78,18.21,Rabat,10000,34.03106921731189,-6.861670013520181
6336973,6.75,0015-07-01 09:03:10,0015-07-01 11:30:08,9,11,2.449444444,Mercredi,ios,32.8745456,98345808,369001,493904,Université / Campus,2.5,16.88,Rabat,10000,34.050548361673265,-6.829203752260347
6753611,0.98,0015-07-01 15:14:46,0015-07-01 15:57:05,15,15,0.705277778,Mercredi,ios,32.8745456,98345808,369001,493904,Université / Campus,2.75,2.7,Rabat,10000,34.03061035139096,-6.8394791339163
9253309,6.55,0015-07-02 09:03:23,0015-07-02 11:05:07,9,11,2.028888889,Jeudi,ios,32.8745456,98345808,369001,493904,Université / Campus,2.08,13.62,Rabat,10000,34.0243670050422,-6.8334805991975
4838525,1.18,0015-07-02 15:41:10,0015-07-02 16:45:16,15,16,1.068333333,Jeudi,ios,32.8745456,98345808,369001,493904,Université / Campus,3.41,4.02,Rabat,10000,34.034739030614354,-6.859810781982627
6361404,6.73,0015-07-04 10:49:41,0015-07-04 13:27:10,10,13,2.624722222,Samedi,ios,34.282638,98345808,582873,461655,Parking public,2.47,16.62,Fès,30000,34.03101233673702,-5.017595248276855
8126854,1.4,0015-07-04 14:09:15,0015-07-04 15:59:05,14,15,1.830555556,Samedi,ios,34.282638,98345808,582873,461655,Parking public,3.11,4.35,Fès,30000,34.00670854055605,-5.027810160469405
3465339,6.92,0015-07-05 10:02:27,0015-07-05 13:30:12,10,13,3.4625,Dimanche,ios,34.282638,98345808,582873,461655,Parking public,2.87,19.86,Fès,30000,34.03683780895267,-5.010975947888256
3039878,6.81,0015-07-06 09:05:57,0015-07-06 11:22:08,9,11,2.269722222,Lundi,ios,32.8745456,98345808,369001,493904,Université / Campus,2.09,14.23,Rabat,10000,34.04835751707032,-6.838015320319979
2829100,6.4,0015-07-07 08:59:11,0015-07-07 10:58:05,8,10,1.981666667,Mardi,ios,32.8745456,98345808,369001,493904,Université / Campus,1.65,10.56,Rabat,10000,34.001418176541456,-6.82012390516016
5424193,6.75,0015-07-08 08:54:09,0015-07-08 12:16:05,8,12,3.365555556,Mercredi,ios,32.8745456,98345808,369001,493904,Université / Campus,1.62,10.94,Rabat,10000,34.03230029344924,-6.831584353152479
9030693,6.9,0015-07-09 08:56:04,0015-07-09 11:24:06,8,11,2.467222222,Jeudi,ios,32.8745456,98345808,369001,493904,Université / Campus,2.38,16.42,Rabat,10000,34.00295602131954,-6.845476220596015
6368116,6.82,0015-07-10 08:59:04,0015-07-10 11:23:05,8,11,2.400277778,Vendredi,ios,32.8745456,98345808,369001,493904,Université / Campus,2.47,16.85,Rabat,10000,34.023049661068384,-6.814412793136351
5086690,1.94,0015-07-10 17:46:49,0015-07-10 18:59:06,17,18,1.204722222,Vendredi,ios,32.8745456,98345808,369001,493904,Université / Campus,1.91,3.71,Rabat,10000,33.996700586978804,-6.82844528796545
5287888,6.69,0015-07-13 08:57:22,0015-07-13 11:04:06,8,11,2.112222222,Lundi,ios,32.8745456,98345808,369001,493904,Université / Campus,2.71,18.13,Rabat,10000,34.01792225617549,-6.815790087828247
6572911,6.53,0015-07-14 09:00:50,0015-07-14 11:02:06,9,11,2.021111111,Mardi,ios,32.8745456,98345808,369001,493904,Université / Campus,2.13,13.91,Rabat,10000,34.03626979973371,-6.83994472160367
6226395,6.82,0015-07-15 08:59:33,0015-07-15 11:26:05,8,11,2.442222222,Mercredi,ios,32.8745456,98345808,369001,493904,Université / Campus,2.94,20.05,Rabat,10000,34.01175429145434,-6.856065743512412
3775165,6.84,0015-07-16 08:59:14,0015-07-16 11:56:05,8,11,2.9475,Jeudi,ios,32.8745456,98345808,369001,493904,Université / Campus,2.97,20.31,Rabat,10000,34.03079470346923,-6.868430398818116
5144808,6.81,0015-07-17 08:54:30,0015-07-17 13:23:06,8,13,4.476666667,Vendredi,ios,32.8745456,98345808,369001,493904,Université / Campus,3.22,21.93,Rabat,10000,34.038626997647384,-6.828034908910968
6948564,6.7,0015-07-18 09:58:14,0015-07-18 12:04:05,9,12,2.0975,Samedi,ios,32.8745456,98345808,369001,493904,Université / Campus,3.45,23.12,Rabat,10000,34.04653066916877,-6.864321820119668
2013384,6.76,0015-07-21 08:56:24,0015-07-21 11:04:05,8,11,2.128055556,Mardi,ios,32.8745456,98345808,369001,493904,Université / Campus,1.76,11.9,Rabat,10000,34.00497852491132,-6.853433492303681
8760549,1.35,0015-07-21 15:28:14,0015-07-21 17:38:06,15,17,2.164444444,Mardi,ios,32.8745456,98345808,369001,493904,Université / Campus,2.24,3.02,Rabat,10000,34.01485895494856,-6.839651745526965
1319514,6.76,0015-07-22 09:01:01,0015-07-22 11:40:12,9,11,2.653055556,Mercredi,ios,32.8745456,98345808,369001,493904,Université / Campus,2.62,17.71,Rabat,10000,34.00004496079982,-6.837735004733215
5274467,6.8,0015-07-23 09:00:47,0015-07-23 11:21:05,9,11,2.338333333,Jeudi,ios,32.8745456,98345808,369001,493904,Université / Campus,2.14,14.55,Rabat,10000,34.0504490101295,-6.8355650081807715
8283235,6.75,0015-07-24 09:06:55,0015-07-24 11:25:12,9,11,2.304722222,Vendredi,ios,32.8745456,98345808,369001,493904,Université / Campus,2.43,16.4,Rabat,10000,34.04652005807546,-6.861624680179018
7783255,3.53,0015-07-25 09:58:30,0015-07-25 11:04:06,9,11,1.093333333,Samedi,ios,32.8745456,98345808,369001,493904,Université / Campus,2.03,7.17,Rabat,10000,34.02329742781683,-6.8488157557107
4665794,5.22,0015-07-25 11:27:45,0015-07-25 13:31:05,11,13,2.055555556,Samedi,ios,32.8745456,98345808,369001,493904,Université / Campus,2.0,10.44,Rabat,10000,34.04142199766258,-6.834568346372982
8723723,6.78,0015-07-27 08:55:50,0015-07-27 11:25:17,8,11,2.490833333,Lundi,ios,32.8745456,98345808,369001,493904,Université / Campus,1.69,11.46,Rabat,10000,34.02215747863632,-6.813410868121973
6083500,6.82,0015-07-28 09:02:23,0015-07-28 11:44:06,9,11,2.695277778,Mardi,ios,32.8745456,98345808,369001,493904,Université / Campus,2.08,14.19,Rabat,10000,34.02831514128016,-6.827942131738018
8989382,6.52,0015-07-29 10:59:43,0015-07-29 13:08:06,10,13,2.139722222,Mercredi,ios,32.8745456,98345808,369001,493904,Université / Campus,2.27,14.8,Rabat,10000,33.996247465926956,-6.816243774574362
7213916,6.79,0015-07-30 08:48:21,0015-07-30 11:23:06,8,11,2.579166667,Jeudi,ios,32.8745456,98345808,369001,493904,Université / Campus,2.73,18.54,Rabat,10000,34.03621622522981,-6.825867276501149
8696724,6.76,0015-07-31 09:02:11,0015-07-31 11:43:05,9,11,2.681666667,Vendredi,ios,32.8745456,98345808,369001,493904,Université / Campus,2.0,13.52,Rabat,10000,33.99856280901811,-6.836096981866456
1130851,6.71,0015-08-03 08:55:36,0015-08-03 11:01:06,8,11,2.091666667,Lundi,ios,32.8745456,98345808,369001,493904,Université / Campus,3.23,21.67,Rabat,10000,34.04046405781515,-6.860078597851819
2791051,6.7,0015-08-04 08:59:30,0015-08-04 11:17:06,8,11,2.293333333,Mardi,ios,32.8745456,98345808,369001,493904,Université / Campus,1.82,12.19,Rabat,10000,34.03782168526022,-6.831598860886449
6830657,6.77,0015-08-05 08:58:48,0015-08-05 12:02:06,8,12,3.055,Mercredi,ios,32.8745456,98345808,369001,493904,Université / Campus,2.15,14.56,Rabat,10000,34.033424681864574,-6.834197226042405
1763182,6.78,0015-08-06 09:00:04,0015-08-06 11:24:07,9,11,2.400833333,Jeudi,ios,32.8745456,98345808,369001,493904,Université / Campus,2.66,18.03,Rabat,10000,33.993069622831484,-6.835451849772563
6561087,6.79,0015-08-07 08:58:57,0015-08-07 11:51:06,8,11,2.869166667,Vendredi,ios,32.8745456,98345808,369001,493904,Université / Campus,2.13,14.46,Rabat,10000,34.00908770135672,-6.842212847920705
6335334,4.14,0015-08-07 15:27:41,0015-08-07 18:12:07,15,18,2.740555556,Vendredi,ios,32.8745456,98345808,955429,493904,Université / Campus,3.03,12.54,Marrakech,40000,31.61528675419465,-7.979380603760643
1383996,6.94,0015-08-08 10:43:59,0015-08-08 13:02:06,10,13,2.301944444,Samedi,ios,33.7569336,98345808,250527,976902,Parking public,2.5,17.35,Rabat,10000,34.012508184448286,-6.851533448372914
4549408,6.77,0015-08-10 09:00:11,0015-08-10 12:02:06,9,12,3.031944444,Lundi,ios,32.8745456,98345808,369001,493904,Université / Campus,2.53,17.13,Rabat,10000,33.996158564805825,-6.8404412384414615
3254926,6.8,0015-08-11 09:02:22,0015-08-11 11:38:07,9,11,2.595833333,Mardi,ios,32.8745456,98345808,369001,493904,Université / Campus,2.5,17.0,Rabat,10000,34.04711746938186,-6.859746645659291
3407937,6.73,0015-08-12 08:57:49,0015-08-12 13:01:06,8,13,4.054722222,Mercredi,ios,32.8745456,98345808,369001,493904,Université / Campus,2.12,14.27,Rabat,10000,34.02412813444274,-6.823289536158377
4407891,6.71,0015-08-13 09:02:03,0015-08-13 11:09:06,9,11,2.1175,Jeudi,ios,32.8745456,98345808,369001,493904,Université / Campus,1.55,10.4,Rabat,10000,34.009231458639476,-6.860453382718077
7603255,6.78,0015-08-14 08:56:30,0015-08-14 11:05:12,8,11,2.145,Vendredi,ios,32.8745456,98345808,369001,493904,Université / Campus,3.39,22.98,Rabat,10000,34.01471889102446,-6.866502022606632
8495947,6.42,0015-08-15 09:59:42,0015-08-15 11:58:06,9,11,1.973333333,Samedi,ios,32.8745456,98345808,369001,493904,Université / Campus,2.51,16.11,Rabat,10000,34.01773215243029,-6.84542523841857
7721432,2.31,0015-08-15 15:28:19,0015-08-15 17:58:06,15,17,2.496388889,Samedi,ios,32.8745456,98345808,369001,493904,Université / Campus,3.43,7.92,Rabat,10000,34.026935660001634,-6.832101553629636
6635627,6.78,0015-08-17 08:59:28,0015-08-17 11:25:08,8,11,2.427777778,Lundi,ios,32.8745456,98345808,369001,493904,Université / Campus,1.93,13.09,Rabat,10000,34.021840765661786,-6.845336990503987
2553589,1.54,0015-08-17 17:55:54,0015-08-17 18:53:07,17,18,0.953611111,Lundi,ios,32.8745456,98345808,369001,493904,Université / Campus,2.21,3.4,Rabat,10000,34.04606351839286,-6.854994752082921
2939024,6.81,0015-08-18 09:06:11,0015-08-18 11:52:06,9,11,2.765277778,Mardi,ios,32.8745456,98345808,369001,493904,Université / Campus,1.6,10.9,Rabat,10000,34.02071780897435,-6.8381097289665735
9628154,6.88,0015-08-19 09:02:58,0015-08-19 11:18:06,9,11,2.252222222,Mercredi,ios,32.8745456,98345808,369001,493904,Université / Campus,2.49,17.13,Rabat,10000,34.0504294808894,-6.850779859875268
6517212,6.84,0015-08-20 08:58:38,0015-08-20 11:15:08,8,11,2.275,Jeudi,ios,32.8745456,98345808,369001,493904,Université / Campus,3.26,22.3,Rabat,10000,34.0419854974647,-6.815627938592402
6074874,6.83,0015-08-24 08:57:08,0015-08-24 12:28:06,8,12,3.516111111,Lundi,ios,32.8745456,98345808,369001,493904,Université / Campus,2.81,19.19,Rabat,10000,34.00341063086144,-6.816241291623785
3598945,6.89,0015-08-25 09:00:46,0015-08-25 11:23:05,9,11,2.371944444,Mardi,ios,32.8745456,98345808,369001,493904,Université / Campus,2.44,16.81,Rabat,10000,34.04673571287863,-6.841457690801674
7984433,6.72,0015-08-26 09:04:15,0015-08-26 11:38:06,9,11,2.564166667,Mercredi,ios,32.8745456,98345808,369001,493904,Université / Campus,2.57,17.27,Rabat,10000,33.99788198387313,-6.851926960358904
7300446,0.89,0015-08-26 15:14:36,0015-08-26 17:21:06,15,17,2.108333333,Mercredi,ios,32.8745456,98345808,369001,493904,Université / Campus,3.19,2.84,Rabat,10000,34.03994698250947,-6.827372055162601
9893797,6.8,0015-08-31 08:46:17,0015-08-31 11:12:07,8,11,2.430555556,Lundi,ios,32.8745456,98345808,369001,493904,Université / Campus,2.36,16.05,Rabat,10000,34.013737397608594,-6.869397223391016
4788786,6.82,0015-09-01 09:04:20,0015-09-01 12:47:08,9,12,3.713333333,Mardi,ios,32.8745456,98345808,369001,493904,Université / Campus,3.26,22.23,Rabat,10000,34.0435784592267,-6.843113859637381
2921246,6.84,0015-09-02 09:01:36,0015-09-02 11:20:11,9,11,2.309722222,Mercredi,ios,32.8745456,98345808,369001,493904,Université / Campus,2.96,20.25,Rabat,10000,34.042983401406445,-6.85142059634378
8841642,6.85,0015-09-03 08:55:58,0015-09-03 12:05:07,8,12,3.1525,Jeudi,ios,32.8745456,98345808,369001,493904,Université / Campus,3.03,20.76,Rabat,10000,34.039255524007054,-6.816367846893846
7410448,6.79,0015-09-04 09:01:23,0015-09-04 11:33:06,9,11,2.528611111,Vendredi,ios,32.8745456,98345808,369001,493904,Université / Campus,2.23,15.14,Rabat,10000,34.03830182617842,-6.870879818363639
5025613,2.16,0015-09-04 17:16:18,0015-09-04 18:09:10,17,18,0.881111111,Vendredi,ios,32.8745456,98345808,369001,493904,Université / Campus,2.3,4.97,Rabat,10000,34.00918074834588,-6.838431107456898
6927280,5.7,0015-09-05 10:23:22,0015-09-05 12:09:06,10,12,1.762222222,Samedi,ios,33.7569336,98345808,250527,976902,Parking public,2.64,15.05,Rabat,10000,33.99575515698307,-6.827160185136002
3210979,3.61,0015-09-05 13:35:05,0015-09-05 15:29:06,13,15,1.900277778,Samedi,ios,33.7569336,98345808,250527,976902,Parking public,1.89,6.82,Rabat,10000,34.01507881072591,-6.842498920748557
1508482,6.72,0015-09-08 08:58:55,0015-09-08 11:20:10,8,11,2.354166667,Mardi,ios,32.8745456,98345808,369001,493904,Université / Campus,2.61,17.54,Rabat,10000,34.00131147089919,-6.866475818190237
4981877,1.11,0015-09-08 16:21:07,0015-09-08 18:53:08,16,18,2.533611111,Mardi,ios,32.8745456,98345808,369001,493904,Université / Campus,1.65,1.83,Rabat,10000,34.032597065334144,-6.813252316598326
9984728,6.76,0015-09-09 08:57:44,0015-09-09 11:53:09,8,11,2.923611111,Mercredi,ios,32.8745456,98345808,369001,493904,Université / Campus,2.51,16.97,Rabat,10000,34.011665983592266,-6.8405193741174335
4991173,1.33,0015-09-09 18:17:10,0015-09-09 18:53:06,18,18,0.598888889,Mercredi,ios,32.8745456,98345808,369001,493904,Université / Campus,3.03,4.03,Rabat,10000,34.04943661205159,-6.834748825340859
7336039,6.67,0015-09-10 09:01:39,0015-09-10 11:07:08,9,11,2.091388889,Jeudi,ios,32.8745456,98345808,369001,493904,Université / Campus,2.06,13.74,Rabat,10000,34.02935832464072,-6.85740341303755
7983098,6.71,0015-09-11 08:59:33,0015-09-11 11:46:06,8,11,2.775833333,Vendredi,ios,32.8745456,98345808,369001,493904,Université / Campus,3.48,23.35,Rabat,10000,34.04024883381806,-6.842590114893591
8398022,6.69,0015-09-12 10:01:35,0015-09-12 13:36:09,10,13,3.576111111,Samedi,ios,32.8745456,98345808,369001,493904,Université / Campus,2.86,19.13,Rabat,10000,33.99885148036451,-6.845851030482501
6551574,6.77,0015-09-14 09:07:29,0015-09-14 11:34:06,9,11,2.443611111,Lundi,ios,32.8745456,98345808,369001,493904,Université / Campus,1.74,11.78,Rabat,10000,34.04262086893635,-6.867106249479881
4057047,0.75,0015-09-14 17:16:45,0015-09-14 18:14:09,17,18,0.956666667,Lundi,ios,32.8745456,98345808,369001,493904,Université / Campus,3.45,2.59,Rabat,10000,34.046265431430804,-6.865230378787151
6955561,6.71,0015-09-15 09:05:28,0015-09-15 11:26:07,9,11,2.344166667,Mardi,ios,32.8745456,98345808,369001,493904,Université / Campus,2.29,15.37,Rabat,10000,34.02012371512913,-6.821351648822874
3512412,6.73,0015-09-16 09:09:19,0015-09-16 11:55:11,9,11,2.764444444,Mercredi,ios,32.8745456,98345808,369001,493904,Université / Campus,3.09,20.8,Rabat,10000,34.02727517626506,-6.857210802867605
3715890,1.81,0015-09-18 15:05:21,0015-09-18 15:41:09,15,15,0.596666667,Vendredi,ios,32.8745456,98345808,955429,493904,Université / Campus,2.18,3.95,Marrakech,40000,31.64538858805418,-7.9994025037100815
8003577,5.47,0015-09-19 09:57:46,0015-09-19 11:40:12,9,11,1.707222222,Samedi,ios,32.8745456,98345808,369001,493904,Université / Campus,3.38,18.49,Rabat,10000,34.001390317635625,-6.841305312924991
6388560,3.42,0015-09-19 11:55:52,0015-09-19 14:58:08,11,14,3.037777778,Samedi,ios,32.8745456,98345808,369001,493904,Université / Campus,3.01,10.29,Rabat,10000,34.02105396458781,-6.8254751721182485
9940649,2.89,0015-09-19 15:35:34,0015-09-19 17:25:10,15,17,1.826666667,Samedi,ios,32.8745456,98345808,369001,493904,Université / Campus,1.9,5.49,Rabat,10000,34.01481978166634,-6.86788320888526
2446166,6.68,0015-09-21 09:02:01,0015-09-21 11:46:05,9,11,2.734444444,Lundi,ios,32.8745456,98345808,369001,493904,Université / Campus,2.52,16.83,Rabat,10000,33.999682439529735,-6.836991524821705
8566820,1.07,0015-09-21 18:29:11,0015-09-21 18:55:12,18,18,0.433611111,Lundi,ios,32.8745456,98345808,369001,493904,Université / Campus,2.5,2.68,Rabat,10000,34.01295206533749,-6.864447373429566
2672015,6.71,0015-09-22 09:01:06,0015-09-22 11:38:10,9,11,2.617777778,Mardi,ios,32.8745456,98345808,369001,493904,Université / Campus,1.59,10.67,Rabat,10000,33.99499033856313,-6.869412336950463
7860223,6.65,0015-09-23 09:03:28,0015-09-23 12:35:09,9,12,3.528055556,Mercredi,ios,32.8745456,98345808,369001,493904,Université / Campus,1.77,11.77,Rabat,10000,33.992448714416966,-6.868435362870267
5712517,6.73,0015-09-24 08:59:02,0015-09-24 11:08:06,8,11,2.151111111,Jeudi,ios,32.8745456,98345808,369001,493904,Université / Campus,2.17,14.6,Rabat,10000,33.99900997734929,-6.821550153507493
3709561,6.75,0015-09-25 09:03:47,0015-09-25 11:21:06,9,11,2.288611111,Vendredi,ios,32.8745456,98345808,369001,493904,Université / Campus,2.45,16.54,Rabat,10000,34.048686906695345,-6.864521650982316
1534187,6.73,0015-09-26 10:01:49,0015-09-26 12:33:05,10,12,2.521111111,Samedi,ios,32.8745456,98345808,369001,493904,Université / Campus,2.41,16.22,Rabat,10000,34.0238717721537,-6.868890918135262
4232060,2.06,0015-09-26 14:47:00,0015-09-26 15:29:07,14,15,0.701944444,Samedi,ios,32.8745456,98345808,369001,493904,Université / Campus,2.71,5.58,Rabat,10000,34.04884932966919,-6.845326006771425
7541830,6.72,0015-09-28 08:59:45,0015-09-28 11:07:06,8,11,2.1225,Lundi,ios,32.8745456,98345808,369001,493904,Université / Campus,2.53,17.0,Rabat,10000,34.01684987269981,-6.820960391683478
8421214,6.43,0015-09-29 09:03:18,0015-09-29 11:04:07,9,11,2.013611111,Mardi,ios,32.8745456,98345808,369001,493904,Université / Campus,2.16,13.89,Rabat,10000,34.009608967985116,-6.855855497410642
1242456,1.43,0015-09-29 16:18:55,0015-09-29 18:52:08,16,18,2.553611111,Mardi,ios,32.8745456,98345808,369001,493904,Université / Campus,2.73,3.9,Rabat,10000,34.021268511770415,-6.846297242948444
1197148,6.43,0015-09-30 09:03:04,0015-09-30 11:03:07,9,11,2.000833333,Mercredi,ios,32.8745456,98345808,369001,493904,Université / Campus,1.83,11.77,Rabat,10000,34.01727070131797,-6.869204648046175
2775340,6.62,0015-10-02 09:01:43,0015-10-02 11:15:08,9,11,2.223611111,Vendredi,ios,32.8745456,98345808,369001,493904,Université / Campus,3.48,23.04,Rabat,10000,33.997239881055705,-6.844655289151907
8383410,0.94,0015-10-02 17:59:50,0015-10-02 18:19:06,17,18,0.321111111,Vendredi,ios,32.8745456,98345808,369001,493904,Université / Campus,2.98,2.8,Rabat,10000,34.02934957888141,-6.836943215161772
5487447,6.2,0015-10-03 09:58:32,0015-10-03 11:53:05,9,11,1.909166667,Samedi,ios,32.8745456,98345808,369001,493904,Université / Campus,2.1,13.02,Rabat,10000,34.00386229095057,-6.837345576774871
8483022,1.12,0015-10-03 15:49:09,0015-10-03 17:49:06,15,17,1.999166667,Samedi,ios,32.8745456,98345808,369001,493904,Université / Campus,2.17,2.43,Rabat,10000,34.028075277293865,-6.851654398469538
5852011,7.41,0015-03-07 13:29:10,0015-03-07 15:58:04,13,15,2.481666667,Samedi,ios,5.135871,81375624,369001,493904,Université / Campus,3.16,23.42,Rabat,10000,34.02991206554389,-6.852668009160212
5232798,1.54,0015-03-07 16:50:55,0015-03-07 17:51:04,16,17,1.0025,Samedi,ios,5.135871,81375624,369001,493904,Université / Campus,2.56,3.94,Rabat,10000,34.00002149118772,-6.8652025828638035
7056392,3.71,0015-03-09 12:48:02,0015-03-09 14:12:05,12,14,1.400833333,Lundi,ios,5.135871,81375624,369001,493904,Université / Campus,2.92,10.83,Rabat,10000,33.99458097762664,-6.849592100761224
5501119,3.22,0015-03-09 15:49:48,0015-03-09 17:02:05,15,17,1.204722222,Lundi,ios,5.135871,81375624,369001,493904,Université / Campus,2.1,6.76,Rabat,10000,34.037745695164105,-6.865630319867622
4164829,3.47,0015-03-10 12:47:19,0015-03-10 14:10:07,12,14,1.38,Mardi,ios,5.135871,81375624,369001,493904,Université / Campus,3.13,10.86,Rabat,10000,34.01848802542616,-6.825604243317277
4597427,1.92,0015-03-10 15:37:26,0015-03-10 16:47:05,15,16,1.160833333,Mardi,ios,5.135871,81375624,369001,493904,Université / Campus,2.24,4.3,Rabat,10000,33.99438982773032,-6.813623542135108
6886213,4.13,0015-03-11 12:25:36,0015-03-11 14:08:05,12,14,1.708055556,Mercredi,ios,5.135871,81375624,369001,493904,Université / Campus,2.85,11.77,Rabat,10000,34.05059197903018,-6.813395532599997
4079161,1.11,0015-03-11 15:45:10,0015-03-11 16:51:04,15,16,1.098333333,Mercredi,ios,5.135871,81375624,369001,493904,Université / Campus,3.46,3.84,Rabat,10000,33.99436683365978,-6.819695734037476
6368480,3.83,0015-03-12 12:15:11,0015-03-12 13:49:05,12,13,1.565,Jeudi,ios,5.135871,81375624,369001,493904,Université / Campus,2.67,10.23,Rabat,10000,34.032602113731514,-6.835552471039622
3798654,2.53,0015-03-12 15:45:30,0015-03-12 16:55:13,15,16,1.161944444,Jeudi,ios,5.135871,81375624,369001,493904,Université / Campus,3.09,7.82,Rabat,10000,34.049920735515805,-6.829548058165367
6497884,3.98,0015-03-13 12:33:49,0015-03-13 14:06:05,12,14,1.537777778,Vendredi,ios,5.135871,81375624,369001,493904,Université / Campus,2.95,11.74,Rabat,10000,34.00525080625295,-6.854487651839174
8057442,2.39,0015-03-13 15:53:37,0015-03-13 16:52:04,15,16,0.974166667,Vendredi,ios,5.135871,81375624,955429,493904,Université / Campus,2.88,6.88,Marrakech,40000,31.60803496212123,-7.973253774789643
4208097,4.73,0015-03-16 13:13:34,0015-03-16 14:58:05,13,14,1.741944444,Lundi,ios,5.135871,81375624,369001,493904,Université / Campus,1.55,7.33,Rabat,10000,33.998183096365345,-6.844261027033607
7055557,5.5,0015-03-17 14:07:27,0015-03-17 17:28:05,14,17,3.343888889,Mardi,ios,5.135871,81375624,369001,493904,Université / Campus,2.45,13.48,Rabat,10000,34.00909650885405,-6.842678959613384
9621587,7.56,0015-03-19 13:20:03,0015-03-19 16:34:05,13,16,3.233888889,Jeudi,ios,5.135871,81375624,955429,493904,Université / Campus,3.43,25.93,Marrakech,40000,31.60556274866064,-7.96563340637749
6161317,0.0,0015-03-20 13:33:51,0015-03-20 13:36:05,13,13,0.037222222,Vendredi,ios,,81375624,955429,493904,Université / Campus,3.07,0.0,Marrakech,40000,31.64102968050165,-7.994184898664164
3911099,6.82,0015-03-23 13:10:19,0015-03-23 15:53:05,13,15,2.712777778,Lundi,ios,5.135871,81375624,955429,493904,Université / Campus,3.05,20.8,Marrakech,40000,31.603237507887805,-7.992017623298328
2117402,8.58,0015-03-24 12:37:53,0015-03-24 15:57:05,12,15,3.32,Mardi,ios,5.135871,81375624,955429,493904,Université / Campus,2.66,22.82,Marrakech,40000,31.63006532768899,-7.9556214925322815
4838297,8.51,0015-03-25 12:49:55,0015-03-25 16:24:04,12,16,3.569166667,Mercredi,ios,5.135871,81375624,955429,493904,Université / Campus,2.94,25.02,Marrakech,40000,31.659301811231177,-8.00772654230894
4321758,6.82,0015-03-26 13:19:07,0015-03-26 15:26:05,13,15,2.116111111,Jeudi,ios,5.135871,81375624,369001,493904,Université / Campus,2.67,18.21,Rabat,10000,34.039738216170356,-6.842461942095199
7507148,5.11,0015-03-27 13:34:11,0015-03-27 15:41:04,13,15,2.114722222,Vendredi,ios,5.135871,81375624,955429,493904,Université / Campus,1.84,9.4,Marrakech,40000,31.63641316629386,-7.956331951975528
5849701,7.66,0015-03-28 12:57:24,0015-03-28 15:34:05,12,15,2.611388889,Samedi,ios,5.135871,81375624,369001,493904,Université / Campus,2.76,21.14,Rabat,10000,34.00927521724719,-6.83497821953091
5131973,6.68,0015-03-30 13:49:43,0015-03-30 17:09:06,13,17,3.323055556,Lundi,ios,5.135871,81375624,955429,493904,Université / Campus,2.74,18.3,Marrakech,40000,31.636933750177498,-7.978315575547271
2048843,7.67,0015-03-31 13:05:28,0015-03-31 16:46:05,13,16,3.676944444,Mardi,ios,5.135871,81375624,955429,493904,Université / Campus,3.18,24.39,Marrakech,40000,31.6311224878347,-7.996115349246239
9688410,5.31,0015-04-01 13:08:34,0015-04-01 14:59:05,13,14,1.841944444,Mercredi,ios,5.135871,81375624,955429,493904,Université / Campus,1.8,9.56,Marrakech,40000,31.625065003033423,-7.990503470656133
6230648,2.45,0015-04-01 15:48:24,0015-04-01 17:16:05,15,17,1.461388889,Mercredi,ios,5.135871,81375624,369001,493904,Université / Campus,2.86,7.01,Rabat,10000,33.99874262260441,-6.820477095051718
5447686,7.34,0015-04-02 12:57:38,0015-04-02 16:20:06,12,16,3.374444444,Jeudi,ios,5.135871,81375624,955429,493904,Université / Campus,1.56,11.45,Marrakech,40000,31.652696252914428,-7.977546912093892
2476249,5.25,0015-04-06 13:30:21,0015-04-06 17:14:06,13,17,3.729166667,Lundi,ios,5.135871,81375624,369001,493904,Université / Campus,3.4,17.85,Rabat,10000,34.01788707892928,-6.840715468374593
3029915,5.5,0015-04-07 13:35:39,0015-04-07 15:41:05,13,15,2.090555556,Mardi,ios,5.135871,81375624,955429,493904,Université / Campus,1.72,9.46,Marrakech,40000,31.611177350709244,-8.005125217187597
3900808,8.98,0015-04-08 12:30:57,0015-04-08 15:44:06,12,15,3.219166667,Mercredi,ios,5.135871,81375624,369001,493904,Université / Campus,1.54,13.83,Rabat,10000,34.01296556105263,-6.8706383106126925
5898254,6.14,0015-04-09 12:58:18,0015-04-09 16:40:08,12,16,3.697222222,Jeudi,ios,5.135871,81375624,369001,493904,Université / Campus,2.13,13.08,Rabat,10000,34.01574778515173,-6.813778888678777
8100085,7.63,0015-04-10 13:07:05,0015-04-10 15:39:06,13,15,2.533611111,Vendredi,ios,5.135871,81375624,369001,493904,Université / Campus,1.8,13.73,Rabat,10000,34.04055227373401,-6.848980829962789
9065891,5.51,0015-04-13 13:07:49,0015-04-13 15:38:05,13,15,2.504444444,Lundi,ios,5.135871,81375624,369001,493904,Université / Campus,2.88,15.87,Rabat,10000,34.03491686283368,-6.83540721627403
6966078,3.48,0015-04-14 12:53:51,0015-04-14 14:19:05,12,14,1.420555556,Mardi,ios,5.135871,81375624,955429,493904,Université / Campus,2.32,8.07,Marrakech,40000,31.64565829361848,-8.006317095608763
1502872,4.92,0015-04-15 13:12:49,0015-04-15 16:49:05,13,16,3.604444444,Mercredi,ios,5.135871,81375624,369001,493904,Université / Campus,3.05,15.01,Rabat,10000,33.99156187586571,-6.830613142856617
1215837,3.74,0015-04-16 13:02:58,0015-04-16 15:45:07,13,15,2.7025,Jeudi,ios,5.135871,81375624,955429,493904,Université / Campus,3.34,12.49,Marrakech,40000,31.624469239890786,-7.955145997477642
5680482,5.42,0015-04-17 12:57:56,0015-04-17 14:57:05,12,14,1.985833333,Vendredi,ios,5.135871,81375624,955429,493904,Université / Campus,3.25,17.61,Marrakech,40000,31.62838064909812,-7.9765600848201546
6567245,3.13,0015-04-20 13:38:55,0015-04-20 15:43:05,13,15,2.069444444,Lundi,ios,5.135871,81375624,955429,493904,Université / Campus,2.97,9.3,Marrakech,40000,31.600651536609384,-8.003533080657474
3602992,3.63,0015-04-21 09:58:57,0015-04-21 12:20:12,9,12,2.354166667,Mardi,ios,5.135871,81375624,955429,493904,Université / Campus,1.62,5.88,Marrakech,40000,31.615088792524702,-7.9761967083515914
2757283,5.87,0015-04-22 13:08:22,0015-04-22 15:43:06,13,15,2.578888889,Mercredi,ios,5.135871,81375624,955429,493904,Université / Campus,1.78,10.45,Marrakech,40000,31.645117389387327,-7.965119167213721
8090940,8.23,0015-04-23 12:49:30,0015-04-23 15:43:09,12,15,2.894166667,Jeudi,ios,5.135871,81375624,955429,493904,Université / Campus,1.91,15.72,Marrakech,40000,31.60772658234374,-7.986715007805558
7685140,5.52,0015-04-24 13:56:12,0015-04-24 16:50:13,13,16,2.900277778,Vendredi,ios,5.135871,81375624,955429,493904,Université / Campus,2.15,11.87,Marrakech,40000,31.631618607887155,-7.958309735123511
8406361,4.75,0015-04-26 12:26:57,0015-04-26 14:30:08,12,14,2.053055556,Dimanche,ios,5.135871,81375624,955429,493904,Université / Campus,2.82,13.4,Marrakech,40000,31.612412112321035,-7.972179022798557
5782964,6.23,0015-04-27 12:19:49,0015-04-27 16:24:06,12,16,4.071388889,Lundi,ios,5.135871,81375624,369001,493904,Université / Campus,2.55,15.89,Rabat,10000,33.99162724647863,-6.817645064902647
7790378,3.59,0015-04-28 12:46:59,0015-04-28 14:23:06,12,14,1.601944444,Mardi,ios,5.135871,81375624,955429,493904,Université / Campus,2.13,7.65,Marrakech,40000,31.613972087455974,-7.973689681325159
7329841,4.19,0015-04-29 13:42:50,0015-04-29 16:47:06,13,16,3.071111111,Mercredi,ios,5.135871,81375624,955429,493904,Université / Campus,1.85,7.75,Marrakech,40000,31.658052425294603,-8.00322272167971
4728564,4.94,0015-04-30 13:16:30,0015-04-30 15:32:07,13,15,2.260277778,Jeudi,ios,5.135871,81375624,955429,493904,Université / Campus,3.32,16.4,Marrakech,40000,31.64759222671298,-7.9925184973336885
6933877,8.27,0015-05-04 12:54:20,0015-05-04 15:39:06,12,15,2.746111111,Lundi,ios,5.135871,81375624,955429,493904,Université / Campus,2.18,18.03,Marrakech,40000,31.65707459865926,-7.998992303104853
7270196,5.26,0015-05-05 12:42:09,0015-05-05 15:34:07,12,15,2.866111111,Mardi,ios,5.135871,81375624,955429,493904,Université / Campus,2.21,11.62,Marrakech,40000,31.628771242635583,-7.956570410136988
7841350,7.39,0015-05-06 15:43:44,0015-05-06 18:32:06,15,18,2.806111111,Mercredi,ios,5.135871,81375624,955429,493904,Université / Campus,3.04,22.47,Marrakech,40000,31.60608417192065,-7.965475995962751
8704849,6.65,0015-05-08 12:48:43,0015-05-08 15:44:07,12,15,2.923333333,Vendredi,ios,5.135871,81375624,955429,493904,Université / Campus,2.94,19.55,Marrakech,40000,31.632377569338423,-7.970516097865399
4606413,5.27,0015-05-09 13:04:10,0015-05-09 15:44:06,13,15,2.665555556,Samedi,ios,5.135871,81375624,955429,493904,Université / Campus,2.79,14.7,Marrakech,40000,31.626762640073597,-7.993042020822102
2967734,3.49,0015-05-11 15:03:54,0015-05-11 18:32:06,15,18,3.47,Lundi,ios,5.135871,81375624,955429,493904,Université / Campus,2.89,10.09,Marrakech,40000,31.650161424964377,-8.000057313676987
8564410,4.03,0015-05-12 14:00:15,0015-05-12 15:31:05,14,15,1.513888889,Mardi,ios,5.135871,81375624,955429,493904,Université / Campus,2.72,10.96,Marrakech,40000,31.605384954847054,-7.965712934720665
8474234,4.84,0015-05-13 13:10:15,0015-05-13 14:55:08,13,14,1.748055556,Mercredi,ios,5.135871,81375624,955429,493904,Université / Campus,1.88,9.1,Marrakech,40000,31.628794468221308,-7.982650523247255
4530796,2.8,0015-05-13 15:45:26,0015-05-13 18:30:11,15,18,2.745833333,Mercredi,ios,5.135871,81375624,955429,493904,Université / Campus,1.99,5.57,Marrakech,40000,31.60850291988164,-7.997552626870962
6947251,6.1,0015-05-14 13:07:07,0015-05-14 15:43:06,13,15,2.599722222,Jeudi,ios,5.135871,81375624,955429,493904,Université / Campus,2.62,15.98,Marrakech,40000,31.618980555613405,-7.974102681310083
1296682,4.33,0015-05-15 13:19:02,0015-05-15 15:47:07,13,15,2.468055556,Vendredi,ios,5.135871,81375624,955429,493904,Université / Campus,1.95,8.44,Marrakech,40000,31.643741424643267,-8.008679968871693
5546072,2.52,0015-05-17 13:34:54,0015-05-17 14:55:06,13,14,1.336666667,Dimanche,ios,5.135871,81375624,955429,493904,Université / Campus,3.45,8.69,Marrakech,40000,31.628061087762127,-7.991529784752305
4893331,2.52,0015-05-17 15:49:57,0015-05-17 17:19:05,15,17,1.485555556,Dimanche,ios,5.135871,81375624,955429,493904,Université / Campus,2.1,5.29,Marrakech,40000,31.622053297108746,-7.982986580324532
6490714,5.0,0015-05-18 13:47:17,0015-05-18 15:48:06,13,15,2.013611111,Lundi,ios,5.135871,81375624,955429,493904,Université / Campus,2.08,10.4,Marrakech,40000,31.623168576714203,-8.002222499953435
9483217,5.14,0015-05-19 14:56:34,0015-05-19 17:03:06,14,17,2.108888889,Mardi,ios,5.135871,81375624,955429,493904,Université / Campus,1.91,9.82,Marrakech,40000,31.62706680610436,-7.9520207313445495
6204223,6.49,0015-05-20 14:56:37,0015-05-20 17:45:09,14,17,2.808888889,Mercredi,ios,5.135871,81375624,955429,493904,Université / Campus,2.91,18.89,Marrakech,40000,31.646600992630223,-7.998554158124623
7739584,6.54,0015-05-21 12:52:43,0015-05-21 16:42:06,12,16,3.823055556,Jeudi,ios,5.135871,81375624,955429,493904,Université / Campus,2.13,13.93,Marrakech,40000,31.653025081336413,-8.003278812197404
2509133,4.08,0015-05-22 13:15:12,0015-05-22 15:47:07,13,15,2.531944444,Vendredi,ios,5.135871,81375624,955429,493904,Université / Campus,2.2,8.98,Marrakech,40000,31.656820081190236,-7.998887907566786
8952693,5.97,0015-05-26 14:54:07,0015-05-26 17:09:06,14,17,2.249722222,Mardi,ios,5.135871,81375624,955429,493904,Université / Campus,3.37,20.12,Marrakech,40000,31.646714203175318,-7.964956332010416
4318935,3.56,0015-05-27 13:49:06,0015-05-27 14:57:15,13,14,1.135833333,Mercredi,ios,5.135871,81375624,955429,493904,Université / Campus,3.09,11.0,Marrakech,40000,31.61842441374488,-7.985569660443689
1058719,3.34,0015-05-27 15:45:49,0015-05-27 17:15:06,15,17,1.488055556,Mercredi,ios,5.135871,81375624,955429,493904,Université / Campus,2.05,6.85,Marrakech,40000,31.640788082365194,-7.977175043614848
5770383,4.33,0015-05-28 15:49:03,0015-05-28 18:24:15,15,18,2.586666667,Jeudi,ios,5.135871,81375624,955429,493904,Université / Campus,1.74,7.53,Marrakech,40000,31.625756187443322,-8.009839450580818
9143422,5.16,0015-05-29 14:30:48,0015-05-29 18:23:05,14,18,3.871388889,Vendredi,ios,5.135871,81375624,955429,493904,Université / Campus,2.85,14.71,Marrakech,40000,31.614780237322762,-8.0090341214856
8127201,8.29,0015-05-31 13:35:18,0015-05-31 17:30:08,13,17,3.913888889,Dimanche,ios,5.135871,81375624,369001,493904,Université / Campus,2.26,18.74,Rabat,10000,34.04135229476555,-6.844850467010379
6271703,5.83,0015-06-01 13:01:53,0015-06-01 15:44:04,13,15,2.703055556,Lundi,ios,5.135871,81375624,955429,493904,Université / Campus,3.46,20.17,Marrakech,40000,31.60180558093774,-7.962100685407902
2682313,4.38,0015-06-03 12:53:02,0015-06-03 15:47:06,12,15,2.901111111,Mercredi,ios,5.135871,81375624,955429,493904,Université / Campus,3.14,13.75,Marrakech,40000,31.653605719528127,-7.957985667277546
8928652,5.86,0015-06-04 12:55:06,0015-06-04 15:42:05,12,15,2.783055556,Jeudi,ios,5.135871,81375624,955429,493904,Université / Campus,3.41,19.98,Marrakech,40000,31.627188647877485,-8.005897605944261
3363309,6.47,0015-06-08 12:29:34,0015-06-08 15:42:06,12,15,3.208888889,Lundi,ios,5.135871,81375624,955429,493904,Université / Campus,3.11,20.12,Marrakech,40000,31.637732088608498,-7.978798213873938
2459300,3.35,0015-06-09 12:42:47,0015-06-09 14:58:15,12,14,2.257777778,Mardi,ios,5.135871,81375624,955429,493904,Université / Campus,2.08,6.97,Marrakech,40000,31.639061235332345,-7.956306218823244
7049885,2.21,0015-06-09 15:46:06,0015-06-09 17:01:05,15,17,1.249722222,Mardi,ios,5.135871,81375624,955429,493904,Université / Campus,2.08,4.6,Marrakech,40000,31.65320706444239,-7.987821634736126
3319802,4.31,0015-06-10 13:13:28,0015-06-10 14:57:06,13,14,1.727222222,Mercredi,ios,5.135871,81375624,369001,493904,Université / Campus,2.93,12.63,Rabat,10000,34.02910018093003,-6.821826050114297
7782206,4.11,0015-06-10 15:45:19,0015-06-10 18:31:05,15,18,2.762777778,Mercredi,ios,5.135871,81375624,955429,493904,Université / Campus,2.19,9.0,Marrakech,40000,31.636336015085604,-8.003078260736034
1183559,6.89,0015-06-11 13:16:33,0015-06-11 15:52:07,13,15,2.592777778,Jeudi,ios,5.135871,81375624,369001,493904,Université / Campus,2.38,16.4,Rabat,10000,33.99489912243364,-6.815476330619932
8017360,4.5,0015-06-13 15:51:25,0015-06-13 18:22:05,15,18,2.511111111,Samedi,ios,5.135871,81375624,369001,493904,Université / Campus,2.01,9.04,Rabat,10000,34.022004481316706,-6.826514600948122
3596356,4.77,0015-06-14 13:05:19,0015-06-14 15:48:05,13,15,2.712777778,Dimanche,ios,5.135871,81375624,369001,493904,Université / Campus,2.46,11.73,Rabat,10000,33.99991014004902,-6.815119936432786
3156957,4.74,0015-06-15 13:45:12,0015-06-15 15:48:06,13,15,2.048333333,Lundi,ios,5.135871,81375624,369001,493904,Université / Campus,1.9,9.01,Rabat,10000,34.035146026123286,-6.831002965986849
6885772,3.39,0015-06-16 12:52:40,0015-06-16 14:57:06,12,14,2.073888889,Mardi,ios,5.135871,81375624,369001,493904,Université / Campus,2.58,8.75,Rabat,10000,34.021633315248756,-6.849795764080034
7297546,5.58,0015-06-16 15:46:28,0015-06-16 18:24:05,15,18,2.626944444,Mardi,ios,5.135871,81375624,955429,493904,Université / Campus,3.37,18.8,Marrakech,40000,31.6403136667525,-7.954809129648516
9548643,3.9,0015-06-17 13:01:59,0015-06-17 15:43:07,13,15,2.685555556,Mercredi,ios,5.135871,81375624,955429,493904,Université / Campus,2.89,11.27,Marrakech,40000,31.602000374036145,-7.994565993421449
2645754,2.99,0015-06-18 13:22:56,0015-06-18 14:56:05,13,14,1.5525,Jeudi,ios,5.135871,81375624,955429,493904,Université / Campus,1.77,5.29,Marrakech,40000,31.60458752096275,-7.991169648676296
7504369,4.0,0015-06-18 15:43:37,0015-06-18 18:34:05,15,18,2.841111111,Jeudi,ios,5.135871,81375624,955429,493904,Université / Campus,2.73,10.92,Marrakech,40000,31.64247940328376,-7.969051494919896
7176540,3.17,0015-06-22 13:32:37,0015-06-22 15:38:07,13,15,2.091666667,Lundi,ios,5.135871,81375624,955429,493904,Université / Campus,2.67,8.46,Marrakech,40000,31.60382506015992,-7.965181022028476
7410623,5.83,0015-06-25 13:49:43,0015-06-25 15:44:14,13,15,1.908611111,Jeudi,ios,5.135871,81375624,955429,493904,Université / Campus,1.98,11.54,Marrakech,40000,31.603775403665917,-7.95533579096905
9100549,4.55,0015-06-26 13:13:03,0015-06-26 16:29:05,13,16,3.267222222,Vendredi,ios,5.135871,81375624,955429,493904,Université / Campus,2.84,12.92,Marrakech,40000,31.600226508514094,-7.998811855456627
2978966,4.43,0015-06-29 13:15:58,0015-06-29 15:43:06,13,15,2.452222222,Lundi,ios,5.135871,81375624,955429,493904,Université / Campus,2.56,11.34,Marrakech,40000,31.65689008389797,-7.963220117886846
3179906,2.53,0015-06-30 13:12:25,0015-06-30 14:14:05,13,14,1.027777778,Mardi,ios,5.135871,81375624,955429,493904,Université / Campus,2.78,7.03,Marrakech,40000,31.643750501567542,-7.966787236796182
2701200,5.47,0015-07-01 13:13:23,0015-07-01 14:56:05,13,14,1.711666667,Mercredi,ios,5.135871,81375624,955429,493904,Université / Campus,1.6,8.75,Marrakech,40000,31.620695084510125,-8.007272326624784
3973016,2.77,0015-07-01 15:48:04,0015-07-01 17:55:06,15,17,2.117222222,Mercredi,ios,5.135871,81375624,955429,493904,Université / Campus,2.33,6.45,Marrakech,40000,31.61729213487726,-7.987866611527387
2254806,7.64,0015-07-02 13:02:19,0015-07-02 15:57:05,13,15,2.912777778,Jeudi,ios,5.135871,81375624,955429,493904,Université / Campus,2.93,22.39,Marrakech,40000,31.620482193784753,-7.994134072576394
1137306,6.74,0015-07-06 12:59:39,0015-07-06 16:51:05,12,16,3.857222222,Lundi,ios,5.135871,81375624,955429,493904,Université / Campus,1.7,11.46,Marrakech,40000,31.64597921187087,-7.992830574538758
5617977,4.3,0015-07-07 13:43:22,0015-07-07 15:43:06,13,15,1.995555556,Mardi,ios,5.135871,81375624,955429,493904,Université / Campus,3.04,13.07,Marrakech,40000,31.639182236664226,-7.952123187226718
6891719,4.11,0015-07-08 13:15:02,0015-07-08 14:59:05,13,14,1.734166667,Mercredi,ios,5.135871,81375624,955429,493904,Université / Campus,1.51,6.21,Marrakech,40000,31.610611734072048,-7.972533355191204
1948402,6.43,0015-07-09 12:53:51,0015-07-09 15:43:06,12,15,2.820833333,Jeudi,ios,5.135871,81375624,955429,493904,Université / Campus,2.6,16.72,Marrakech,40000,31.609946560120044,-7.968039430532389
8630917,3.79,0015-07-10 13:15:52,0015-07-10 14:56:06,13,14,1.670555556,Vendredi,ios,5.135871,81375624,955429,493904,Université / Campus,3.36,12.73,Marrakech,40000,31.605403738982805,-7.952502941761099
4172273,4.77,0015-07-12 12:36:44,0015-07-12 14:54:05,12,14,2.289166667,Dimanche,ios,5.135871,81375624,955429,493904,Université / Campus,2.31,11.02,Marrakech,40000,31.63911816318208,-7.988467893052541
7678427,6.0,0015-07-13 12:11:36,0015-07-13 14:26:05,12,14,2.241388889,Lundi,ios,5.135871,81375624,369001,493904,Université / Campus,3.37,20.22,Rabat,10000,34.0367623597333,-6.823489589892831
9364678,1.0,0015-07-13 14:56:34,0015-07-13 15:44:05,14,15,0.791944444,Lundi,ios,5.135871,81375624,955429,493904,Université / Campus,3.26,3.26,Marrakech,40000,31.6154027856995,-7.98502814220173
2901521,3.22,0015-07-14 13:10:25,0015-07-14 14:53:05,13,14,1.711111111,Mardi,ios,5.135871,81375624,369001,493904,Université / Campus,2.45,7.89,Rabat,10000,33.992156697661855,-6.819427979691101
3167155,2.44,0015-07-14 17:42:16,0015-07-14 18:31:05,17,18,0.813611111,Mardi,ios,5.135871,81375624,955429,493904,Université / Campus,1.9,4.64,Marrakech,40000,31.604430300048588,-8.000260547521322
8430381,3.19,0015-07-15 12:44:58,0015-07-15 14:16:05,12,14,1.518611111,Mercredi,ios,5.135871,81375624,955429,493904,Université / Campus,3.43,10.94,Marrakech,40000,31.6575716020907,-7.954238829376143
1619447,3.34,0015-07-15 17:16:27,0015-07-15 18:27:04,17,18,1.176944444,Mercredi,ios,5.135871,81375624,955429,493904,Université / Campus,2.14,7.15,Marrakech,40000,31.617226686648646,-7.997973697495347
2490164,3.7,0015-07-17 13:25:16,0015-07-17 14:55:08,13,14,1.497777778,Vendredi,ios,5.135871,81375624,955429,493904,Université / Campus,2.79,10.32,Marrakech,40000,31.645653388870286,-7.991526769581144
8654006,3.6,0015-07-17 17:10:19,0015-07-17 18:32:06,17,18,1.363055556,Vendredi,ios,5.135871,81375624,955429,493904,Université / Campus,3.32,11.95,Marrakech,40000,31.636979814131255,-7.9657284659535925
6294252,4.24,0015-07-20 13:31:11,0015-07-20 15:47:08,13,15,2.265833333,Lundi,ios,5.135871,81375624,955429,493904,Université / Campus,1.68,7.12,Marrakech,40000,31.622416378379175,-7.987474691506075
8152363,4.37,0015-07-21 13:12:03,0015-07-21 14:55:07,13,14,1.717777778,Mardi,ios,5.135871,81375624,369001,493904,Université / Campus,2.65,11.58,Rabat,10000,34.00324123573173,-6.835107317394013
5625879,4.6,0015-07-23 10:00:56,0015-07-23 12:51:08,10,12,2.836666667,Jeudi,ios,5.135871,81375624,955429,493904,Université / Campus,2.57,11.82,Marrakech,40000,31.606783185089565,-7.984425589935834
5170977,3.34,0015-07-23 17:25:48,0015-07-23 18:34:07,17,18,1.138611111,Jeudi,ios,5.135871,81375624,369001,493904,Université / Campus,2.95,9.85,Rabat,10000,34.02780077808233,-6.827057803774613
7100216,4.69,0015-07-24 13:06:38,0015-07-24 14:57:05,13,14,1.840833333,Vendredi,ios,5.135871,81375624,369001,493904,Université / Campus,3.37,15.81,Rabat,10000,34.03737802683826,-6.857900124857883
4978658,3.39,0015-07-24 17:17:09,0015-07-24 18:30:08,17,18,1.216388889,Vendredi,ios,5.135871,81375624,955429,493904,Université / Campus,3.33,11.29,Marrakech,40000,31.638134255212467,-8.007592520765787
6754700,5.67,0015-07-25 13:29:38,0015-07-25 15:51:06,13,15,2.357777778,Samedi,ios,5.135871,81375624,955429,493904,Université / Campus,1.85,10.49,Marrakech,40000,31.63131812799495,-7.993104236151615
6992180,6.06,0015-07-27 13:49:58,0015-07-27 15:46:05,13,15,1.935277778,Lundi,ios,5.135871,81375624,955429,493904,Université / Campus,3.26,19.76,Marrakech,40000,31.6020170734059,-7.982641480107894
2651815,6.0,0015-07-28 13:33:45,0015-07-28 15:48:07,13,15,2.239444444,Mardi,ios,5.135871,81375624,955429,493904,Université / Campus,1.85,11.1,Marrakech,40000,31.657609326655663,-8.001018796868438
4603055,6.85,0015-07-29 13:23:37,0015-07-29 15:48:06,13,15,2.408055556,Mercredi,ios,5.135871,81375624,369001,493904,Université / Campus,3.34,22.88,Rabat,10000,34.03882285149927,-6.850312162620616
4488441,5.88,0015-07-30 09:56:54,0015-07-30 12:10:08,9,12,2.220555556,Jeudi,ios,5.135871,81375624,955429,493904,Université / Campus,3.49,20.52,Marrakech,40000,31.61706932220206,-7.987101018902385
9939055,3.73,0015-07-30 17:01:17,0015-07-30 18:24:07,17,18,1.380555556,Jeudi,ios,5.135871,81375624,369001,493904,Université / Campus,2.29,8.54,Rabat,10000,34.04969821976153,-6.868156489378704
4298186,3.04,0015-07-31 10:01:23,0015-07-31 11:42:06,10,11,1.678611111,Vendredi,ios,5.135871,81375624,955429,493904,Université / Campus,2.49,7.57,Marrakech,40000,31.63561289537818,-7.976101565108947
1773703,2.86,0015-07-31 15:48:48,0015-07-31 18:24:11,15,18,2.589722222,Vendredi,ios,5.135871,81375624,955429,493904,Université / Campus,3.37,9.64,Marrakech,40000,31.634445359492435,-7.958039394321722
3308074,7.69,0015-08-01 13:27:56,0015-08-01 15:53:10,13,15,2.420555556,Samedi,ios,5.135871,81375624,955429,493904,Université / Campus,3.42,26.3,Marrakech,40000,31.644384390765772,-8.001995425222816
8979054,3.74,0015-08-02 12:50:13,0015-08-02 14:55:07,12,14,2.081666667,Dimanche,ios,5.135871,81375624,955429,493904,Université / Campus,3.35,12.53,Marrakech,40000,31.648206187285407,-7.9752315191959084
5731348,2.88,0015-08-02 17:21:42,0015-08-02 18:17:05,17,18,0.923055556,Dimanche,ios,5.135871,81375624,955429,493904,Université / Campus,3.25,9.36,Marrakech,40000,31.63888871643989,-7.971215647705349
9661400,3.82,0015-08-03 11:02:13,0015-08-03 13:03:05,11,13,2.014444444,Lundi,ios,5.135871,81375624,369001,493904,Université / Campus,1.52,5.81,Rabat,10000,33.99858574478197,-6.846439919174842
3181964,1.41,0015-08-03 14:56:26,0015-08-03 15:47:07,14,15,0.844722222,Lundi,ios,5.135871,81375624,955429,493904,Université / Campus,2.64,3.72,Marrakech,40000,31.61979605035967,-7.969034144758144
7804143,2.86,0015-08-04 11:22:43,0015-08-04 12:31:07,11,12,1.14,Mardi,ios,5.135871,81375624,369001,493904,Université / Campus,1.71,4.89,Rabat,10000,34.04658501841956,-6.846956107390539
8270745,3.43,0015-08-04 17:06:55,0015-08-04 18:23:11,17,18,1.271111111,Mardi,ios,5.135871,81375624,955429,493904,Université / Campus,3.47,11.9,Marrakech,40000,31.61297693671063,-7.980821762721353
7272756,2.69,0015-08-05 09:59:57,0015-08-05 11:10:08,9,11,1.169722222,Mercredi,ios,5.135871,81375624,955429,493904,Université / Campus,2.07,5.57,Marrakech,40000,31.621830021430252,-8.010658817326734
1471051,1.85,0015-08-05 15:00:11,0015-08-05 15:44:06,15,15,0.731944444,Mercredi,ios,5.135871,81375624,955429,493904,Université / Campus,3.48,6.44,Marrakech,40000,31.62542461297665,-7.9695967931519185
7183386,2.24,0015-08-06 10:04:59,0015-08-06 11:24:07,10,11,1.318888889,Jeudi,ios,5.135871,81375624,955429,493904,Université / Campus,2.59,5.8,Marrakech,40000,31.625864299381668,-7.971419439263316
4439814,2.27,0015-08-06 16:43:26,0015-08-06 18:20:09,16,18,1.611944444,Jeudi,ios,5.135871,81375624,955429,493904,Université / Campus,2.49,5.65,Marrakech,40000,31.63627637494967,-8.008795947360419
9195599,4.76,0015-08-07 10:01:40,0015-08-07 12:08:12,10,12,2.108888889,Vendredi,ios,5.135871,81375624,955429,493904,Université / Campus,3.38,16.09,Marrakech,40000,31.656084550264683,-7.989004993556292
9256682,3.51,0015-08-07 17:02:41,0015-08-07 18:20:08,17,18,1.290833333,Vendredi,ios,5.135871,81375624,369001,493904,Université / Campus,3.2,11.23,Rabat,10000,34.00534156270995,-6.8128580895525
7536785,1.2,0015-09-18 10:00:28,0015-09-18 11:45:10,10,11,1.745,Vendredi,ios,5.135871,81375624,955429,493904,Université / Campus,2.44,2.93,Marrakech,40000,31.606790082578055,-7.985855806245882
7862463,1.4,0015-09-21 12:08:21,0015-09-21 13:21:15,12,13,1.215,Lundi,ios,5.135871,81375624,955429,493904,Université / Campus,1.89,2.65,Marrakech,40000,31.611348229391595,-7.980983275692089
1750871,2.81,0015-09-22 09:56:21,0015-09-22 11:38:08,9,11,1.696388889,Mardi,ios,5.135871,81375624,955429,493904,Université / Campus,1.73,4.86,Marrakech,40000,31.652715494012558,-7.956504190510416
8752271,1.27,0015-09-22 15:44:24,0015-09-22 17:04:06,15,17,1.328333333,Mardi,ios,5.135871,81375624,955429,493904,Université / Campus,1.82,2.31,Marrakech,40000,31.638248648759312,-7.968064287448054
5917410,4.57,0015-09-23 09:59:42,0015-09-23 12:00:07,9,12,2.006944444,Mercredi,ios,5.135871,81375624,955429,493904,Université / Campus,2.42,11.06,Marrakech,40000,31.61665440735435,-7.976175792132546
4152980,2.93,0015-09-23 17:20:03,0015-09-23 18:30:20,17,18,1.171388889,Mercredi,ios,5.135871,81375624,369001,493904,Université / Campus,2.01,5.89,Rabat,10000,34.039856816338116,-6.823731719119535
2666060,4.22,0015-09-24 10:01:20,0015-09-24 12:00:11,10,12,1.980833333,Jeudi,ios,5.135871,81375624,955429,493904,Université / Campus,1.87,7.89,Marrakech,40000,31.651182199781807,-7.959238024012642
1773744,2.71,0015-09-24 17:27:35,0015-09-24 18:32:06,17,18,1.075277778,Jeudi,ios,5.135871,81375624,955429,493904,Université / Campus,2.97,8.05,Marrakech,40000,31.650290860321416,-7.983686715695764
4712810,3.5,0015-09-25 10:00:55,0015-09-25 11:20:08,10,11,1.320277778,Vendredi,ios,5.135871,81375624,955429,493904,Université / Campus,3.08,10.78,Marrakech,40000,31.654635592018373,-7.982593498104089
9497216,4.93,0015-09-26 10:15:48,0015-09-26 12:31:06,10,12,2.255,Samedi,ios,5.135871,81375624,955429,493904,Université / Campus,2.64,13.02,Marrakech,40000,31.6146344612104,-7.987936943860889
8031798,1.08,0015-09-26 14:52:25,0015-09-26 18:18:05,14,18,3.427777778,Samedi,ios,5.135871,81375624,955429,493904,Université / Campus,3.01,3.25,Marrakech,40000,31.644802515724777,-7.953097631598892
8474006,3.51,0015-09-27 12:30:45,0015-09-27 14:57:05,12,14,2.438888889,Dimanche,ios,5.135871,81375624,955429,493904,Université / Campus,1.85,6.49,Marrakech,40000,31.62713236983645,-7.9692700247425785
9266328,2.3,0015-09-27 17:33:18,0015-09-27 18:17:06,17,18,0.73,Dimanche,ios,5.135871,81375624,955429,493904,Université / Campus,3.21,7.38,Marrakech,40000,31.650019913173402,-8.006106616027516
2872588,2.99,0015-09-28 09:59:04,0015-09-28 11:20:09,9,11,1.351388889,Lundi,ios,5.135871,81375624,955429,493904,Université / Campus,3.29,9.84,Marrakech,40000,31.643209440629697,-7.959322422601218
3169844,2.68,0015-09-29 12:15:00,0015-09-29 13:21:09,12,13,1.1025,Mardi,ios,5.135871,81375624,955429,493904,Université / Campus,3.15,8.44,Marrakech,40000,31.646086846789984,-7.982266403549824
3723668,5.6,0015-09-30 10:05:36,0015-09-30 12:14:05,10,12,2.141388889,Mercredi,ios,5.135871,81375624,955429,493904,Université / Campus,2.53,14.17,Marrakech,40000,31.638869710260863,-8.00697476561465
8456236,2.93,0015-09-30 17:32:14,0015-09-30 18:29:06,17,18,0.947777778,Mercredi,ios,5.135871,81375624,369001,493904,Université / Campus,1.67,4.89,Rabat,10000,34.00154572616818,-6.838616964690201
1133038,2.9,0015-10-01 11:54:48,0015-10-01 13:19:08,11,13,1.405555556,Jeudi,ios,5.135871,81375624,955429,493904,Université / Campus,2.84,8.24,Marrakech,40000,31.632201615133816,-7.986070143261458
3831208,0.0,0015-10-02 12:02:04,0015-10-02 12:03:07,12,12,0.0175,Vendredi,ios,,81375624,955429,493904,Université / Campus,1.87,0.0,Marrakech,40000,31.65858018437147,-7.958435035708242
5584844,4.72,0015-10-02 12:03:25,0015-10-02 14:08:07,12,14,2.078333333,Vendredi,ios,5.135871,81375624,955429,493904,Université / Campus,1.78,8.4,Marrakech,40000,31.65574328398983,-7.998860323783436
2214150,2.5,0015-10-02 15:47:03,0015-10-02 17:05:09,15,17,1.301666667,Vendredi,ios,5.135871,81375624,955429,493904,Université / Campus,2.15,5.38,Marrakech,40000,31.60209042414782,-7.961512123430468
2951259,6.08,0015-10-03 12:37:24,0015-10-03 15:37:06,12,15,2.995,Samedi,ios,5.135871,81375624,369001,493904,Université / Campus,2.0,12.16,Rabat,10000,34.00078888894377,-6.838138678528873
2518203,6.55,0015-10-04 12:44:59,0015-10-04 15:54:06,12,15,3.151944444,Dimanche,ios,5.135871,81375624,369001,493904,Université / Campus,2.02,13.23,Rabat,10000,33.998803726407274,-6.868323381807191
1963332,6.41,0015-03-16 16:54:53,0015-03-16 19:06:05,16,19,2.186666667,Lundi,ios,19.1037002,32015313,653450,503205,Parking public,1.97,12.63,Marrakech,40000,31.643058794599117,-7.95278928192047
6748253,6.49,0015-03-17 13:06:58,0015-03-17 18:30:10,13,18,5.386666667,Mardi,ios,19.1037002,32015313,228137,503205,Parking public,3.01,19.53,Oujda,60000,34.70576711979142,-1.910643085353808
3831488,0.0,0015-03-18 12:01:21,0015-03-18 12:03:05,12,12,0.028888889,Mercredi,ios,,32015313,507660,202527,Parking public,3.41,0.0,Meknès,50000,33.876310681978644,-5.559847388746105
3291654,0.0,0015-05-06 11:26:48,0015-05-06 11:55:10,11,11,0.472777778,Mercredi,ios,,32015313,414088,566549,Parking public,2.1,0.0,Meknès,50000,33.89385116157711,-5.5491355894806444
9188340,5.96,0015-05-06 14:02:47,0015-05-06 18:56:06,14,18,4.888611111,Mercredi,ios,19.5069888,32015313,131897,566549,Parking public,2.95,17.58,Meknès,50000,33.913942181680675,-5.5258285329889505
2535316,6.52,0015-03-17 19:00:44,0015-03-17 21:13:05,19,21,2.205833333,Mardi,ios,21.090316,92192265,414088,566549,Parking public,1.52,9.91,Meknès,50000,33.90746809268598,-5.559005812536896
7522551,6.85,0015-03-18 18:00:40,0015-03-18 20:22:05,18,20,2.356944444,Mercredi,ios,21.090316,92192265,131897,566549,Parking public,2.81,19.25,Meknès,50000,33.89603423232951,-5.565739416210798
4254990,0.0,0015-03-19 15:50:47,0015-03-19 15:52:04,15,15,0.021388889,Jeudi,ios,,92192265,514669,566549,Parking public,2.89,0.0,Tanger,90000,35.76492086142753,-5.8562557251841465
6080623,6.69,0015-03-20 14:15:20,0015-03-20 16:36:05,14,16,2.345833333,Vendredi,ios,21.090316,92192265,514669,566549,Parking public,1.62,10.84,Tanger,90000,35.760001632814976,-5.846128436096587
4595266,6.47,0015-03-23 15:00:48,0015-03-23 17:22:05,15,17,2.354722222,Lundi,ios,21.090316,92192265,414088,566549,Parking public,1.74,11.26,Meknès,50000,33.88135290707913,-5.530497114777598
7882118,0.0,0015-03-24 18:10:46,0015-03-24 18:12:05,18,18,0.021944444,Mardi,ios,,92192265,228137,503205,Parking public,2.11,0.0,Oujda,60000,34.69060131957154,-1.9131024180882843
7955353,6.88,0015-03-27 13:41:08,0015-03-27 16:50:07,13,16,3.149722222,Vendredi,ios,21.090316,92192265,131897,566549,Parking public,2.31,15.89,Meknès,50000,33.90483311812301,-5.563651103778388
6511872,6.83,0015-04-01 16:51:20,0015-04-01 19:10:06,16,19,2.312777778,Mercredi,ios,14.9564766,92192265,228137,503205,Parking public,2.51,17.14,Oujda,60000,34.70909937495165,-1.931428900023415
7990112,5.55,0015-04-02 16:33:00,0015-04-02 18:24:05,16,18,1.851388889,Jeudi,ios,21.090316,92192265,902592,566549,Parking public,3.29,18.26,Oujda,60000,34.694877481238755,-1.9214362314093771
8652655,6.68,0015-04-07 12:29:18,0015-04-07 14:49:05,12,14,2.329722222,Mardi,ios,14.9564766,92192265,653450,503205,Parking public,2.91,19.44,Marrakech,40000,31.645167292222588,-7.954704537626857
8731173,6.84,0015-08-04 18:37:52,0015-08-04 21:18:07,18,21,2.670833333,Mardi,ios,,92911698,404112,399399,Bureau / Entreprise,2.12,14.5,Meknès,50000,33.873104298097275,-5.556718397244598
5474628,6.8,0015-08-07 13:06:15,0015-08-07 15:53:06,13,15,2.780833333,Vendredi,ios,,92911698,280415,399399,Bureau / Entreprise,1.73,11.76,Agadir,80000,30.42549344846519,-9.568812555442722
1744865,6.75,0015-08-18 13:42:35,0015-08-18 16:51:06,13,16,3.141944444,Mardi,ios,,92911698,280415,399399,Bureau / Entreprise,3.33,22.48,Agadir,80000,30.39835989718963,-9.59898617265408
7622130,6.94,0015-08-19 12:47:33,0015-08-19 15:38:15,12,15,2.845,Mercredi,ios,,92911698,280415,399399,Bureau / Entreprise,2.09,14.5,Agadir,80000,30.412600731871297,-9.617350164902591
2443109,6.83,0015-08-20 13:10:33,0015-08-20 15:48:06,13,15,2.625833333,Jeudi,ios,,92911698,280415,399399,Bureau / Entreprise,2.73,18.65,Agadir,80000,30.44138770290678,-9.57463159449239
7640982,6.58,0015-08-21 12:29:44,0015-08-21 17:27:07,12,17,4.956388889,Vendredi,ios,,92911698,280415,399399,Bureau / Entreprise,1.94,12.77,Agadir,80000,30.457308597080964,-9.60047867761191
4428575,4.64,0015-08-28 13:46:16,0015-08-28 15:18:06,13,15,1.530555556,Vendredi,ios,,92911698,280415,399399,Bureau / Entreprise,1.77,8.21,Agadir,80000,30.403750685975233,-9.58551971938973
8291114,6.86,0015-08-31 13:30:52,0015-08-31 15:55:16,13,15,2.406666667,Lundi,ios,,92911698,280415,399399,Bureau / Entreprise,1.81,12.42,Agadir,80000,30.421889658951677,-9.569077305007452
5943291,6.76,0015-09-01 13:35:35,0015-09-01 19:47:07,13,19,6.192222222,Mardi,ios,,92911698,280415,399399,Bureau / Entreprise,3.0,20.28,Agadir,80000,30.44580425812195,-9.625089478980803
7997366,6.84,0015-09-21 14:05:24,0015-09-21 17:03:06,14,17,2.961666667,Lundi,ios,,92911698,280415,399399,Bureau / Entreprise,2.71,18.54,Agadir,80000,30.410042138077735,-9.622298326412746
2371057,6.73,0015-09-22 13:19:07,0015-09-22 16:11:10,13,16,2.8675,Mardi,ios,,92911698,280415,399399,Bureau / Entreprise,2.33,15.68,Agadir,80000,30.431105096958138,-9.584872595512236
7249937,6.83,0015-09-23 13:13:57,0015-09-23 18:53:08,13,18,5.653055556,Mercredi,ios,,92911698,280415,399399,Bureau / Entreprise,2.6,17.76,Agadir,80000,30.441784277761784,-9.611190499802273
7077837,6.77,0015-09-25 12:58:07,0015-09-25 16:07:06,12,16,3.149722222,Vendredi,ios,,92911698,946482,399399,Bureau / Entreprise,2.44,16.52,Casablanca,20000,33.58005912701561,-7.608741916182995
5270462,6.65,0015-09-30 13:00:35,0015-09-30 15:41:06,13,15,2.675277778,Mercredi,ios,,92911698,280415,399399,Bureau / Entreprise,2.58,17.16,Agadir,80000,30.409081484076925,-9.625738287210817
3071388,6.68,0015-10-01 13:23:56,0015-10-01 16:39:08,13,16,3.253333333,Jeudi,ios,,92911698,280415,399399,Bureau / Entreprise,2.83,18.9,Agadir,80000,30.419123074121146,-9.626789197280829
9619666,6.86,0015-03-19 11:05:57,0015-03-19 13:30:12,11,13,2.404166667,Jeudi,ios,40.934725,95980995,369001,493904,Université / Campus,1.94,13.31,Rabat,10000,34.03792750706912,-6.825130863812812
4514022,0.0,0015-03-20 11:00:34,0015-03-20 11:02:05,11,11,0.025277778,Vendredi,ios,,95980995,369001,493904,Université / Campus,1.99,0.0,Rabat,10000,34.02415359084792,-6.863533994357827
1671927,6.06,0015-03-19 16:04:35,0015-03-19 18:04:05,16,18,1.991666667,Jeudi,android,,46667907,861532,454147,Parking public,3.01,18.24,Fès,30000,34.00341377681257,-5.002236763041731
4867856,4.24,0015-03-20 16:40:17,0015-03-20 18:04:05,16,18,1.396666667,Vendredi,android,,46667907,861532,454147,Parking public,3.25,13.78,Fès,30000,34.04875944560168,-4.993946191089231
1960248,5.86,0015-03-25 10:44:45,0015-03-25 13:16:05,10,13,2.522222222,Mercredi,android,,46667907,861532,454147,Parking public,1.66,9.73,Fès,30000,34.00521868129641,-5.00459889196587
6863506,6.46,0015-04-02 10:43:23,0015-04-02 13:06:06,10,13,2.378611111,Jeudi,android,,46667907,981639,572514,Parking public,2.39,15.44,Oujda,60000,34.70144402696388,-1.939773600859826
9780239,13.94,0015-05-13 13:23:35,0015-05-13 17:10:10,13,17,3.776388889,Mercredi,ios,23.3540762,82888443,920264,461655,Parking public,2.91,40.57,Marrakech,40000,31.611648833609916,-7.964089909844725
9211890,12.35,0015-05-22 12:46:08,0015-05-22 15:59:15,12,15,3.218611111,Vendredi,ios,23.3540762,82888443,569889,461655,Parking public,1.66,20.5,Agadir,80000,30.455284408807163,-9.6274692065275
8470947,5.87,0015-06-04 12:38:02,0015-06-04 16:01:05,12,16,3.384166667,Jeudi,ios,23.3540762,82888443,594591,461655,Parking public,2.63,15.44,Oujda,60000,34.67877644507813,-1.895686606337351
7083342,6.59,0015-06-11 12:39:10,0015-06-11 14:49:06,12,14,2.165555556,Jeudi,ios,23.3540762,82888443,632920,461655,Parking public,1.62,10.68,Rabat,10000,34.01051589698028,-6.818001730372712
9185227,12.26,0015-07-09 16:40:26,0015-07-10 01:23:05,16,1,8.710833333,Jeudi,ios,23.3540762,82888443,878706,461655,Parking public,2.6,31.88,Tanger,90000,35.73843328301995,-5.838029604736569
4148152,6.43,0015-07-20 13:15:48,0015-07-20 15:13:06,13,15,1.955,Lundi,ios,23.5423604,82888443,782629,517854,Parking public,2.51,16.14,Agadir,80000,30.416136252929416,-9.595967451614133
2093181,6.58,0015-07-21 19:01:29,0015-07-21 22:05:12,19,22,3.061944444,Mardi,ios,23.5423604,82888443,643012,517854,Parking public,2.65,17.44,Rabat,10000,34.04349904570969,-6.8429809964429404
1137452,12.99,0015-07-22 22:16:07,0015-07-23 01:02:06,22,1,2.766388889,Mercredi,ios,23.5423604,82888443,729642,517854,Parking public,1.8,23.38,Meknès,50000,33.92328006025764,-5.553947482882593
9109103,15.52,0015-07-23 17:08:57,0015-07-23 21:05:12,17,21,3.9375,Jeudi,ios,23.5423604,82888443,643012,517854,Parking public,2.16,33.52,Rabat,10000,34.01299857183041,-6.818354527877778
8900391,20.38,0015-07-24 16:55:36,0015-07-24 21:18:06,16,21,4.375,Vendredi,ios,23.5423604,82888443,643012,517854,Parking public,2.54,51.77,Rabat,10000,34.01781663785727,-6.8179639893598
1582319,6.88,0015-07-27 20:10:16,0015-07-28 00:28:06,20,0,4.297222222,Lundi,ios,23.5423604,82888443,782629,517854,Parking public,1.73,11.9,Agadir,80000,30.441124256292166,-9.607951018121508
3818770,14.58,0015-07-28 18:43:56,0015-07-28 22:34:07,18,22,3.836388889,Mardi,ios,23.5423604,82888443,782629,517854,Parking public,1.91,27.85,Agadir,80000,30.450971746827907,-9.591195814759118
1959635,13.23,0015-07-29 22:23:34,0015-07-30 00:57:06,22,0,2.558888889,Mercredi,ios,23.5423604,82888443,729642,517854,Parking public,2.67,35.32,Meknès,50000,33.899082660051214,-5.521685546271248
9875124,13.74,0015-07-30 16:49:54,0015-07-30 20:49:05,16,20,3.986388889,Jeudi,ios,23.5423604,82888443,643012,517854,Parking public,1.68,23.08,Rabat,10000,34.01439154189067,-6.813876490063518
6880237,17.48,0015-07-31 13:50:18,0015-07-31 18:37:05,13,18,4.779722222,Vendredi,ios,23.5423604,82888443,782629,517854,Parking public,2.52,44.05,Agadir,80000,30.42255731045092,-9.597562457574679
1709634,13.81,0015-08-03 18:50:33,0015-08-03 22:27:06,18,22,3.609166667,Lundi,ios,23.5423604,82888443,643012,517854,Parking public,3.12,43.09,Rabat,10000,34.032637088789805,-6.8444305116829405
8391704,16.45,0015-08-04 12:41:31,0015-08-04 16:05:09,12,16,3.393888889,Mardi,ios,23.5423604,82888443,782629,517854,Parking public,2.41,39.64,Agadir,80000,30.397993095816258,-9.611378341044288
3739546,15.06,0015-08-05 21:58:03,0015-08-06 01:30:08,21,1,3.534722222,Mercredi,ios,23.5423604,82888443,782629,517854,Parking public,2.53,38.1,Agadir,80000,30.43497536024759,-9.570567687608577
8030379,12.33,0015-08-06 16:59:28,0015-08-06 20:56:06,16,20,3.943888889,Jeudi,ios,23.5423604,82888443,643012,517854,Parking public,2.41,29.72,Rabat,10000,34.01222958062648,-6.863031141731628
7783244,11.1,0015-08-07 17:39:05,0015-08-07 21:35:08,17,21,3.934166667,Vendredi,ios,23.5423604,82888443,782629,517854,Parking public,1.62,17.98,Agadir,80000,30.445451839876625,-9.593310225437136
6546507,15.87,0015-08-10 14:18:39,0015-08-10 18:17:09,14,18,3.975,Lundi,ios,23.5423604,82888443,643012,517854,Parking public,2.42,38.41,Rabat,10000,33.996479438389386,-6.854646983948881
1141949,13.04,0015-08-11 17:53:23,0015-08-11 22:17:06,17,22,4.395277778,Mardi,ios,23.5423604,82888443,729642,517854,Parking public,3.11,40.55,Meknès,50000,33.89879213601691,-5.560559502579132
2385299,16.02,0015-08-12 16:29:09,0015-08-12 19:50:09,16,19,3.35,Mercredi,ios,23.5423604,82888443,729642,517854,Parking public,2.95,47.26,Meknès,50000,33.89235837339317,-5.553001884757428
9515996,16.5,0015-08-13 13:29:51,0015-08-13 16:50:08,13,16,3.338055556,Jeudi,ios,23.5423604,82888443,643012,517854,Parking public,2.29,37.79,Rabat,10000,34.02943953155431,-6.811672423851061
6032159,12.6,0015-08-14 15:32:34,0015-08-14 19:32:07,15,19,3.9925,Vendredi,ios,23.5423604,82888443,643012,517854,Parking public,3.13,39.44,Rabat,10000,33.994791215668975,-6.86830202158961
8038681,14.98,0015-08-17 18:05:57,0015-08-17 21:40:08,18,21,3.569722222,Lundi,ios,23.5423604,82888443,643012,517854,Parking public,2.99,44.79,Rabat,10000,34.025699027245686,-6.836887490907788
7220846,15.6,0015-08-18 16:44:06,0015-08-18 19:52:07,16,19,3.133611111,Mardi,ios,23.5423604,82888443,782629,517854,Parking public,2.66,41.5,Agadir,80000,30.43148907527757,-9.623145670517884
1292682,14.08,0015-08-19 14:16:47,0015-08-19 17:20:08,14,17,3.055833333,Mercredi,ios,23.5423604,82888443,782629,517854,Parking public,1.59,22.39,Agadir,80000,30.43143960566497,-9.618828750200569
9272284,17.97,0015-08-20 17:58:27,0015-08-20 22:35:08,17,22,4.611388889,Jeudi,ios,23.5423604,82888443,643012,517854,Parking public,2.19,39.35,Rabat,10000,34.02710925999578,-6.845226223493626
1016799,13.8,0015-08-21 17:21:45,0015-08-22 00:16:06,17,0,6.905833333,Vendredi,ios,23.5423604,82888443,729642,517854,Parking public,1.63,22.49,Meknès,50000,33.904088076233585,-5.546672392119214
6879088,7.02,0015-08-31 20:41:02,0015-09-01 00:37:07,20,0,3.934722222,Lundi,ios,23.5423604,82888443,643012,517854,Parking public,3.49,24.5,Rabat,10000,34.03919933998085,-6.856072455498128
1398964,18.07,0015-09-01 17:25:06,0015-09-01 21:33:07,17,21,4.133611111,Mardi,ios,23.5423604,82888443,643012,517854,Parking public,3.37,60.9,Rabat,10000,34.00708924320769,-6.852612572147534
7816361,13.6,0015-09-02 16:43:06,0015-09-02 20:18:11,16,20,3.584722222,Mercredi,ios,23.5423604,82888443,643012,517854,Parking public,1.64,22.3,Rabat,10000,34.0404029646108,-6.866381978784644
9214418,14.23,0015-09-03 17:11:36,0015-09-03 21:12:06,17,21,4.008333333,Jeudi,ios,23.5423604,82888443,643012,517854,Parking public,3.37,47.96,Rabat,10000,34.020795340935805,-6.853406812969345
7726586,15.21,0015-09-04 17:27:03,0015-09-04 21:17:06,17,21,3.834166667,Vendredi,ios,23.5423604,82888443,782629,517854,Parking public,1.56,23.73,Agadir,80000,30.40242349674806,-9.570106493637168
7405873,14.94,0015-09-08 19:04:29,0015-09-08 22:56:07,19,22,3.860555556,Mardi,ios,23.5423604,82888443,782629,517854,Parking public,2.32,34.66,Agadir,80000,30.40131305575464,-9.571417557099652
3539357,12.37,0015-09-09 15:45:57,0015-09-09 20:11:16,15,20,4.421944444,Mercredi,ios,23.5423604,82888443,643012,517854,Parking public,3.04,37.6,Rabat,10000,34.010954299121764,-6.851507302591781
9777713,9.67,0015-09-10 12:20:19,0015-09-10 14:07:12,12,14,1.781388889,Jeudi,ios,23.5423604,82888443,782629,517854,Parking public,3.03,29.3,Agadir,80000,30.44489381862669,-9.593848763823274
6495712,16.19,0015-09-16 13:28:42,0015-09-16 16:26:09,13,16,2.9575,Mercredi,ios,23.5423604,82888443,782629,517854,Parking public,3.46,56.02,Agadir,80000,30.440260856084457,-9.573524276533345
6550043,6.92,0015-09-17 12:50:28,0015-09-17 16:02:07,12,16,3.194166667,Jeudi,ios,23.5423604,82888443,782629,517854,Parking public,2.79,19.31,Agadir,80000,30.445116897880347,-9.627728970641547
5111236,14.05,0015-09-18 14:19:30,0015-09-18 18:09:11,14,18,3.828055556,Vendredi,ios,23.5423604,82888443,782629,517854,Parking public,2.34,32.88,Agadir,80000,30.428836143386498,-9.579458985779745
5716942,7.06,0015-09-21 17:07:30,0015-09-21 21:28:06,17,21,4.343333333,Lundi,ios,23.5423604,82888443,782629,517854,Parking public,3.49,24.64,Agadir,80000,30.42421193987733,-9.571197826832666
8521960,13.41,0015-09-22 16:59:07,0015-09-22 21:33:06,16,21,4.566388889,Mardi,ios,23.5423604,82888443,643012,517854,Parking public,2.26,30.31,Rabat,10000,33.99974715160238,-6.866120455939987
8125633,14.83,0015-09-23 20:59:16,0015-09-23 23:52:07,20,23,2.880833333,Mercredi,ios,23.5423604,82888443,643012,517854,Parking public,3.24,48.05,Rabat,10000,34.01059156521656,-6.861913138838024
7180705,12.54,0015-09-24 17:20:28,0015-09-24 20:25:07,17,20,3.0775,Jeudi,ios,23.5423604,82888443,643012,517854,Parking public,3.31,41.51,Rabat,10000,34.01694116197043,-6.8139552218337185
8788614,16.76,0015-09-25 16:22:40,0015-09-25 20:06:07,16,20,3.724166667,Vendredi,ios,23.5423604,82888443,643012,517854,Parking public,2.25,37.71,Rabat,10000,33.996216025780775,-6.839347591381579
1891849,7.98,0015-09-28 20:26:40,0015-09-28 23:46:06,20,23,3.323888889,Lundi,ios,23.5423604,82888443,643012,517854,Parking public,2.87,22.9,Rabat,10000,34.00413671716267,-6.870748201931696
5583862,13.24,0015-09-29 17:06:18,0015-09-29 22:36:06,17,22,5.496666667,Mardi,ios,23.5423604,82888443,782629,517854,Parking public,2.82,37.34,Agadir,80000,30.433693517643825,-9.612642080074188
4659823,14.77,0015-09-30 12:09:30,0015-09-30 14:59:08,12,14,2.827222222,Mercredi,ios,23.5423604,82888443,643012,517854,Parking public,2.58,38.11,Rabat,10000,34.03503978685435,-6.844603379543868
4895703,18.58,0015-10-01 12:34:24,0015-10-01 16:45:09,12,16,4.179166667,Jeudi,ios,23.5423604,82888443,782629,517854,Parking public,2.81,52.21,Agadir,80000,30.45770085068358,-9.586525465338514
8113851,14.51,0015-10-02 20:55:58,0015-10-03 01:04:06,20,1,4.135555556,Vendredi,ios,23.5423604,82888443,643012,517854,Parking public,2.2,31.92,Rabat,10000,34.04688679988061,-6.8276103773117915
1178114,8.32,0015-04-28 10:33:03,0015-04-28 13:28:06,10,13,2.9175,Mardi,ios,19.757413,46009656,902592,566549,Parking public,1.86,15.48,Oujda,60000,34.69525391197212,-1.8816747092244726
9342845,6.23,0015-04-29 10:22:55,0015-04-29 12:42:07,10,12,2.32,Mercredi,ios,19.3541244,46009656,653450,503205,Parking public,2.57,16.01,Marrakech,40000,31.624774883197645,-7.9938493280369745
2146954,6.6,0015-04-30 10:29:31,0015-04-30 12:50:15,10,12,2.345555556,Jeudi,ios,19.3541244,46009656,653450,503205,Parking public,2.56,16.9,Marrakech,40000,31.637670641882494,-7.978806793887891
7452830,6.08,0015-05-01 10:51:57,0015-05-01 13:01:06,10,13,2.1525,Vendredi,ios,19.3541244,46009656,228137,503205,Parking public,2.96,18.0,Oujda,60000,34.70383909708482,-1.9094005871284236
1254759,5.68,0015-05-04 10:28:13,0015-05-04 12:25:08,10,12,1.948611111,Lundi,ios,19.3541244,46009656,228137,503205,Parking public,1.95,11.08,Oujda,60000,34.66380017145541,-1.9170612844331658
6124025,5.85,0015-05-05 10:25:55,0015-05-05 12:53:16,10,12,2.455833333,Mardi,ios,19.3541244,46009656,228137,503205,Parking public,1.51,8.83,Oujda,60000,34.68129429338178,-1.9312502863694547
6916433,6.22,0015-05-06 10:32:57,0015-05-06 12:45:14,10,12,2.204722222,Mercredi,ios,19.3541244,46009656,228137,503205,Parking public,1.55,9.64,Oujda,60000,34.707088137138136,-1.8827526062089694
7525821,5.76,0015-05-07 10:34:08,0015-05-07 12:51:07,10,12,2.283055556,Jeudi,ios,19.3541244,46009656,228137,503205,Parking public,2.1,12.1,Oujda,60000,34.67972997711598,-1.8902009688000048
7212938,5.72,0015-05-08 10:27:45,0015-05-08 12:35:08,10,12,2.123055556,Vendredi,ios,19.3541244,46009656,228137,503205,Parking public,2.85,16.3,Oujda,60000,34.69101233627363,-1.9115000183023458
8096124,8.17,0015-05-08 17:03:45,0015-05-08 19:48:12,17,19,2.740833333,Vendredi,ios,19.757413,46009656,902592,566549,Parking public,2.59,21.16,Oujda,60000,34.691966161651735,-1.9052052746389583
7462592,6.6,0015-05-11 11:13:44,0015-05-11 13:32:06,11,13,2.306111111,Lundi,ios,19.3541244,46009656,349635,503205,Parking public,2.56,16.9,Fès,30000,34.014168575188016,-5.0166643367864205
2816726,6.0,0015-05-12 10:28:11,0015-05-12 12:34:05,10,12,2.098333333,Mardi,ios,19.3541244,46009656,653450,503205,Parking public,3.15,18.9,Marrakech,40000,31.621234126499136,-7.978472775776495
9950664,5.97,0015-05-13 10:29:13,0015-05-13 12:35:07,10,12,2.098333333,Mercredi,ios,19.3541244,46009656,349635,503205,Parking public,2.0,11.94,Fès,30000,34.023170677324515,-4.9886017920127115
6739320,5.96,0015-05-14 10:26:15,0015-05-14 12:47:06,10,12,2.3475,Jeudi,ios,19.3541244,46009656,653450,503205,Parking public,2.19,13.05,Marrakech,40000,31.601071802511925,-7.980189978296805
9650323,6.12,0015-05-15 10:29:38,0015-05-15 12:45:07,10,12,2.258055556,Vendredi,ios,19.3541244,46009656,693651,503205,Parking public,2.05,12.55,Oujda,60000,34.65815150583348,-1.8819828897649036
4744017,2.72,0015-05-15 16:27:19,0015-05-15 19:24:05,16,19,2.946111111,Vendredi,ios,19.3541244,46009656,653450,503205,Parking public,3.37,9.17,Marrakech,40000,31.649401822620547,-7.974419500625136
9348591,5.58,0015-05-18 10:24:25,0015-05-18 12:21:05,10,12,1.944444444,Lundi,ios,19.3541244,46009656,228137,503205,Parking public,2.95,16.46,Oujda,60000,34.67308424859837,-1.9191415772444698
5668085,5.62,0015-05-19 10:22:22,0015-05-19 12:20:08,10,12,1.962777778,Mardi,ios,19.3541244,46009656,228137,503205,Parking public,1.73,9.72,Oujda,60000,34.68778472597433,-1.8950708783430497
7549340,6.76,0015-05-20 10:32:05,0015-05-20 12:53:06,10,12,2.350277778,Mercredi,ios,19.3541244,46009656,228137,503205,Parking public,3.12,21.09,Oujda,60000,34.674623534415325,-1.9311722493051016
3377935,5.97,0015-05-21 10:14:31,0015-05-21 12:19:06,10,12,2.076388889,Jeudi,ios,19.3541244,46009656,228137,503205,Parking public,2.34,13.97,Oujda,60000,34.71314075470692,-1.918329051177624
4005818,5.56,0015-05-26 10:26:22,0015-05-26 12:21:07,10,12,1.9125,Mardi,ios,19.3541244,46009656,228137,503205,Parking public,3.03,16.85,Oujda,60000,34.67225780553195,-1.920582462977345
8810408,5.79,0015-05-27 10:31:16,0015-05-27 12:30:10,10,12,1.981666667,Mercredi,ios,19.3541244,46009656,228137,503205,Parking public,3.27,18.93,Oujda,60000,34.68247940876434,-1.9154915742935334
9187641,5.65,0015-05-28 10:21:23,0015-05-28 12:18:07,10,12,1.945555556,Jeudi,ios,19.3541244,46009656,228137,503205,Parking public,1.53,8.64,Oujda,60000,34.709063815029076,-1.8944932104442764
5734347,5.66,0015-05-29 10:23:01,0015-05-29 12:24:07,10,12,2.018333333,Vendredi,ios,19.3541244,46009656,228137,503205,Parking public,1.91,10.81,Oujda,60000,34.70721601400751,-1.9123496180701955
8925249,3.25,0015-05-29 15:45:31,0015-05-29 19:19:15,15,19,3.562222222,Vendredi,ios,19.3541244,46009656,693651,503205,Parking public,1.7,5.52,Oujda,60000,34.66786608507078,-1.8937591329840422
8153509,6.89,0015-06-01 10:28:23,0015-06-01 12:56:04,10,12,2.461388889,Lundi,ios,19.3541244,46009656,228137,503205,Parking public,1.57,10.82,Oujda,60000,34.70485859858775,-1.906810665811608
3315451,5.89,0015-06-02 10:19:59,0015-06-02 12:24:05,10,12,2.068333333,Mardi,ios,19.3541244,46009656,653450,503205,Parking public,2.7,15.9,Marrakech,40000,31.626991213204274,-7.990575833920547
2726351,5.54,0015-06-15 10:29:25,0015-06-15 13:04:05,10,13,2.577777778,Lundi,ios,19.3541244,46009656,228137,503205,Parking public,2.91,16.12,Oujda,60000,34.68567813232512,-1.8928012753789916
3120395,5.37,0015-06-16 10:33:07,0015-06-16 12:25:07,10,12,1.866666667,Mardi,ios,19.3541244,46009656,653450,503205,Parking public,1.6,8.59,Marrakech,40000,31.607508798344956,-7.9968026197668145
8296672,5.81,0015-06-17 10:23:14,0015-06-17 12:32:06,10,12,2.147777778,Mercredi,ios,19.3541244,46009656,228137,503205,Parking public,2.98,17.31,Oujda,60000,34.66153609082543,-1.9279370212120122
1106276,2.86,0015-06-17 16:46:44,0015-06-17 19:57:07,16,19,3.173055556,Mercredi,ios,19.3541244,46009656,349635,503205,Parking public,2.3,6.58,Fès,30000,34.04677635841843,-5.00002982455671
9415190,5.57,0015-06-18 10:29:59,0015-06-18 12:37:06,10,12,2.118611111,Jeudi,ios,19.3541244,46009656,653450,503205,Parking public,1.97,10.97,Marrakech,40000,31.62928766914132,-7.995449045242275
9938426,5.52,0015-06-19 10:28:11,0015-06-19 12:25:07,10,12,1.948888889,Vendredi,ios,19.3541244,46009656,228137,503205,Parking public,1.93,10.65,Oujda,60000,34.68291104215691,-1.940854777902927
1210211,2.02,0015-06-19 17:24:30,0015-06-19 18:08:06,17,18,0.726666667,Vendredi,ios,19.3541244,46009656,653450,503205,Parking public,3.23,6.52,Marrakech,40000,31.643270493719143,-7.972202148362071
8375433,5.33,0015-06-22 10:36:37,0015-06-22 12:26:07,10,12,1.825,Lundi,ios,19.3541244,46009656,228137,503205,Parking public,1.61,8.58,Oujda,60000,34.70263077393947,-1.9107343707116562
7380219,5.58,0015-06-23 10:28:55,0015-06-23 12:24:06,10,12,1.919722222,Mardi,ios,19.3541244,46009656,653450,503205,Parking public,2.51,14.01,Marrakech,40000,31.60903449006016,-7.98436893113041
6644844,5.52,0015-06-24 10:44:35,0015-06-24 13:04:06,10,13,2.325277778,Mercredi,ios,19.3541244,46009656,228137,503205,Parking public,2.08,11.48,Oujda,60000,34.69331350896866,-1.883381889122901
3057204,5.7,0015-06-25 10:25:10,0015-06-25 12:27:05,10,12,2.031944444,Jeudi,ios,19.3541244,46009656,228137,503205,Parking public,3.13,17.84,Oujda,60000,34.66482124493666,-1.907128048962225
8360148,5.64,0015-06-26 10:29:36,0015-06-26 12:31:06,10,12,2.025,Vendredi,ios,19.3541244,46009656,653450,503205,Parking public,2.96,16.69,Marrakech,40000,31.644582505161743,-7.959294105332637
3314457,5.89,0015-07-07 11:00:35,0015-07-07 13:29:06,11,13,2.475277778,Mardi,ios,19.3541244,46009656,653450,503205,Parking public,2.14,12.6,Marrakech,40000,31.63891730937603,-8.00273298582769
9576382,5.89,0015-07-08 10:36:53,0015-07-08 12:43:05,10,12,2.103333333,Mercredi,ios,19.3541244,46009656,228137,503205,Parking public,2.7,15.9,Oujda,60000,34.71409687726501,-1.9072476122122344
2381628,6.99,0015-07-09 10:35:41,0015-07-09 13:17:06,10,13,2.690277778,Jeudi,ios,19.3541244,46009656,228137,503205,Parking public,2.85,19.92,Oujda,60000,34.660837480981385,-1.8893212223961457
2449256,5.57,0015-07-10 10:33:15,0015-07-10 12:54:06,10,12,2.3475,Vendredi,ios,19.3541244,46009656,228137,503205,Parking public,2.14,11.92,Oujda,60000,34.66012328326908,-1.906413654563206
9403981,5.74,0015-07-13 10:33:17,0015-07-13 12:36:05,10,12,2.046666667,Lundi,ios,19.3541244,46009656,228137,503205,Parking public,2.1,12.05,Oujda,60000,34.673631224481596,-1.8983191493123799
4373268,5.76,0015-07-14 10:21:25,0015-07-14 12:25:11,10,12,2.062777778,Mardi,ios,19.3541244,46009656,653450,503205,Parking public,1.79,10.31,Marrakech,40000,31.615202341024155,-7.988777385931267
5524238,5.44,0015-07-15 10:22:50,0015-07-15 12:18:05,10,12,1.920833333,Mercredi,ios,19.3541244,46009656,228137,503205,Parking public,2.82,15.34,Oujda,60000,34.671518727944324,-1.935853028977776
9631559,5.66,0015-07-16 10:27:16,0015-07-16 12:25:07,10,12,1.964166667,Jeudi,ios,19.3541244,46009656,653450,503205,Parking public,1.94,10.98,Marrakech,40000,31.65387527483126,-7.983625982292375
8183438,6.29,0015-07-17 10:19:20,0015-07-17 12:33:06,10,12,2.229444444,Vendredi,ios,19.3541244,46009656,228137,503205,Parking public,2.1,13.21,Oujda,60000,34.67167277199097,-1.9177312365496686
4432753,5.78,0015-07-20 10:33:51,0015-07-20 12:34:05,10,12,2.003888889,Lundi,ios,19.3541244,46009656,228137,503205,Parking public,1.62,9.36,Oujda,60000,34.67301698356772,-1.8893763890572632
6810203,5.35,0015-07-21 10:30:06,0015-07-21 12:24:06,10,12,1.9,Mardi,ios,19.3541244,46009656,228137,503205,Parking public,3.4,18.19,Oujda,60000,34.70226389574508,-1.9267602818588516
6238247,5.54,0015-07-22 10:31:02,0015-07-22 12:50:09,10,12,2.318611111,Mercredi,ios,19.3541244,46009656,228137,503205,Parking public,3.26,18.06,Oujda,60000,34.683684390547036,-1.8833959463478935
7702994,5.7,0015-07-23 10:36:11,0015-07-23 12:36:08,10,12,1.999166667,Jeudi,ios,19.3541244,46009656,228137,503205,Parking public,3.32,18.92,Oujda,60000,34.703302633417316,-1.8839117128117302
9503051,6.12,0015-07-24 10:33:57,0015-07-24 13:08:07,10,13,2.569444444,Vendredi,ios,21.3568966,46009656,955429,493904,Université / Campus,2.75,16.83,Marrakech,40000,31.603421969453862,-7.996242101415714
7923425,6.89,0015-07-25 10:36:54,0015-07-25 13:05:07,10,13,2.470277778,Samedi,ios,21.3568966,46009656,955429,493904,Université / Campus,2.35,16.19,Marrakech,40000,31.6287542716204,-7.99021688267136
7616991,6.59,0015-07-27 10:26:57,0015-07-27 12:47:06,10,12,2.335833333,Lundi,ios,21.3568966,46009656,955429,493904,Université / Campus,2.49,16.41,Marrakech,40000,31.601516816010996,-7.957366655547567
5841587,6.5,0015-07-28 10:26:10,0015-07-28 13:22:07,10,13,2.9325,Mardi,ios,21.3568966,46009656,955429,493904,Université / Campus,3.44,22.36,Marrakech,40000,31.60325919220732,-7.953102666746233
5577820,6.41,0015-07-29 10:26:29,0015-07-29 12:47:06,10,12,2.343611111,Mercredi,ios,21.3568966,46009656,955429,493904,Université / Campus,3.38,21.67,Marrakech,40000,31.653886247200663,-7.984493653829837
4107538,6.74,0015-07-30 12:31:37,0015-07-30 15:03:06,12,15,2.524722222,Jeudi,ios,21.3568966,46009656,955429,493904,Université / Campus,2.84,19.14,Marrakech,40000,31.607854722267057,-7.991840177261546
4787034,8.26,0015-07-31 16:26:39,0015-07-31 19:40:08,16,19,3.224722222,Vendredi,ios,21.3568966,46009656,369001,493904,Université / Campus,3.07,25.36,Rabat,10000,34.02284524093651,-6.840034359204907
7429437,6.87,0015-08-01 10:37:52,0015-08-01 13:04:08,10,13,2.437777778,Samedi,ios,21.3568966,46009656,955429,493904,Université / Campus,2.14,14.7,Marrakech,40000,31.624165736156044,-7.969833847618055
2175159,6.81,0015-08-03 10:45:25,0015-08-03 13:57:06,10,13,3.194722222,Lundi,ios,21.3568966,46009656,955429,493904,Université / Campus,2.33,15.87,Marrakech,40000,31.62034059957553,-7.9946915290775005
7050150,6.5,0015-08-04 12:57:09,0015-08-04 16:23:07,12,16,3.432777778,Mardi,ios,21.3568966,46009656,955429,493904,Université / Campus,1.8,11.7,Marrakech,40000,31.653490000741236,-7.966911609522855
6693529,5.49,0015-08-05 10:44:47,0015-08-05 12:38:06,10,12,1.888611111,Mercredi,ios,19.3541244,46009656,228137,503205,Parking public,2.25,12.35,Oujda,60000,34.65800940380653,-1.9383005585731214
7185729,6.58,0015-08-06 13:23:05,0015-08-06 16:38:13,13,16,3.252222222,Jeudi,ios,21.3568966,46009656,955429,493904,Université / Campus,3.01,19.81,Marrakech,40000,31.639327381170535,-8.008142330434135
3198710,6.58,0015-08-07 12:17:58,0015-08-07 14:39:06,12,14,2.352222222,Vendredi,ios,21.3568966,46009656,955429,493904,Université / Campus,2.45,16.12,Marrakech,40000,31.65730366605281,-7.9879227376912665
5639499,6.82,0015-08-08 10:43:19,0015-08-08 13:13:06,10,13,2.496388889,Samedi,ios,21.3568966,46009656,955429,493904,Université / Campus,3.2,21.82,Marrakech,40000,31.633110091007712,-7.9898916084763565
2117573,6.7,0015-08-10 10:32:08,0015-08-10 13:00:09,10,13,2.466944444,Lundi,ios,21.3568966,46009656,955429,493904,Université / Campus,2.1,14.07,Marrakech,40000,31.655709347721984,-7.992162007077971
2645305,6.5,0015-08-11 10:36:21,0015-08-11 12:53:07,10,12,2.279444444,Mardi,ios,21.3568966,46009656,955429,493904,Université / Campus,2.92,18.98,Marrakech,40000,31.60263547275716,-7.981638814239865
7414611,6.61,0015-08-12 11:39:53,0015-08-12 15:11:07,11,15,3.520555556,Mercredi,ios,21.3568966,46009656,955429,493904,Université / Campus,3.11,20.56,Marrakech,40000,31.62462759914445,-7.991855985061306
7065454,6.72,0015-08-13 10:26:39,0015-08-13 13:10:07,10,13,2.724444444,Jeudi,ios,21.3568966,46009656,955429,493904,Université / Campus,3.33,22.38,Marrakech,40000,31.615109467457724,-7.999564524891914
7050332,6.76,0015-08-14 10:30:35,0015-08-14 12:48:07,10,12,2.292222222,Vendredi,ios,21.3568966,46009656,955429,493904,Université / Campus,2.62,17.71,Marrakech,40000,31.643349257898844,-7.992531827054684
8405196,6.74,0015-08-15 10:37:18,0015-08-15 13:25:07,10,13,2.796944444,Samedi,ios,21.3568966,46009656,955429,493904,Université / Campus,3.44,23.19,Marrakech,40000,31.658377825429834,-7.952605743631386
8964166,6.7,0015-08-17 11:56:20,0015-08-17 14:20:15,11,14,2.398611111,Lundi,ios,21.3568966,46009656,955429,493904,Université / Campus,2.61,17.49,Marrakech,40000,31.614891803746655,-7.986433194980309
4881309,6.61,0015-08-18 10:38:57,0015-08-18 13:07:09,10,13,2.47,Mardi,ios,21.3568966,46009656,955429,493904,Université / Campus,1.77,11.7,Marrakech,40000,31.638750476088443,-7.984417233388499
2327626,6.77,0015-08-19 11:30:57,0015-08-19 14:43:08,11,14,3.203055556,Mercredi,ios,21.3568966,46009656,955429,493904,Université / Campus,1.99,13.47,Marrakech,40000,31.611385857965583,-7.976507300602932
3479076,1.21,0015-08-19 15:40:36,0015-08-19 16:56:06,15,16,1.258333333,Mercredi,ios,19.3541244,46009656,228137,503205,Parking public,1.91,2.31,Oujda,60000,34.690619815274296,-1.8823995538951463
3557592,5.5,0015-08-31 10:49:35,0015-08-31 12:44:07,10,12,1.908888889,Lundi,ios,19.3541244,46009656,228137,503205,Parking public,2.79,15.34,Oujda,60000,34.684535949201305,-1.9269039234138543
5276038,2.82,0015-08-31 15:57:41,0015-08-31 17:00:17,15,17,1.043333333,Lundi,ios,19.3541244,46009656,693651,503205,Parking public,3.34,9.42,Oujda,60000,34.71502031977789,-1.900523073368054
5932444,5.42,0015-09-01 10:36:02,0015-09-01 13:17:06,10,13,2.684444444,Mardi,ios,19.3541244,46009656,228137,503205,Parking public,3.19,17.29,Oujda,60000,34.69321163636179,-1.8984409183874966
3506404,7.25,0015-09-02 16:15:53,0015-09-02 18:46:09,16,18,2.504444444,Mercredi,ios,21.3568966,46009656,955429,493904,Université / Campus,1.68,12.18,Marrakech,40000,31.62047038232521,-7.974660534992416
7713598,6.34,0015-09-03 10:52:58,0015-09-03 13:14:07,10,13,2.3525,Jeudi,ios,21.3568966,46009656,955429,493904,Université / Campus,2.95,18.7,Marrakech,40000,31.606345747093275,-8.0057852996218
5608415,6.86,0015-09-04 11:05:00,0015-09-04 13:34:09,11,13,2.485833333,Vendredi,ios,21.3568966,46009656,955429,493904,Université / Campus,1.88,12.9,Marrakech,40000,31.608574809724097,-7.970487663450345
3811182,6.5,0015-09-08 10:22:28,0015-09-08 12:49:07,10,12,2.444166667,Mardi,ios,21.3568966,46009656,955429,493904,Université / Campus,2.04,13.26,Marrakech,40000,31.613019015797075,-8.007254317337829
5809932,6.83,0015-09-09 12:06:53,0015-09-09 14:47:09,12,14,2.671111111,Mercredi,ios,21.3568966,46009656,955429,493904,Université / Campus,2.85,19.47,Marrakech,40000,31.614557999680418,-7.975331441027006
5020363,6.78,0015-09-10 10:30:19,0015-09-10 12:56:07,10,12,2.43,Jeudi,ios,21.3568966,46009656,955429,493904,Université / Campus,2.71,18.37,Marrakech,40000,31.65053696347047,-7.966725129366695
8579842,6.99,0015-09-11 10:57:23,0015-09-11 14:12:07,10,14,3.245555556,Vendredi,ios,21.3568966,46009656,955429,493904,Université / Campus,3.25,22.72,Marrakech,40000,31.63317336729695,-7.998441806562803
6521253,6.58,0015-09-14 10:28:14,0015-09-14 13:13:09,10,13,2.748611111,Lundi,ios,21.3568966,46009656,955429,493904,Université / Campus,1.88,12.37,Marrakech,40000,31.63090345468246,-7.960602679547433
3797343,6.51,0015-09-15 11:56:51,0015-09-15 15:15:07,11,15,3.304444444,Mardi,ios,21.3568966,46009656,369001,493904,Université / Campus,3.02,19.66,Rabat,10000,33.99778613231215,-6.869778771668019
5218073,6.52,0015-09-16 10:37:22,0015-09-16 13:07:08,10,13,2.496111111,Mercredi,ios,21.3568966,46009656,955429,493904,Université / Campus,2.95,19.23,Marrakech,40000,31.651108381600967,-7.960471228180501
2630091,6.88,0015-09-22 16:07:07,0015-09-22 19:16:06,16,19,3.149722222,Mardi,ios,19.3541244,46009656,349635,503205,Parking public,2.62,18.03,Fès,30000,34.046468858192505,-5.002680256961434
2791036,5.9,0015-09-23 10:20:58,0015-09-23 12:31:07,10,12,2.169166667,Mercredi,ios,19.3541244,46009656,653450,503205,Parking public,2.46,14.51,Marrakech,40000,31.603560101714,-7.998044723604101
7617660,5.58,0015-09-24 10:15:10,0015-09-24 12:14:09,10,12,1.983055556,Jeudi,ios,19.3541244,46009656,228137,503205,Parking public,3.24,18.08,Oujda,60000,34.69917010583379,-1.933373311300362
5176807,5.76,0015-09-25 10:24:35,0015-09-25 12:24:07,10,12,1.992222222,Vendredi,ios,19.3541244,46009656,228137,503205,Parking public,2.17,12.5,Oujda,60000,34.68931229304056,-1.8842015699450576
5162509,6.63,0015-09-28 10:27:55,0015-09-28 12:46:06,10,12,2.303055556,Lundi,ios,19.3541244,46009656,228137,503205,Parking public,3.41,22.61,Oujda,60000,34.66160352074481,-1.9370400647451307
1856155,5.83,0015-09-29 10:23:23,0015-09-29 12:30:10,10,12,2.113055556,Mardi,ios,19.3541244,46009656,228137,503205,Parking public,1.53,8.92,Oujda,60000,34.68419803849172,-1.9294543948038445
1873694,5.54,0015-09-30 10:23:13,0015-09-30 13:30:09,10,13,3.115555556,Mercredi,ios,19.3541244,46009656,653450,503205,Parking public,3.37,18.67,Marrakech,40000,31.628581777227804,-7.990230659154017
1529663,5.83,0015-10-01 10:23:19,0015-10-01 12:28:08,10,12,2.080277778,Jeudi,ios,19.3541244,46009656,228137,503205,Parking public,3.42,19.94,Oujda,60000,34.666646472409795,-1.9041859090623328
1625114,3.02,0015-10-01 15:54:15,0015-10-01 19:32:07,15,19,3.631111111,Jeudi,ios,19.3541244,46009656,228137,503205,Parking public,1.73,5.22,Oujda,60000,34.71344188882002,-1.908711934883434
7718868,5.93,0015-10-02 10:36:52,0015-10-02 12:41:07,10,12,2.070833333,Vendredi,ios,19.3541244,46009656,228137,503205,Parking public,3.5,20.76,Oujda,60000,34.707698522288844,-1.933861390455261
5250930,6.9,0015-04-20 20:30:52,0015-04-20 22:57:09,20,22,2.438055556,Lundi,ios,31.5938402,92283246,474204,481066,Bureau / Entreprise,2.46,16.97,Agadir,80000,30.437941340239746,-9.610716320975708
7610637,6.6,0015-04-21 21:48:51,0015-04-21 23:52:06,21,23,2.054166667,Mardi,ios,31.5938402,92283246,474204,481066,Bureau / Entreprise,1.99,13.13,Agadir,80000,30.425537733660036,-9.613774893734838
5486328,6.94,0015-04-22 16:48:17,0015-04-22 19:31:05,16,19,2.713333333,Mercredi,ios,31.5938402,92283246,474204,481066,Bureau / Entreprise,2.71,18.81,Agadir,80000,30.42250593249507,-9.61528742873058
9611784,6.84,0015-04-23 18:47:02,0015-04-23 22:27:06,18,22,3.667777778,Jeudi,ios,31.5938402,92283246,474204,481066,Bureau / Entreprise,1.91,13.06,Agadir,80000,30.43685840802906,-9.603431339811202
9407899,6.94,0015-04-27 17:25:10,0015-04-27 20:35:06,17,20,3.165555556,Lundi,ios,31.5938402,92283246,474204,481066,Bureau / Entreprise,3.33,23.11,Agadir,80000,30.430525912164416,-9.585858112844502
1294546,7.03,0015-05-01 19:45:59,0015-05-01 22:38:06,19,22,2.868611111,Vendredi,ios,31.5938402,92283246,474204,481066,Bureau / Entreprise,2.6,18.28,Agadir,80000,30.401536386352916,-9.615052824066966
1344718,6.96,0015-05-05 15:10:43,0015-05-05 17:43:06,15,17,2.539722222,Mardi,ios,31.5938402,92283246,474204,481066,Bureau / Entreprise,3.05,21.23,Agadir,80000,30.42855015892622,-9.606099267217822
1705501,7.06,0015-05-06 18:30:52,0015-05-06 21:20:10,18,21,2.821666667,Mercredi,ios,31.5938402,92283246,474204,481066,Bureau / Entreprise,2.26,15.96,Agadir,80000,30.44618421703397,-9.604644954389531
1741851,7.01,0015-05-07 15:26:40,0015-05-07 18:44:07,15,18,3.290833333,Jeudi,ios,31.5938402,92283246,474204,481066,Bureau / Entreprise,2.57,18.02,Agadir,80000,30.42535439265582,-9.569512608233875
8002854,6.86,0015-05-08 16:01:33,0015-05-08 18:48:07,16,18,2.776111111,Vendredi,ios,31.5938402,92283246,474204,481066,Bureau / Entreprise,2.22,15.23,Agadir,80000,30.40091739465326,-9.570820018587256
1129199,6.66,0015-05-12 16:41:58,0015-05-12 19:20:08,16,19,2.636111111,Mardi,ios,31.5938402,92283246,474204,481066,Bureau / Entreprise,2.02,13.45,Agadir,80000,30.444976691963042,-9.580091745034876
4977688,6.95,0015-05-14 14:04:03,0015-05-14 16:37:06,14,16,2.550833333,Jeudi,ios,31.5938402,92283246,474204,481066,Bureau / Entreprise,2.53,17.58,Agadir,80000,30.40988182692816,-9.61360046475085
8519067,2.83,0015-05-14 19:39:34,0015-05-14 22:07:05,19,22,2.458611111,Jeudi,ios,31.5938402,92283246,474204,481066,Bureau / Entreprise,2.49,7.05,Agadir,80000,30.413317250093282,-9.6240177611545
2680911,6.8,0015-05-15 13:14:58,0015-05-15 16:10:08,13,16,2.919444444,Vendredi,ios,31.5938402,92283246,474204,481066,Bureau / Entreprise,1.7,11.56,Agadir,80000,30.407682381205937,-9.609085751736764
4380207,6.92,0015-05-20 16:51:32,0015-05-20 20:49:06,16,20,3.959444444,Mercredi,ios,31.5938402,92283246,474204,481066,Bureau / Entreprise,3.46,23.94,Agadir,80000,30.41761290389229,-9.61209232703397
9513127,6.95,0015-05-21 12:23:58,0015-05-21 15:37:06,12,15,3.218888889,Jeudi,ios,31.5938402,92283246,474204,481066,Bureau / Entreprise,2.44,16.96,Agadir,80000,30.44320509034132,-9.597744451991217
4175200,6.9,0015-05-28 16:54:10,0015-05-28 19:50:13,16,19,2.934166667,Jeudi,ios,31.5938402,92283246,474204,481066,Bureau / Entreprise,3.18,21.94,Agadir,80000,30.428963151570237,-9.581436325395932
3603949,6.9,0015-06-01 16:21:57,0015-06-01 19:42:04,16,19,3.335277778,Lundi,ios,31.5938402,92283246,474204,481066,Bureau / Entreprise,3.33,22.98,Agadir,80000,30.410092876449045,-9.57660062366727
5635480,6.92,0015-06-04 20:27:15,0015-06-04 22:44:05,20,22,2.280555556,Jeudi,ios,31.5938402,92283246,474204,481066,Bureau / Entreprise,2.24,15.5,Agadir,80000,30.450469804689124,-9.57740815487537
3770817,7.02,0015-06-08 13:30:13,0015-06-08 17:08:07,13,17,3.631666667,Lundi,ios,31.5938402,92283246,474204,481066,Bureau / Entreprise,2.33,16.36,Agadir,80000,30.450574911297092,-9.606519466326617
6750272,0.0,0015-06-09 19:35:42,0015-06-09 23:11:06,19,23,3.59,Mardi,ios,,92283246,474204,481066,Bureau / Entreprise,2.63,0.0,Agadir,80000,30.450034705502762,-9.586865939392359
2435176,7.06,0015-06-10 14:53:08,0015-06-10 17:48:06,14,17,2.916111111,Mercredi,ios,31.5938402,92283246,474204,481066,Bureau / Entreprise,1.94,13.7,Agadir,80000,30.412127772682894,-9.609329948148547
6925226,6.2,0015-06-12 14:51:18,0015-06-12 19:04:05,14,19,4.213055556,Vendredi,ios,31.5938402,92283246,474204,481066,Bureau / Entreprise,1.79,11.1,Agadir,80000,30.42487436065086,-9.62444566740589
2130277,6.25,0015-06-17 17:29:15,0015-06-17 19:29:05,17,19,1.997222222,Mercredi,ios,31.5938402,92283246,474204,481066,Bureau / Entreprise,2.02,12.62,Agadir,80000,30.456899379368455,-9.586006084063824
1798225,7.01,0015-06-22 16:18:21,0015-06-22 20:14:07,16,20,3.929444444,Lundi,ios,31.5938402,92283246,474204,481066,Bureau / Entreprise,3.37,23.62,Agadir,80000,30.4441207485786,-9.627510346845813
9289866,6.83,0015-06-24 18:24:34,0015-06-24 22:11:05,18,22,3.775277778,Mercredi,ios,31.5938402,92283246,474204,481066,Bureau / Entreprise,2.66,18.17,Agadir,80000,30.399430045273537,-9.60354904475249
1021429,6.85,0015-06-25 16:18:38,0015-06-25 19:20:11,16,19,3.025833333,Jeudi,ios,31.5938402,92283246,474204,481066,Bureau / Entreprise,2.34,16.03,Agadir,80000,30.40171227547563,-9.608337243841875
8567087,6.92,0015-06-29 19:48:05,0015-06-30 00:07:05,19,0,4.316666667,Lundi,ios,31.5938402,92283246,474204,481066,Bureau / Entreprise,1.8,12.46,Agadir,80000,30.42563588260874,-9.58649734768887
5805478,6.97,0015-06-30 20:48:17,0015-07-01 00:47:05,20,0,3.98,Mardi,ios,31.5938402,92283246,474204,481066,Bureau / Entreprise,2.16,15.06,Agadir,80000,30.452353212351696,-9.582125271634379
2967948,6.87,0015-07-01 19:43:11,0015-07-01 23:36:05,19,23,3.881666667,Mercredi,ios,31.5938402,92283246,474204,481066,Bureau / Entreprise,2.26,15.53,Agadir,80000,30.430122107877164,-9.609854321841723
2463934,6.91,0015-07-02 18:41:03,0015-07-02 21:49:05,18,21,3.133888889,Jeudi,ios,31.5938402,92283246,474204,481066,Bureau / Entreprise,3.17,21.9,Agadir,80000,30.42766875048206,-9.57940237913331
8379594,7.17,0015-07-06 15:07:34,0015-07-06 21:38:05,15,21,6.508611111,Lundi,ios,31.5938402,92283246,474204,481066,Bureau / Entreprise,2.5,17.92,Agadir,80000,30.4041284219974,-9.610464994369705
4674390,6.99,0015-07-08 18:06:41,0015-07-08 20:31:06,18,20,2.406944444,Mercredi,ios,31.5938402,92283246,474204,481066,Bureau / Entreprise,2.81,19.64,Agadir,80000,30.43720680628346,-9.601320418400807
5802365,6.6,0015-07-10 17:38:08,0015-07-10 20:34:05,17,20,2.9325,Vendredi,ios,31.5938402,92283246,474204,481066,Bureau / Entreprise,2.87,18.94,Agadir,80000,30.447126189636016,-9.584478888379152
2479992,6.31,0015-07-13 14:10:29,0015-07-13 16:11:05,14,16,2.01,Lundi,ios,31.5938402,92283246,474204,481066,Bureau / Entreprise,2.01,12.68,Agadir,80000,30.420625200450456,-9.586524786246514
3019094,5.04,0015-07-16 16:25:15,0015-07-16 18:03:08,16,18,1.631388889,Jeudi,ios,31.5938402,92283246,474204,481066,Bureau / Entreprise,3.14,15.83,Agadir,80000,30.44433671105552,-9.568857891661269
1281398,7.06,0015-07-21 14:00:05,0015-07-21 16:48:05,14,16,2.8,Mardi,ios,31.5938402,92283246,474204,481066,Bureau / Entreprise,3.43,24.22,Agadir,80000,30.45566859923405,-9.614590338547044
6404007,7.01,0015-07-22 11:01:27,0015-07-22 13:56:05,11,13,2.910555556,Mercredi,ios,31.5938402,92283246,474204,481066,Bureau / Entreprise,2.78,19.49,Agadir,80000,30.410025987547662,-9.588360925187626
8107489,7.07,0015-07-23 15:14:06,0015-07-23 18:09:07,15,18,2.916944444,Jeudi,ios,31.5938402,92283246,474204,481066,Bureau / Entreprise,2.48,17.53,Agadir,80000,30.429199777871684,-9.591519085503453
2275975,7.1,0015-07-27 12:33:53,0015-07-27 16:28:06,12,16,3.903611111,Lundi,ios,31.5938402,92283246,191826,481066,Bureau / Entreprise,1.84,13.06,Meknès,50000,33.880728277485076,-5.522394092730598
4024545,1.89,0015-07-31 12:31:52,0015-07-31 13:10:08,12,13,0.637777778,Vendredi,ios,31.5938402,92283246,191826,481066,Bureau / Entreprise,3.09,5.84,Meknès,50000,33.911071265142034,-5.567918271501307
7838124,1.42,0015-07-31 13:24:18,0015-07-31 13:53:07,13,13,0.480277778,Vendredi,ios,31.5938402,92283246,191826,481066,Bureau / Entreprise,1.84,2.61,Meknès,50000,33.89815560195287,-5.532192110184784
5481824,6.85,0015-07-31 13:54:12,0015-07-31 16:24:06,13,16,2.498333333,Vendredi,ios,31.5938402,92283246,562656,481066,Bureau / Entreprise,2.94,20.14,Marrakech,40000,31.637574945053018,-7.977003883023873
3608358,6.74,0015-08-04 18:48:38,0015-08-04 20:59:06,18,20,2.174444444,Mardi,ios,31.5938402,92283246,474204,481066,Bureau / Entreprise,2.48,16.72,Agadir,80000,30.445674849576957,-9.611620047812726
7994362,6.93,0015-08-06 15:38:26,0015-08-06 18:53:07,15,18,3.244722222,Jeudi,ios,31.5938402,92283246,260408,481066,Bureau / Entreprise,3.33,23.08,Casablanca,20000,33.56685822835974,-7.59133390515117
1116777,7.03,0015-08-11 13:25:18,0015-08-11 16:30:09,13,16,3.080833333,Mardi,ios,31.5938402,92283246,260408,481066,Bureau / Entreprise,2.58,18.14,Casablanca,20000,33.59800540410442,-7.599773404175813
8291333,6.93,0015-08-13 11:44:24,0015-08-13 15:17:06,11,15,3.545,Jeudi,ios,31.5938402,92283246,260408,481066,Bureau / Entreprise,2.78,19.27,Casablanca,20000,33.57508173203477,-7.585041195832693
7492456,6.19,0015-08-13 17:33:12,0015-08-13 20:01:13,17,20,2.466944444,Jeudi,ios,31.5938402,92283246,474204,481066,Bureau / Entreprise,1.62,10.03,Agadir,80000,30.40727728937012,-9.57475996335112
8482646,7.19,0015-08-18 12:45:36,0015-08-18 16:32:06,12,16,3.775,Mardi,ios,31.5938402,92283246,474204,481066,Bureau / Entreprise,1.57,11.29,Agadir,80000,30.43955394709013,-9.593941700935268
2218516,7.08,0015-08-19 17:32:31,0015-08-19 20:59:06,17,20,3.443055556,Mercredi,ios,31.5938402,92283246,191826,481066,Bureau / Entreprise,3.19,22.59,Meknès,50000,33.911095681026296,-5.539396654900405
3281402,7.12,0015-08-27 17:51:25,0015-08-27 20:37:06,17,20,2.761388889,Jeudi,ios,31.5938402,92283246,474204,481066,Bureau / Entreprise,3.39,24.14,Agadir,80000,30.416805700624053,-9.596975129173117
7265805,7.15,0015-09-02 11:56:50,0015-09-02 15:44:08,11,15,3.788333333,Mercredi,ios,31.5938402,92283246,474204,481066,Bureau / Entreprise,2.84,20.31,Agadir,80000,30.449230755419926,-9.625030069613272
7578689,6.02,0015-09-03 14:04:10,0015-09-03 15:58:06,14,15,1.898888889,Jeudi,ios,29.9968422,92283246,932939,868085,Parking public,3.03,18.24,Casablanca,20000,33.597468595285946,-7.605828486587435
2890108,3.52,0015-09-03 17:17:43,0015-09-03 20:19:07,17,20,3.023333333,Jeudi,ios,31.5938402,92283246,260408,481066,Bureau / Entreprise,2.32,8.17,Casablanca,20000,33.55971426924267,-7.590279896234075
2105476,7.08,0015-09-10 12:25:25,0015-09-10 16:00:18,12,16,3.581388889,Jeudi,ios,31.5938402,92283246,260408,481066,Bureau / Entreprise,3.19,22.59,Casablanca,20000,33.60211128836291,-7.601185882975318
1894655,7.12,0015-09-16 12:13:01,0015-09-16 15:10:11,12,15,2.952777778,Mercredi,ios,31.5938402,92283246,260408,481066,Bureau / Entreprise,1.96,13.96,Casablanca,20000,33.551542691682926,-7.6088941841343285
5609029,7.0,0015-09-17 16:49:30,0015-09-17 20:09:09,16,20,3.3275,Jeudi,ios,31.5938402,92283246,474204,481066,Bureau / Entreprise,2.91,20.37,Agadir,80000,30.40992094010415,-9.597852029484894
4962526,6.9,0015-09-18 18:25:40,0015-09-18 21:19:07,18,21,2.890833333,Vendredi,ios,31.5938402,92283246,474204,481066,Bureau / Entreprise,1.52,10.49,Agadir,80000,30.408853490354282,-9.60873141239313
6816871,7.12,0015-09-21 11:57:06,0015-09-21 16:18:10,11,16,4.351111111,Lundi,ios,31.5938402,92283246,260408,481066,Bureau / Entreprise,2.51,17.87,Casablanca,20000,33.59673938260047,-7.604313541409596
9210135,6.98,0015-09-23 12:03:07,0015-09-23 15:42:09,12,15,3.650555556,Mercredi,ios,31.5938402,92283246,260408,481066,Bureau / Entreprise,2.25,15.71,Casablanca,20000,33.582357553139495,-7.591960874953577
5574252,7.05,0015-09-30 14:01:30,0015-09-30 17:49:08,14,17,3.793888889,Mercredi,ios,31.5938402,92283246,260408,481066,Bureau / Entreprise,2.74,19.32,Casablanca,20000,33.552226256993336,-7.61180294451507
3642897,5.96,0015-10-01 18:45:50,0015-10-01 20:35:10,18,20,1.822222222,Jeudi,ios,31.5938402,92283246,474204,481066,Bureau / Entreprise,2.83,16.87,Agadir,80000,30.424219405102104,-9.572435256015476
7489117,7.28,0015-05-08 16:38:41,0015-05-08 19:53:07,16,19,3.240555556,Vendredi,ios,34.3118438,11299464,445920,125372,Bureau / Entreprise,2.73,19.87,Agadir,80000,30.434717881504188,-9.576037874124847
3742722,6.98,0015-05-13 16:42:56,0015-05-13 19:54:06,16,19,3.186111111,Mercredi,ios,34.3118438,11299464,445920,125372,Bureau / Entreprise,2.47,17.24,Agadir,80000,30.402807845099364,-9.585642764855569
1985581,7.07,0015-05-18 12:07:02,0015-05-18 14:49:15,12,14,2.703611111,Lundi,ios,34.3118438,11299464,445920,125372,Bureau / Entreprise,2.48,17.53,Agadir,80000,30.450744982104442,-9.621727170344693
2028887,7.04,0015-05-29 17:27:21,0015-05-29 20:10:09,17,20,2.713333333,Vendredi,ios,34.3118438,11299464,445920,125372,Bureau / Entreprise,1.51,10.63,Agadir,80000,30.446016212126494,-9.581547364731819
6416908,6.92,0015-06-08 12:21:16,0015-06-08 15:33:06,12,15,3.197222222,Lundi,ios,34.3118438,11299464,445920,125372,Bureau / Entreprise,2.6,17.99,Agadir,80000,30.4281124064146,-9.57962256031346
4892709,6.91,0015-06-10 17:06:37,0015-06-10 20:01:06,17,20,2.908055556,Mercredi,ios,34.3118438,11299464,871619,125372,Bureau / Entreprise,1.52,10.5,Casablanca,20000,33.601127596915546,-7.57373412293714
9846222,7.0,0015-06-15 12:48:47,0015-06-15 15:16:06,12,15,2.455277778,Lundi,ios,34.3118438,11299464,445920,125372,Bureau / Entreprise,2.56,17.92,Agadir,80000,30.422865658756507,-9.621262046772847
2875120,6.99,0015-06-17 12:33:03,0015-06-17 15:27:06,12,15,2.900833333,Mercredi,ios,34.3118438,11299464,871619,125372,Bureau / Entreprise,2.05,14.33,Casablanca,20000,33.60214661914219,-7.581165522575934
3259897,6.83,0015-07-01 12:19:35,0015-07-01 15:23:05,12,15,3.058333333,Mercredi,ios,34.3118438,11299464,445920,125372,Bureau / Entreprise,3.45,23.56,Agadir,80000,30.437875199928218,-9.578040512255036
2426013,7.05,0015-07-08 12:40:29,0015-07-08 15:00:07,12,15,2.327222222,Mercredi,ios,34.3118438,11299464,445920,125372,Bureau / Entreprise,1.53,10.79,Agadir,80000,30.43588027639524,-9.59345879592682
8860956,4.62,0015-07-13 18:39:53,0015-07-13 20:09:07,18,20,1.487222222,Lundi,ios,34.3118438,11299464,445920,125372,Bureau / Entreprise,3.13,14.46,Agadir,80000,30.407757293717747,-9.589315557486316
1336763,6.84,0015-07-20 17:01:30,0015-07-20 20:08:06,17,20,3.11,Lundi,ios,34.3118438,11299464,445920,125372,Bureau / Entreprise,2.85,19.49,Agadir,80000,30.45071566549828,-9.600598191234422
9519960,6.95,0015-07-23 12:48:39,0015-07-23 16:02:07,12,16,3.224444444,Jeudi,ios,34.3118438,11299464,445920,125372,Bureau / Entreprise,3.11,21.61,Agadir,80000,30.423449381275237,-9.596377560806957
6502894,7.38,0015-07-27 17:19:50,0015-07-27 20:17:08,17,20,2.955,Lundi,ios,34.3118438,11299464,445920,125372,Bureau / Entreprise,3.32,24.5,Agadir,80000,30.40753400434695,-9.626037388498897
6770233,6.77,0015-07-29 13:08:37,0015-07-29 16:23:07,13,16,3.241666667,Mercredi,ios,34.3118438,11299464,871619,125372,Bureau / Entreprise,1.71,11.58,Casablanca,20000,33.54385645119854,-7.581462218681604
5240101,6.87,0015-08-05 17:27:26,0015-08-05 20:10:08,17,20,2.711666667,Mercredi,ios,34.3118438,11299464,871619,125372,Bureau / Entreprise,1.69,11.61,Casablanca,20000,33.5766853410183,-7.614913167226531
9398216,5.69,0015-08-12 13:06:26,0015-08-12 14:56:06,13,14,1.827777778,Mercredi,ios,34.3118438,11299464,871619,125372,Bureau / Entreprise,1.8,10.24,Casablanca,20000,33.57474397732736,-7.593699124339587
1950256,6.78,0015-08-17 12:32:13,0015-08-17 15:42:06,12,15,3.164722222,Lundi,ios,34.3118438,11299464,871619,125372,Bureau / Entreprise,1.88,12.75,Casablanca,20000,33.58626121734215,-7.602240694139956
7448475,7.33,0015-08-19 12:41:59,0015-08-19 17:13:07,12,17,4.518888889,Mercredi,ios,34.3118438,11299464,445920,125372,Bureau / Entreprise,2.55,18.69,Agadir,80000,30.45121548318107,-9.595374322987297
6841161,7.05,0015-08-24 17:20:51,0015-08-24 20:04:06,17,20,2.720833333,Lundi,ios,34.3118438,11299464,871619,125372,Bureau / Entreprise,3.13,22.07,Casablanca,20000,33.54786439507858,-7.611795019868608
7334018,6.46,0015-08-26 12:57:52,0015-08-26 18:09:07,12,18,5.1875,Mercredi,ios,34.3118438,11299464,871619,125372,Bureau / Entreprise,2.03,13.11,Casablanca,20000,33.58698978942042,-7.578301395881601
9230037,6.77,0015-08-31 17:23:17,0015-08-31 19:45:09,17,19,2.364444444,Lundi,ios,34.3118438,11299464,445920,125372,Bureau / Entreprise,2.29,15.5,Agadir,80000,30.409044716645855,-9.580399307784292
9647676,6.87,0015-09-14 12:10:53,0015-09-14 15:44:09,12,15,3.554444444,Lundi,ios,34.3118438,11299464,871619,125372,Bureau / Entreprise,2.25,15.46,Casablanca,20000,33.594590623189426,-7.609998733015411
6809814,6.88,0015-09-16 12:28:34,0015-09-16 15:18:10,12,15,2.826666667,Mercredi,ios,34.3118438,11299464,871619,125372,Bureau / Entreprise,2.31,15.89,Casablanca,20000,33.5922438108317,-7.613541214758888
3529616,6.88,0015-09-25 15:59:35,0015-09-25 20:08:05,15,20,4.141666667,Vendredi,ios,34.3118438,11299464,445920,125372,Bureau / Entreprise,2.63,18.09,Agadir,80000,30.430247625299135,-9.619369071032759
4308553,0.0,0015-09-28 12:51:56,0015-09-28 12:53:06,12,12,0.019444444,Lundi,ios,,11299464,871619,125372,Bureau / Entreprise,3.48,0.0,Casablanca,20000,33.58571456791739,-7.56717234628609
3074783,6.82,0015-09-28 12:54:27,0015-09-28 15:21:07,12,15,2.444444444,Lundi,ios,34.3118438,11299464,871619,125372,Bureau / Entreprise,1.95,13.3,Casablanca,20000,33.56196100679102,-7.588108644294619
5452853,6.65,0015-04-17 11:11:19,0015-04-17 14:55:07,11,14,3.73,Vendredi,android,,75922902,414088,566549,Parking public,2.87,19.09,Meknès,50000,33.89177007393597,-5.549264340239549
2885670,7.01,0015-05-07 15:26:26,0015-05-07 20:10:09,15,20,4.728611111,Jeudi,android,,75922902,902592,566549,Parking public,3.2,22.43,Oujda,60000,34.70599821386263,-1.9349972908538586
3286927,6.91,0015-04-20 11:20:07,0015-04-20 14:43:05,11,14,3.382777778,Lundi,android,,30464676,474204,481066,Bureau / Entreprise,2.81,19.42,Agadir,80000,30.425355911830394,-9.589126639594582
4643861,6.9,0015-04-21 11:13:43,0015-04-21 16:14:06,11,16,5.006388889,Mardi,android,,30464676,474204,481066,Bureau / Entreprise,3.22,22.22,Agadir,80000,30.41926789591953,-9.576020024486295
4889562,6.82,0015-04-22 11:04:12,0015-04-22 14:08:06,11,14,3.065,Mercredi,android,,30464676,474204,481066,Bureau / Entreprise,3.02,20.6,Agadir,80000,30.42745274683502,-9.578408847840594
8474823,6.98,0015-04-23 11:10:18,0015-04-23 14:04:06,11,14,2.896666667,Jeudi,android,,30464676,474204,481066,Bureau / Entreprise,1.69,11.8,Agadir,80000,30.447494955146233,-9.590536717461152
4668064,6.85,0015-04-24 11:06:45,0015-04-24 14:05:17,11,14,2.975555556,Vendredi,android,,30464676,474204,481066,Bureau / Entreprise,2.26,15.48,Agadir,80000,30.417912482842254,-9.6235832770009
5867082,6.92,0015-04-27 11:04:48,0015-04-27 13:41:06,11,13,2.605,Lundi,android,,30464676,474204,481066,Bureau / Entreprise,2.61,18.06,Agadir,80000,30.408225695588147,-9.62135617836944
2521708,6.59,0015-04-28 12:04:09,0015-04-28 14:17:06,12,14,2.215833333,Mardi,android,,30464676,474204,481066,Bureau / Entreprise,1.61,10.61,Agadir,80000,30.440520841219847,-9.625141460773412
1589137,6.72,0015-04-29 13:04:06,0015-04-29 15:53:06,13,15,2.816666667,Mercredi,android,,30464676,474204,481066,Bureau / Entreprise,1.52,10.21,Agadir,80000,30.447358692762485,-9.612651247010453
9431640,6.65,0015-04-30 13:14:49,0015-04-30 15:52:07,13,15,2.621666667,Jeudi,android,,30464676,474204,481066,Bureau / Entreprise,1.84,12.24,Agadir,80000,30.403838248711413,-9.619960311970377
3017822,6.71,0015-05-06 13:04:04,0015-05-06 15:33:07,13,15,2.484166667,Mercredi,android,,30464676,474204,481066,Bureau / Entreprise,2.5,16.77,Agadir,80000,30.412192446765356,-9.612497117584855
7488500,6.3,0015-05-07 13:08:44,0015-05-07 15:25:13,13,15,2.274722222,Jeudi,android,,30464676,474204,481066,Bureau / Entreprise,2.37,14.93,Agadir,80000,30.40631831938566,-9.604996516656863
9498130,6.3,0015-05-08 13:08:21,0015-05-08 15:23:07,13,15,2.246111111,Vendredi,android,,30464676,474204,481066,Bureau / Entreprise,3.07,19.34,Agadir,80000,30.41867648469493,-9.571521032955733
3594176,6.75,0015-05-11 13:14:45,0015-05-11 15:40:09,13,15,2.423333333,Lundi,android,,30464676,474204,481066,Bureau / Entreprise,2.63,17.75,Agadir,80000,30.424821058734327,-9.591477436413099
1679738,7.0,0015-05-13 13:08:34,0015-05-13 15:33:06,13,15,2.408888889,Mercredi,android,,30464676,474204,481066,Bureau / Entreprise,3.22,22.54,Agadir,80000,30.4427295802178,-9.578001572859023
2365028,3.62,0015-05-15 12:01:30,0015-05-15 13:15:16,12,13,1.229444444,Vendredi,android,,30464676,474204,481066,Bureau / Entreprise,1.69,6.12,Agadir,80000,30.4368688550929,-9.58547890995726
7026105,3.01,0015-05-15 16:12:35,0015-05-15 17:30:13,16,17,1.293888889,Vendredi,android,,30464676,474204,481066,Bureau / Entreprise,2.56,7.71,Agadir,80000,30.43505571404871,-9.621349812168402
6614451,5.77,0015-05-18 13:26:19,0015-05-18 15:40:11,13,15,2.231111111,Lundi,android,,30464676,474204,481066,Bureau / Entreprise,1.59,9.17,Agadir,80000,30.418942496796582,-9.583944775617564
1237491,6.88,0015-05-20 13:49:40,0015-05-20 16:16:06,13,16,2.440555556,Mercredi,android,,30464676,474204,481066,Bureau / Entreprise,1.92,13.21,Agadir,80000,30.44828685318509,-9.611594067106454
7466899,6.95,0015-05-21 15:37:18,0015-05-21 18:05:08,15,18,2.463888889,Jeudi,android,,30464676,474204,481066,Bureau / Entreprise,3.24,22.52,Agadir,80000,30.42607723004389,-9.589753529180317
9105289,6.86,0015-05-27 13:25:11,0015-05-27 16:02:06,13,16,2.615277778,Mercredi,android,,30464676,474204,481066,Bureau / Entreprise,3.28,22.5,Agadir,80000,30.456546296280912,-9.607642281581422
2617757,6.8,0015-05-28 11:05:16,0015-05-28 13:34:06,11,13,2.480555556,Jeudi,android,,30464676,474204,481066,Bureau / Entreprise,2.45,16.66,Agadir,80000,30.435848528297747,-9.568239664204121
9098385,6.86,0015-05-29 11:10:57,0015-05-29 13:43:07,11,13,2.536111111,Vendredi,android,,30464676,474204,481066,Bureau / Entreprise,1.59,10.91,Agadir,80000,30.40537588449387,-9.612286911230195
1329566,6.57,0015-06-01 14:04:48,0015-06-01 16:20:11,14,16,2.256388889,Lundi,android,,30464676,474204,481066,Bureau / Entreprise,1.65,10.84,Agadir,80000,30.438370653724526,-9.611352171753545
4943324,6.73,0015-06-02 11:06:31,0015-06-02 13:38:05,11,13,2.526111111,Mardi,android,,30464676,474204,481066,Bureau / Entreprise,3.35,22.55,Agadir,80000,30.417306240925903,-9.572259664666257
2743782,6.95,0015-06-10 11:25:45,0015-06-10 14:31:07,11,14,3.089444444,Mercredi,android,,30464676,474204,481066,Bureau / Entreprise,3.3,22.94,Agadir,80000,30.438979631801168,-9.626621335721822
8169570,6.8,0015-06-11 10:58:15,0015-06-11 13:22:06,10,13,2.3975,Jeudi,android,,30464676,474204,481066,Bureau / Entreprise,2.63,17.88,Agadir,80000,30.401978468889745,-9.586298660727609
8957261,7.08,0015-06-12 10:07:50,0015-06-12 12:40:14,10,12,2.54,Vendredi,android,,30464676,474204,481066,Bureau / Entreprise,1.57,11.12,Agadir,80000,30.40829288623056,-9.584580416555848
9093150,6.27,0015-06-15 13:19:32,0015-06-15 16:10:20,13,16,2.846666667,Lundi,android,,30464676,474204,481066,Bureau / Entreprise,3.36,21.07,Agadir,80000,30.449144235534348,-9.577917285355376
2201430,6.42,0015-06-16 11:05:25,0015-06-16 13:29:06,11,13,2.394722222,Mardi,android,,30464676,474204,481066,Bureau / Entreprise,2.13,13.67,Agadir,80000,30.41143077342141,-9.569633641361692
7377282,6.69,0015-06-18 11:02:16,0015-06-18 13:25:07,11,13,2.380833333,Jeudi,android,,30464676,474204,481066,Bureau / Entreprise,3.42,22.88,Agadir,80000,30.448022467514576,-9.569563884850602
1244869,6.83,0015-06-19 11:02:21,0015-06-19 13:35:21,11,13,2.55,Vendredi,android,,30464676,474204,481066,Bureau / Entreprise,2.67,18.24,Agadir,80000,30.414556565307265,-9.624183394546012
9631930,7.1,0015-06-29 16:17:48,0015-06-29 19:29:05,16,19,3.188055556,Lundi,android,,30464676,474204,481066,Bureau / Entreprise,3.0,21.3,Agadir,80000,30.436372914603524,-9.578789640634826
3858280,6.91,0015-06-30 11:06:00,0015-06-30 13:33:05,11,13,2.451388889,Mardi,android,,30464676,474204,481066,Bureau / Entreprise,2.93,20.25,Agadir,80000,30.43944903441059,-9.589321403980557
5438765,6.77,0015-07-01 10:56:58,0015-07-01 13:19:15,10,13,2.371388889,Mercredi,android,,30464676,474204,481066,Bureau / Entreprise,2.3,15.57,Agadir,80000,30.428559285188705,-9.589259471937615
6855830,6.66,0015-07-02 11:08:09,0015-07-02 13:29:06,11,13,2.349166667,Jeudi,android,,30464676,474204,481066,Bureau / Entreprise,1.65,10.99,Agadir,80000,30.416118640601805,-9.620399004403119
3086619,6.75,0015-07-07 11:06:39,0015-07-07 13:27:05,11,13,2.340555556,Mardi,android,,30464676,474204,481066,Bureau / Entreprise,1.82,12.28,Agadir,80000,30.410558662582268,-9.58908877001326
8715615,6.71,0015-07-08 10:58:39,0015-07-08 13:25:07,10,13,2.441111111,Mercredi,android,,30464676,474204,481066,Bureau / Entreprise,1.98,13.29,Agadir,80000,30.399791361273746,-9.569151045163926
7883501,7.16,0015-07-09 14:16:24,0015-07-09 16:52:05,14,16,2.594722222,Jeudi,android,,30464676,474204,481066,Bureau / Entreprise,3.17,22.7,Agadir,80000,30.416036784074446,-9.573390885827633
5238381,6.94,0015-07-10 10:57:12,0015-07-10 14:34:05,10,14,3.614722222,Vendredi,android,,30464676,474204,481066,Bureau / Entreprise,2.28,15.82,Agadir,80000,30.43698976743188,-9.60175216035171
9044380,6.79,0015-07-13 11:13:43,0015-07-13 13:36:05,11,13,2.372777778,Lundi,android,,30464676,474204,481066,Bureau / Entreprise,3.29,22.34,Agadir,80000,30.45409828910691,-9.625703121602834
9469449,6.78,0015-07-14 10:57:26,0015-07-14 13:21:05,10,13,2.394166667,Mardi,android,,30464676,474204,481066,Bureau / Entreprise,2.16,14.64,Agadir,80000,30.450072268935784,-9.606362390599989
7437801,6.33,0015-07-16 14:05:29,0015-07-16 16:25:12,14,16,2.328611111,Jeudi,android,,30464676,474204,481066,Bureau / Entreprise,3.01,19.05,Agadir,80000,30.44376388659212,-9.578516581303967
3743915,6.97,0015-07-17 11:07:06,0015-07-17 13:59:05,11,13,2.866388889,Vendredi,android,,30464676,474204,481066,Bureau / Entreprise,1.78,12.41,Agadir,80000,30.445106840595198,-9.58601005391209
2224656,6.69,0015-07-21 11:03:53,0015-07-21 14:00:13,11,14,2.938888889,Mardi,android,,30464676,474204,481066,Bureau / Entreprise,3.48,23.28,Agadir,80000,30.43769909420856,-9.600539380664364
9548105,6.93,0015-07-22 13:55:27,0015-07-22 16:56:06,13,16,3.010833333,Mercredi,android,,30464676,474204,481066,Bureau / Entreprise,2.95,20.44,Agadir,80000,30.41341721145396,-9.62479390789047
7030622,5.74,0015-07-23 11:10:45,0015-07-23 14:17:07,11,14,3.106111111,Jeudi,android,,30464676,664306,868085,Parking public,2.5,14.35,Agadir,80000,30.45223170184235,-9.602486316330602
8636620,5.5,0015-07-27 11:05:35,0015-07-27 12:57:06,11,12,1.858611111,Lundi,android,,30464676,474204,481066,Bureau / Entreprise,3.45,18.98,Agadir,80000,30.43804393871435,-9.599958503616927
3300925,6.44,0015-07-28 10:55:07,0015-07-28 13:12:07,10,13,2.283333333,Mardi,android,,30464676,474204,481066,Bureau / Entreprise,1.61,10.37,Agadir,80000,30.43142643785883,-9.572386668026352
9104793,6.77,0015-07-29 10:48:01,0015-07-29 13:15:13,10,13,2.453333333,Mercredi,android,,30464676,474204,481066,Bureau / Entreprise,2.37,16.04,Agadir,80000,30.40445936815281,-9.589634833785071
9338825,6.65,0015-07-30 11:13:27,0015-07-30 14:10:10,11,14,2.945277778,Jeudi,android,,30464676,474204,481066,Bureau / Entreprise,3.18,21.15,Agadir,80000,30.424623332628386,-9.609400825000721
8877920,6.73,0015-07-31 11:08:56,0015-07-31 14:35:08,11,14,3.436666667,Vendredi,android,,30464676,474204,481066,Bureau / Entreprise,2.18,14.67,Agadir,80000,30.42542149627212,-9.596580904132956
5004320,6.63,0015-08-03 12:47:55,0015-08-03 15:51:06,12,15,3.053055556,Lundi,android,,30464676,474204,481066,Bureau / Entreprise,3.04,20.16,Agadir,80000,30.449673816571362,-9.62413668153067
8050176,6.79,0015-08-04 11:07:51,0015-08-04 14:32:06,11,14,3.404166667,Mardi,android,,30464676,474204,481066,Bureau / Entreprise,3.41,23.15,Agadir,80000,30.43059889321127,-9.569745905861016
4053666,6.82,0015-08-07 11:02:41,0015-08-07 16:12:06,11,16,5.156944444,Vendredi,android,,30464676,562656,481066,Bureau / Entreprise,2.29,15.62,Marrakech,40000,31.622324032938224,-7.989496405884156
2092960,6.76,0015-08-10 11:10:50,0015-08-10 14:35:15,11,14,3.406944444,Lundi,android,,30464676,562656,481066,Bureau / Entreprise,3.05,20.62,Marrakech,40000,31.65810801971064,-7.982427958705212
1259301,6.76,0015-08-11 13:24:11,0015-08-11 16:01:15,13,16,2.617777778,Mardi,android,,30464676,191826,481066,Bureau / Entreprise,1.56,10.55,Meknès,50000,33.870143235599585,-5.5559829615457845
7780178,6.59,0015-08-12 11:07:41,0015-08-12 14:18:07,11,14,3.173888889,Mercredi,android,,30464676,995505,868085,Parking public,2.05,13.51,Marrakech,40000,31.624852905698717,-7.970149296193028
9720820,6.86,0015-08-13 11:15:51,0015-08-13 14:03:08,11,14,2.788055556,Jeudi,android,,30464676,562656,481066,Bureau / Entreprise,3.49,23.94,Marrakech,40000,31.602021480510285,-7.971366070500224
3420231,6.88,0015-08-17 11:20:33,0015-08-17 14:23:08,11,14,3.043055556,Lundi,android,,30464676,562656,481066,Bureau / Entreprise,2.48,17.06,Marrakech,40000,31.643894247246017,-7.968180661368251
4253112,6.8,0015-08-19 11:00:02,0015-08-19 13:35:08,11,13,2.585,Mercredi,android,,30464676,562656,481066,Bureau / Entreprise,2.21,15.03,Marrakech,40000,31.65458459313195,-7.995011406223284
3081894,6.78,0015-08-20 11:13:32,0015-08-20 13:52:07,11,13,2.643055556,Jeudi,android,,30464676,562656,481066,Bureau / Entreprise,3.38,22.92,Marrakech,40000,31.61630223977303,-7.9921598911301555
5824659,6.8,0015-08-21 11:11:44,0015-08-21 14:03:06,11,14,2.856111111,Vendredi,android,,30464676,562656,481066,Bureau / Entreprise,2.36,16.05,Marrakech,40000,31.651000500607946,-8.003584926134227
5193754,6.96,0015-08-24 11:11:48,0015-08-24 15:04:05,11,15,3.871388889,Lundi,android,,30464676,562656,481066,Bureau / Entreprise,2.86,19.91,Marrakech,40000,31.617033093827715,-7.971769401689233
9970261,6.89,0015-08-25 11:02:36,0015-08-25 13:43:06,11,13,2.675,Mardi,android,,30464676,562656,481066,Bureau / Entreprise,2.82,19.43,Marrakech,40000,31.654146209698634,-8.00871217235986
1677735,6.74,0015-08-26 11:10:44,0015-08-26 13:51:07,11,13,2.673055556,Mercredi,android,,30464676,474204,481066,Bureau / Entreprise,1.67,11.26,Agadir,80000,30.44303771421581,-9.592239059868593
5761050,2.87,0015-08-26 15:43:41,0015-08-26 16:48:05,15,16,1.073333333,Mercredi,android,,30464676,474204,481066,Bureau / Entreprise,2.74,7.86,Agadir,80000,30.446094406610488,-9.575918246908902
5725122,6.76,0015-08-27 11:10:36,0015-08-27 13:30:08,11,13,2.325555556,Jeudi,android,,30464676,562656,481066,Bureau / Entreprise,3.1,20.96,Marrakech,40000,31.600580393336028,-7.957650071102622
5126238,3.1,0015-08-27 17:28:49,0015-08-27 19:30:08,17,19,2.021944444,Jeudi,android,,30464676,260408,481066,Bureau / Entreprise,2.93,9.08,Casablanca,20000,33.60086862142444,-7.5928577343778025
2178248,6.87,0015-08-28 11:05:26,0015-08-28 13:58:07,11,13,2.878055556,Vendredi,android,,30464676,562656,481066,Bureau / Entreprise,1.66,11.4,Marrakech,40000,31.64310025952422,-7.983541778707215
3029688,6.77,0015-09-01 11:11:46,0015-09-01 13:41:08,11,13,2.489444444,Mardi,android,,30464676,562656,481066,Bureau / Entreprise,1.81,12.25,Marrakech,40000,31.61778506572317,-8.006481849019519
4445610,6.73,0015-09-02 11:03:49,0015-09-02 13:56:13,11,13,2.873333333,Mercredi,android,,30464676,562656,481066,Bureau / Entreprise,2.92,19.65,Marrakech,40000,31.64926367989153,-7.970854098473417
2324559,6.6,0015-09-03 11:00:10,0015-09-03 13:55:07,11,13,2.915833333,Jeudi,android,,30464676,474204,481066,Bureau / Entreprise,2.77,18.28,Agadir,80000,30.414691271904896,-9.57882443477763
2007666,6.94,0015-09-04 11:02:30,0015-09-04 14:43:07,11,14,3.676944444,Vendredi,android,,30464676,562656,481066,Bureau / Entreprise,2.98,20.68,Marrakech,40000,31.651865230373968,-7.996420696723717
4434208,6.94,0015-09-08 13:15:53,0015-09-08 16:20:10,13,16,3.071388889,Mardi,android,,30464676,474204,481066,Bureau / Entreprise,2.13,14.78,Agadir,80000,30.404554823424718,-9.602821947101999
4559729,6.84,0015-09-09 11:08:32,0015-09-09 14:09:10,11,14,3.010555556,Mercredi,android,,30464676,474204,481066,Bureau / Entreprise,1.71,11.7,Agadir,80000,30.44002115864765,-9.577769639794084
7030747,6.8,0015-09-10 11:05:24,0015-09-10 14:17:06,11,14,3.195,Jeudi,android,,30464676,562656,481066,Bureau / Entreprise,1.51,10.27,Marrakech,40000,31.631941908598694,-7.958472771940262
9644691,6.8,0015-09-11 11:05:52,0015-09-11 14:34:06,11,14,3.470555556,Vendredi,android,,30464676,562656,481066,Bureau / Entreprise,2.12,14.42,Marrakech,40000,31.605292068211728,-7.996509201184146
4594645,6.73,0015-09-14 11:10:28,0015-09-14 13:26:11,11,13,2.261944444,Lundi,android,,30464676,474204,481066,Bureau / Entreprise,2.22,14.94,Agadir,80000,30.412313629695532,-9.595065761927518
9514790,6.79,0015-09-16 11:13:34,0015-09-16 13:50:11,11,13,2.610277778,Mercredi,android,,30464676,474204,481066,Bureau / Entreprise,2.04,13.85,Agadir,80000,30.39854424217664,-9.616550410961851
1050046,6.75,0015-09-17 11:06:25,0015-09-17 13:25:11,11,13,2.312777778,Jeudi,android,,30464676,562656,481066,Bureau / Entreprise,1.77,11.95,Marrakech,40000,31.62762607792787,-8.004987274151626
2934420,6.95,0015-09-18 11:07:59,0015-09-18 13:47:09,11,13,2.652777778,Vendredi,android,,30464676,562656,481066,Bureau / Entreprise,1.87,13.0,Marrakech,40000,31.6175759156456,-7.956432769916482
3439903,6.73,0015-09-21 11:16:43,0015-09-21 14:16:10,11,14,2.990833333,Lundi,android,,30464676,474204,481066,Bureau / Entreprise,2.4,16.15,Agadir,80000,30.433701449057867,-9.578869549746074
2649783,6.76,0015-09-22 11:13:02,0015-09-22 13:38:13,11,13,2.419722222,Mardi,android,,30464676,474204,481066,Bureau / Entreprise,2.61,17.64,Agadir,80000,30.41563426846252,-9.58249790589181
5607540,6.7,0015-09-23 11:09:18,0015-09-23 13:58:12,11,13,2.815,Mercredi,android,,30464676,562656,481066,Bureau / Entreprise,2.32,15.54,Marrakech,40000,31.61749514669042,-8.00817402087121
4091856,6.78,0015-09-24 10:56:21,0015-09-24 13:42:09,10,13,2.763333333,Jeudi,android,,30464676,562656,481066,Bureau / Entreprise,1.55,10.51,Marrakech,40000,31.644091591923896,-7.9604762724373845
2430362,6.84,0015-09-25 11:06:08,0015-09-25 13:48:12,11,13,2.701111111,Vendredi,android,,30464676,562656,481066,Bureau / Entreprise,2.21,15.12,Marrakech,40000,31.602388570158702,-7.984817355445677
3363995,6.3,0015-09-28 10:57:17,0015-09-28 15:34:08,10,15,4.614166667,Lundi,android,,30464676,569886,868085,Parking public,1.69,10.65,Rabat,10000,34.045073699711516,-6.851056292602248
2562839,0.0,0015-10-01 11:06:49,0015-10-01 13:07:05,11,13,2.004444444,Jeudi,android,,30464676,191826,481066,Bureau / Entreprise,2.7,0.0,Meknès,50000,33.914635832463475,-5.544511418338478
4426355,0.0,0015-10-01 11:07:19,0015-10-01 11:08:07,11,11,0.013333333,Jeudi,android,,30464676,191826,481066,Bureau / Entreprise,2.15,0.0,Meknès,50000,33.90356828099359,-5.571818805436586
8585893,0.0,0015-10-01 11:08:22,0015-10-01 11:09:08,11,11,0.012777778,Jeudi,android,,30464676,474204,481066,Bureau / Entreprise,2.27,0.0,Agadir,80000,30.433393294206443,-9.582701207038857
5891728,0.0,0015-10-01 11:09:14,0015-10-01 11:10:08,11,11,0.015,Jeudi,android,,30464676,260408,481066,Bureau / Entreprise,2.08,0.0,Casablanca,20000,33.59663814988838,-7.584853895386702
5468326,6.85,0015-10-01 11:10:18,0015-10-01 14:07:05,11,14,2.946388889,Jeudi,android,,30464676,562656,481066,Bureau / Entreprise,2.28,15.62,Marrakech,40000,31.610619810771723,-7.999904594187609
4366983,6.89,0015-06-11 16:14:55,0015-06-11 18:54:06,16,18,2.653055556,Jeudi,ios,28.5290954,33295482,219054,814002,Bureau / Entreprise,1.67,11.51,Marrakech,40000,31.60423814973145,-7.999806068013857
3893235,6.85,0015-06-12 09:56:12,0015-06-12 12:26:04,9,12,2.497777778,Vendredi,ios,28.5290954,33295482,386940,814002,Bureau / Entreprise,3.3,22.6,Oujda,60000,34.671070610194576,-1.9303450809056395
5097653,6.93,0015-06-15 09:50:18,0015-06-15 12:14:05,9,12,2.396388889,Lundi,ios,28.5290954,33295482,874950,814002,Bureau / Entreprise,3.31,22.94,Oujda,60000,34.70437469672201,-1.937979856746884
3664460,6.86,0015-06-16 09:49:29,0015-06-16 12:18:06,9,12,2.476944444,Mardi,ios,28.5290954,33295482,874950,814002,Bureau / Entreprise,3.46,23.74,Oujda,60000,34.65878021600359,-1.9061320930376988
4105688,6.76,0015-06-17 09:39:40,0015-06-17 12:45:19,9,12,3.094166667,Mercredi,ios,28.5290954,33295482,874950,814002,Bureau / Entreprise,2.64,17.85,Oujda,60000,34.69166841010501,-1.8909791093446895
4204243,2.59,0015-06-17 15:57:46,0015-06-17 17:37:06,15,17,1.655555556,Mercredi,ios,28.5290954,33295482,874950,814002,Bureau / Entreprise,1.84,4.77,Oujda,60000,34.71642625097148,-1.9403501071607567
6300666,6.79,0015-06-19 09:40:19,0015-06-19 12:28:05,9,12,2.796111111,Vendredi,ios,28.5290954,33295482,874950,814002,Bureau / Entreprise,2.26,15.35,Oujda,60000,34.708041765630256,-1.9384597213017236
7835540,6.82,0015-06-23 09:58:09,0015-06-23 12:45:13,9,12,2.784444444,Mardi,ios,28.5290954,33295482,874950,814002,Bureau / Entreprise,1.78,12.14,Oujda,60000,34.68798674134262,-1.9070337833987832
6163510,6.84,0015-06-24 10:18:31,0015-06-24 12:49:05,10,12,2.509444444,Mercredi,ios,28.5290954,33295482,874950,814002,Bureau / Entreprise,2.1,14.36,Oujda,60000,34.6605184545572,-1.892230258876837
5779454,6.76,0015-06-26 09:37:47,0015-06-26 12:14:05,9,12,2.605,Vendredi,ios,28.5290954,33295482,874950,814002,Bureau / Entreprise,2.49,16.83,Oujda,60000,34.70658241086314,-1.921795666565882
5502827,6.79,0015-06-29 09:28:13,0015-06-29 11:50:15,9,11,2.367222222,Lundi,ios,28.5290954,33295482,874950,814002,Bureau / Entreprise,1.63,11.07,Oujda,60000,34.692638710490634,-1.9204231360715367
5556607,6.82,0015-07-01 10:29:26,0015-07-01 13:21:05,10,13,2.860833333,Mercredi,ios,28.5290954,33295482,874950,814002,Bureau / Entreprise,2.37,16.16,Oujda,60000,34.663595979823576,-1.9056192101501934
4983973,6.91,0015-07-02 10:21:25,0015-07-02 14:46:06,10,14,4.411388889,Jeudi,ios,28.5290954,33295482,874950,814002,Bureau / Entreprise,2.34,16.17,Oujda,60000,34.66233143708941,-1.9249472266525511
5193482,6.83,0015-07-06 09:46:32,0015-07-06 15:37:06,9,15,5.842777778,Lundi,ios,28.5290954,33295482,874950,814002,Bureau / Entreprise,2.47,16.87,Oujda,60000,34.711277609166196,-1.939803498035339
8974192,6.81,0015-07-08 10:26:40,0015-07-08 13:00:11,10,13,2.558611111,Mercredi,ios,28.5290954,33295482,874950,814002,Bureau / Entreprise,1.65,11.24,Oujda,60000,34.69685201577629,-1.8972862889139042
4433676,6.81,0015-07-10 09:21:56,0015-07-10 11:58:06,9,11,2.602777778,Vendredi,ios,28.5290954,33295482,874950,814002,Bureau / Entreprise,2.0,13.62,Oujda,60000,34.706457207959005,-1.9038610052235128
4166867,6.84,0015-07-13 10:30:00,0015-07-13 13:52:05,10,13,3.368055556,Lundi,ios,28.5290954,33295482,874950,814002,Bureau / Entreprise,1.99,13.61,Oujda,60000,34.709438734016935,-1.9065546400566604
8945459,6.88,0015-07-14 10:23:54,0015-07-14 14:07:04,10,14,3.719444444,Mardi,ios,28.5290954,33295482,874950,814002,Bureau / Entreprise,2.75,18.92,Oujda,60000,34.6910063411229,-1.8968989522604907
4058014,6.8,0015-07-16 09:33:44,0015-07-16 12:19:07,9,12,2.756388889,Jeudi,ios,28.5290954,33295482,874950,814002,Bureau / Entreprise,2.69,18.29,Oujda,60000,34.687746781105304,-1.9008861497462777
4842356,6.9,0015-07-21 10:19:20,0015-07-21 12:49:07,10,12,2.496388889,Mardi,ios,28.5290954,33295482,874950,814002,Bureau / Entreprise,1.89,13.04,Oujda,60000,34.68252564461926,-1.9290470807093008
9634467,6.87,0015-07-22 10:30:50,0015-07-22 12:55:08,10,12,2.405,Mercredi,ios,28.5290954,33295482,874950,814002,Bureau / Entreprise,1.71,11.75,Oujda,60000,34.67571679526747,-1.920251137183399
4827913,6.84,0015-07-23 10:33:39,0015-07-23 14:16:08,10,14,3.708055556,Jeudi,ios,28.5290954,33295482,874950,814002,Bureau / Entreprise,2.11,14.43,Oujda,60000,34.68277575765153,-1.9338333914992825
9762000,6.94,0015-07-24 10:24:17,0015-07-24 12:48:07,10,12,2.397222222,Vendredi,ios,28.5290954,33295482,874950,814002,Bureau / Entreprise,3.4,23.6,Oujda,60000,34.70313277934381,-1.9336085791949271
1268330,6.99,0015-07-27 10:12:52,0015-07-27 12:56:06,10,12,2.720555556,Lundi,ios,28.5290954,33295482,874950,814002,Bureau / Entreprise,2.16,15.1,Oujda,60000,34.69281540586091,-1.9008282552186075
7656000,6.88,0015-07-30 10:32:05,0015-07-30 13:01:06,10,13,2.483611111,Jeudi,ios,28.5290954,33295482,874950,814002,Bureau / Entreprise,2.74,18.85,Oujda,60000,34.71025139739729,-1.88988399358105
9832956,6.9,0015-07-31 10:33:21,0015-07-31 14:25:09,10,14,3.863333333,Vendredi,ios,28.5290954,33295482,874950,814002,Bureau / Entreprise,3.11,21.46,Oujda,60000,34.683302800862755,-1.8836360449683316
3485664,6.84,0015-08-03 10:25:34,0015-08-03 13:01:07,10,13,2.5925,Lundi,ios,28.5290954,33295482,874950,814002,Bureau / Entreprise,2.16,14.77,Oujda,60000,34.693125374723124,-1.9036991729470334
3971735,6.88,0015-08-04 09:40:27,0015-08-04 12:53:12,9,12,3.2125,Mardi,ios,28.5290954,33295482,874950,814002,Bureau / Entreprise,2.17,14.93,Oujda,60000,34.69457845318552,-1.9303539205983427
2844151,6.79,0015-08-05 09:47:44,0015-08-05 12:15:08,9,12,2.456666667,Mercredi,ios,28.5290954,33295482,874950,814002,Bureau / Entreprise,3.13,21.25,Oujda,60000,34.69220182973838,-1.9350609792730642
6761430,6.81,0015-08-06 10:37:21,0015-08-06 13:15:07,10,13,2.629444444,Jeudi,ios,28.5290954,33295482,874950,814002,Bureau / Entreprise,3.22,21.93,Oujda,60000,34.69885802638513,-1.8926289417077946
6670644,6.88,0015-08-10 09:54:07,0015-08-10 12:59:06,9,12,3.083055556,Lundi,ios,28.5290954,33295482,874950,814002,Bureau / Entreprise,3.45,23.74,Oujda,60000,34.67094600810249,-1.9066746114184001
6477125,6.83,0015-08-11 10:10:55,0015-08-11 12:41:07,10,12,2.503333333,Mardi,ios,28.5290954,33295482,874950,814002,Bureau / Entreprise,1.77,12.09,Oujda,60000,34.68744182665275,-1.9043028987391768
9529668,6.88,0015-08-12 10:36:23,0015-08-12 18:52:06,10,18,8.261944444,Mercredi,ios,28.5290954,33295482,874950,814002,Bureau / Entreprise,2.14,14.72,Oujda,60000,34.662953488168505,-1.8945122746747174
2118272,0.21,0015-08-13 10:29:48,0015-08-13 14:42:07,10,14,4.205277778,Jeudi,ios,28.5290954,33295482,874950,814002,Bureau / Entreprise,3.39,0.71,Oujda,60000,34.67977067965869,-1.8992033663360528
3238317,0.13,0015-08-13 16:49:40,0015-08-13 19:13:07,16,19,2.390833333,Jeudi,ios,28.5290954,33295482,874950,814002,Bureau / Entreprise,1.9,0.25,Oujda,60000,34.68596002411728,-1.8913325048286342
9030365,6.86,0015-08-14 10:27:08,0015-08-14 13:49:07,10,13,3.366388889,Vendredi,ios,28.5290954,33295482,874950,814002,Bureau / Entreprise,2.13,14.61,Oujda,60000,34.69583345557273,-1.9380271656724073
6352539,6.8,0015-08-17 10:41:48,0015-08-17 14:03:06,10,14,3.355,Lundi,ios,28.5290954,33295482,874950,814002,Bureau / Entreprise,3.43,23.32,Oujda,60000,34.713731863155175,-1.8965487617952097
8622973,6.8,0015-08-18 10:26:08,0015-08-18 13:01:08,10,13,2.583333333,Mardi,ios,28.5290954,33295482,874950,814002,Bureau / Entreprise,3.44,23.39,Oujda,60000,34.6927390639929,-1.8903488345606743
2623134,6.92,0015-08-19 10:21:41,0015-08-19 13:03:12,10,13,2.691944444,Mercredi,ios,28.5290954,33295482,874950,814002,Bureau / Entreprise,2.08,14.39,Oujda,60000,34.7013156349706,-1.9242318974525012
4883695,5.57,0015-04-28 16:25:17,0015-04-28 17:28:05,16,17,1.046666667,Mardi,android,,94947534,871619,125372,Bureau / Entreprise,2.89,16.1,Casablanca,20000,33.573475963569706,-7.581373163560405
3872911,6.79,0015-04-28 16:32:03,0015-04-28 18:59:06,16,18,2.450833333,Mardi,android,,94947534,474204,481066,Bureau / Entreprise,2.48,16.84,Agadir,80000,30.43584624188258,-9.609250276169782
1848005,6.81,0015-04-29 16:07:51,0015-04-29 19:25:11,16,19,3.288888889,Mercredi,android,,94947534,474204,481066,Bureau / Entreprise,2.65,18.05,Agadir,80000,30.40205593296803,-9.570621736011054
8991404,6.49,0015-04-30 17:17:20,0015-04-30 20:58:06,17,20,3.679444444,Jeudi,android,,94947534,474204,481066,Bureau / Entreprise,1.98,12.85,Agadir,80000,30.413063494850512,-9.62609458565387
4895752,4.87,0015-05-04 19:34:48,0015-05-04 21:09:07,19,21,1.571944444,Lundi,android,,94947534,474204,481066,Bureau / Entreprise,2.25,10.96,Agadir,80000,30.41951118559231,-9.593312429370023
5273588,7.08,0015-05-05 15:17:09,0015-05-05 15:35:12,15,15,0.300833333,Mardi,android,,94947534,445920,125372,Bureau / Entreprise,3.13,22.16,Agadir,80000,30.42614960130039,-9.61810978717703
9259544,6.43,0015-05-05 17:47:32,0015-05-05 21:13:06,17,21,3.426111111,Mardi,android,,94947534,474204,481066,Bureau / Entreprise,2.29,14.72,Agadir,80000,30.400538924730146,-9.58536678768937
9967241,6.66,0015-05-06 15:36:46,0015-05-06 18:31:06,15,18,2.905555556,Mercredi,android,,94947534,474204,481066,Bureau / Entreprise,1.73,11.52,Agadir,80000,30.4062014458532,-9.617546582994882
5277013,6.81,0015-05-07 18:44:05,0015-05-07 21:12:07,18,21,2.467222222,Jeudi,android,,94947534,474204,481066,Bureau / Entreprise,2.63,17.91,Agadir,80000,30.41440885846748,-9.613977004286099
6508738,6.63,0015-05-08 18:48:19,0015-05-08 21:10:09,18,21,2.363888889,Vendredi,android,,94947534,474204,481066,Bureau / Entreprise,2.68,17.77,Agadir,80000,30.456091961454064,-9.598437751337254
3480862,6.53,0015-05-11 15:39:56,0015-05-11 19:25:13,15,19,3.754722222,Lundi,android,,94947534,474204,481066,Bureau / Entreprise,2.59,16.91,Agadir,80000,30.417680820426185,-9.573209903000189
7393162,4.95,0015-05-12 19:22:06,0015-05-12 20:55:08,19,20,1.550555556,Mardi,android,,94947534,474204,481066,Bureau / Entreprise,2.86,14.16,Agadir,80000,30.426722463486726,-9.615397137671122
8556176,6.54,0015-05-13 15:43:38,0015-05-13 19:31:07,15,19,3.791388889,Mercredi,android,,94947534,474204,481066,Bureau / Entreprise,2.6,17.0,Agadir,80000,30.409565862764303,-9.619445598732915
4545810,6.26,0015-05-14 17:07:05,0015-05-14 19:34:06,17,19,2.450277778,Jeudi,android,,94947534,474204,481066,Bureau / Entreprise,3.41,21.35,Agadir,80000,30.434446804264546,-9.582561390088758
1353688,6.61,0015-05-18 15:40:27,0015-05-18 19:21:07,15,19,3.677777778,Lundi,android,,94947534,474204,481066,Bureau / Entreprise,2.42,16.0,Agadir,80000,30.41464099293096,-9.598062828059964
7263665,6.26,0015-05-19 15:00:05,0015-05-19 17:25:08,15,17,2.4175,Mardi,android,,94947534,474204,481066,Bureau / Entreprise,2.92,18.28,Agadir,80000,30.410219554706305,-9.573392893257095
4800962,6.51,0015-05-21 18:05:45,0015-05-21 20:44:07,18,20,2.639444444,Jeudi,android,,94947534,474204,481066,Bureau / Entreprise,2.38,15.49,Agadir,80000,30.42879435770676,-9.61930312657041
5749267,6.53,0015-05-22 13:31:40,0015-05-22 16:57:06,13,16,3.423888889,Vendredi,android,,94947534,474204,481066,Bureau / Entreprise,2.08,13.58,Agadir,80000,30.398130347949625,-9.589344326418619
7256856,6.47,0015-05-26 16:13:22,0015-05-26 20:56:06,16,20,4.712222222,Mardi,android,,94947534,474204,481066,Bureau / Entreprise,2.89,18.7,Agadir,80000,30.398259841958954,-9.614127251230892
3761789,4.85,0015-05-28 19:50:02,0015-05-28 21:23:06,19,21,1.551111111,Jeudi,android,,94947534,474204,481066,Bureau / Entreprise,3.14,15.23,Agadir,80000,30.410944128546113,-9.618694374280903
1388465,6.6,0015-05-29 16:13:38,0015-05-29 20:17:15,16,20,4.060277778,Vendredi,android,,94947534,474204,481066,Bureau / Entreprise,3.09,20.39,Agadir,80000,30.40000328175005,-9.587094235090564
8646261,4.59,0015-06-01 19:44:50,0015-06-01 21:12:05,19,21,1.454166667,Lundi,android,,94947534,474204,481066,Bureau / Entreprise,2.32,10.65,Agadir,80000,30.404281545247844,-9.592478922805476
4700323,6.57,0015-06-02 16:44:48,0015-06-02 19:27:06,16,19,2.705,Mardi,android,,94947534,474204,481066,Bureau / Entreprise,2.5,16.42,Agadir,80000,30.418131638960325,-9.58281035249826
8061118,6.12,0015-06-08 16:24:09,0015-06-08 18:55:09,16,18,2.516666667,Lundi,android,,94947534,871619,125372,Bureau / Entreprise,2.77,16.95,Casablanca,20000,33.591255140774784,-7.60123224541323
9359975,6.05,0015-06-09 16:40:51,0015-06-09 20:39:06,16,20,3.970833333,Mardi,android,,94947534,445920,125372,Bureau / Entreprise,1.98,11.98,Agadir,80000,30.432122918602158,-9.601221700617069
6336729,6.24,0015-06-10 16:42:42,0015-06-10 20:30:18,16,20,3.793333333,Mercredi,android,,94947534,445920,125372,Bureau / Entreprise,2.82,17.6,Agadir,80000,30.428560063557388,-9.603771699420175
2428173,6.44,0015-06-11 16:51:12,0015-06-11 20:52:06,16,20,4.015,Jeudi,android,,94947534,445920,125372,Bureau / Entreprise,2.93,18.87,Agadir,80000,30.41540932939249,-9.56905463216201
5082184,6.56,0015-06-15 16:51:09,0015-06-15 21:03:06,16,21,4.199166667,Lundi,android,,94947534,445920,125372,Bureau / Entreprise,3.08,20.2,Agadir,80000,30.45370522316597,-9.610565062595636
6408392,6.14,0015-06-16 16:35:32,0015-06-16 20:10:14,16,20,3.578333333,Mardi,android,,94947534,871619,125372,Bureau / Entreprise,1.65,10.13,Casablanca,20000,33.56692090247423,-7.602110965699194
4047522,5.58,0015-06-17 19:35:27,0015-06-17 21:21:06,19,21,1.760833333,Mercredi,android,,94947534,871619,125372,Bureau / Entreprise,3.48,19.42,Casablanca,20000,33.54832556600774,-7.598527107470284
5405448,6.6,0015-06-18 16:44:12,0015-06-18 20:27:05,16,20,3.714722222,Jeudi,android,,94947534,474204,481066,Bureau / Entreprise,2.46,16.24,Agadir,80000,30.434823990967068,-9.59422435512258
3703503,6.56,0015-06-19 16:51:01,0015-06-19 19:55:09,16,19,3.068888889,Vendredi,android,,94947534,445920,125372,Bureau / Entreprise,2.3,15.09,Agadir,80000,30.4046303036086,-9.612960635344177
8109595,6.54,0015-06-22 16:47:39,0015-06-22 20:56:06,16,20,4.140833333,Lundi,android,,94947534,445920,125372,Bureau / Entreprise,2.51,16.42,Agadir,80000,30.4185133885681,-9.573182603577244
2634493,6.54,0015-06-23 15:02:37,0015-06-23 19:12:05,15,19,4.157777778,Mardi,android,,94947534,474204,481066,Bureau / Entreprise,3.34,21.84,Agadir,80000,30.42824471632307,-9.612158866108025
2749764,6.3,0015-06-24 17:14:53,0015-06-24 21:18:05,17,21,4.053333333,Mercredi,android,,94947534,445920,125372,Bureau / Entreprise,2.88,18.14,Agadir,80000,30.450253351481113,-9.574351056106389
5467908,6.51,0015-06-25 15:04:22,0015-06-25 17:31:05,15,17,2.445277778,Jeudi,android,,94947534,445920,125372,Bureau / Entreprise,2.59,16.86,Agadir,80000,30.42741279482041,-9.621891496181206
6226264,6.5,0015-06-29 15:38:14,0015-06-29 19:33:06,15,19,3.914444444,Lundi,android,,94947534,445920,125372,Bureau / Entreprise,3.08,20.02,Agadir,80000,30.4399355259619,-9.588706237856021
2599344,6.49,0015-07-21 18:33:23,0015-07-21 20:43:06,18,20,2.161944444,Mardi,android,,94947534,871619,125372,Bureau / Entreprise,2.22,14.41,Casablanca,20000,33.60266901033994,-7.565380868893706
7590640,6.41,0015-07-22 19:20:05,0015-07-22 21:21:05,19,21,2.016666667,Mercredi,android,,94947534,474204,481066,Bureau / Entreprise,3.29,21.09,Agadir,80000,30.40568934719388,-9.617975033696107
8193051,6.38,0015-07-23 18:54:09,0015-07-23 22:15:12,18,22,3.350833333,Jeudi,android,,94947534,474204,481066,Bureau / Entreprise,2.57,16.4,Agadir,80000,30.414283891531174,-9.570000382394046
8556258,6.49,0015-07-24 16:21:23,0015-07-24 19:58:06,16,19,3.611944444,Vendredi,android,,94947534,445920,125372,Bureau / Entreprise,2.78,18.04,Agadir,80000,30.42147456453586,-9.60092699837507
8505391,0.55,0015-07-27 16:16:47,0015-07-27 16:29:06,16,16,0.205277778,Lundi,android,,94947534,474204,481066,Bureau / Entreprise,1.67,0.92,Agadir,80000,30.42310969071233,-9.571357093493539
3195261,5.7,0015-04-27 15:07:54,0015-04-27 17:58:06,15,17,2.836666667,Lundi,ios,19.645561,87444027,200695,202527,Parking public,3.04,17.33,Meknès,50000,33.88816126451594,-5.536690797382197
1274740,0.42,0015-05-16 22:16:21,0015-05-16 22:25:08,22,22,0.146388889,Samedi,ios,15.5654486,87444027,875343,747048,Université / Campus,2.82,1.18,Marrakech,40000,31.653956660153394,-7.993004787807586
8928778,1.71,0015-08-27 17:42:36,0015-08-27 18:16:07,17,18,0.558611111,Jeudi,ios,20.1905288,87444027,944515,976902,Parking public,2.21,3.78,Rabat,10000,34.03374195866801,-6.860301848504974
9008916,5.06,0015-09-07 16:06:05,0015-09-07 17:43:07,16,17,1.617222222,Lundi,ios,15.5654486,87444027,875343,747048,Université / Campus,2.79,14.12,Marrakech,40000,31.63597431284544,-7.992875897226494
8771651,7.07,0015-09-09 17:44:58,0015-09-09 20:48:06,17,20,3.052222222,Mercredi,ios,19.645561,87444027,260781,202527,Parking public,1.59,11.24,Oujda,60000,34.67526236307177,-1.9358189554442395
5002060,5.6,0015-09-10 10:48:46,0015-09-10 14:31:08,10,14,3.706111111,Jeudi,ios,19.645561,87444027,672450,202527,Parking public,3.47,19.43,Oujda,60000,34.70612742305328,-1.9327679220194003
2204550,1.31,0015-09-12 13:46:56,0015-09-12 14:12:08,13,14,0.42,Samedi,ios,17.8720854,87444027,451479,648339,Bureau / Entreprise,2.85,3.73,Rabat,10000,34.048203630689095,-6.865320373579211
9863673,3.63,0015-09-22 11:52:09,0015-09-22 13:00:14,11,13,1.134722222,Mardi,ios,17.8720854,87444027,787792,648339,Bureau / Entreprise,2.3,8.35,Marrakech,40000,31.648771896953015,-7.985723387375506
3993562,5.99,0015-09-29 22:33:11,0015-09-30 02:30:07,22,2,3.948888889,Mardi,ios,17.8720854,87444027,787792,648339,Bureau / Entreprise,3.01,18.03,Marrakech,40000,31.599593906311487,-7.963365297424544
1552160,4.89,0015-10-01 19:27:28,0015-10-01 20:57:08,19,20,1.494444444,Jeudi,ios,17.8720854,87444027,451479,648339,Bureau / Entreprise,3.43,16.77,Rabat,10000,34.029084082211,-6.863116986747019
5696645,4.46,0015-04-28 14:35:04,0015-04-28 16:29:05,14,16,1.900277778,Mardi,ios,30.4131802,50725917,474204,481066,Bureau / Entreprise,2.36,10.53,Agadir,80000,30.40086812288653,-9.620280774009661
8544265,6.34,0015-04-29 10:52:36,0015-04-29 13:03:10,10,13,2.176111111,Mercredi,ios,30.4131802,50725917,474204,481066,Bureau / Entreprise,1.52,9.64,Agadir,80000,30.413256433220024,-9.58949426302896
2269189,6.77,0015-04-30 10:48:19,0015-04-30 13:05:08,10,13,2.280277778,Jeudi,ios,30.4131802,50725917,474204,481066,Bureau / Entreprise,2.02,13.68,Agadir,80000,30.401371482020867,-9.616269021081916
1794355,3.61,0015-05-01 18:07:03,0015-05-01 19:18:06,18,19,1.184166667,Vendredi,ios,30.4131802,50725917,474204,481066,Bureau / Entreprise,2.52,9.1,Agadir,80000,30.434027727176964,-9.622243397713461
1516577,5.51,0015-05-04 10:59:39,0015-05-04 12:54:09,10,12,1.908333333,Lundi,ios,30.4131802,50725917,474204,481066,Bureau / Entreprise,2.54,14.0,Agadir,80000,30.438995394809556,-9.618089085307666
6536149,5.58,0015-05-05 11:16:49,0015-05-05 14:06:06,11,14,2.821388889,Mardi,ios,30.4131802,50725917,474204,481066,Bureau / Entreprise,2.66,14.84,Agadir,80000,30.404669258283956,-9.572676116247393
6815375,6.58,0015-05-06 10:47:30,0015-05-06 13:00:09,10,13,2.210833333,Mercredi,ios,30.4131802,50725917,474204,481066,Bureau / Entreprise,2.65,17.44,Agadir,80000,30.4208303329827,-9.578811724833429
3395055,6.68,0015-05-07 10:49:44,0015-05-07 13:06:07,10,13,2.273055556,Jeudi,ios,30.4131802,50725917,474204,481066,Bureau / Entreprise,2.39,15.97,Agadir,80000,30.425174190537334,-9.606856126258695
7152935,6.52,0015-05-08 10:54:13,0015-05-08 13:08:06,10,13,2.231388889,Vendredi,ios,30.4131802,50725917,474204,481066,Bureau / Entreprise,2.28,14.87,Agadir,80000,30.419943181305655,-9.588750753960356
1294194,6.29,0015-05-11 11:03:01,0015-05-11 13:10:09,11,13,2.118888889,Lundi,ios,30.4131802,50725917,474204,481066,Bureau / Entreprise,3.04,19.12,Agadir,80000,30.405061500029113,-9.595863459579919
1150884,6.78,0015-05-12 13:39:43,0015-05-12 16:00:12,13,16,2.341388889,Mardi,ios,30.4131802,50725917,474204,481066,Bureau / Entreprise,2.68,18.17,Agadir,80000,30.42293686741125,-9.587472544191046
2895477,6.13,0015-05-13 11:03:48,0015-05-13 13:06:06,11,13,2.038333333,Mercredi,ios,30.4131802,50725917,474204,481066,Bureau / Entreprise,2.5,15.32,Agadir,80000,30.442870682868506,-9.587139730852234
6751760,7.44,0015-05-14 10:53:33,0015-05-14 13:25:07,10,13,2.526111111,Jeudi,ios,30.4131802,50725917,474204,481066,Bureau / Entreprise,2.19,16.29,Agadir,80000,30.402060459871997,-9.5903759590964
3029012,6.43,0015-05-18 11:04:30,0015-05-18 13:24:05,11,13,2.326388889,Lundi,ios,30.4131802,50725917,474204,481066,Bureau / Entreprise,1.55,9.97,Agadir,80000,30.402610800844915,-9.612133917887762
1120310,6.35,0015-05-19 11:18:18,0015-05-19 14:00:08,11,14,2.697222222,Mardi,ios,30.4131802,50725917,474204,481066,Bureau / Entreprise,1.71,10.86,Agadir,80000,30.41908627751016,-9.625759614754232
3753920,6.49,0015-05-20 11:05:24,0015-05-20 13:46:06,11,13,2.678333333,Mercredi,ios,30.4131802,50725917,474204,481066,Bureau / Entreprise,2.33,15.12,Agadir,80000,30.454303542697136,-9.600765993080595
8633701,6.42,0015-05-22 10:16:53,0015-05-22 12:59:07,10,12,2.703888889,Vendredi,ios,30.4131802,50725917,474204,481066,Bureau / Entreprise,3.42,21.96,Agadir,80000,30.437914358803376,-9.574641566918558
7269772,6.47,0015-05-26 11:17:29,0015-05-26 15:21:06,11,15,4.060277778,Mardi,ios,30.4131802,50725917,474204,481066,Bureau / Entreprise,1.73,11.19,Agadir,80000,30.438520197400354,-9.593930164488887
9126793,6.93,0015-05-27 11:00:13,0015-05-27 13:23:06,11,13,2.381388889,Mercredi,ios,30.4131802,50725917,474204,481066,Bureau / Entreprise,3.38,23.42,Agadir,80000,30.419515199450274,-9.578156537497886
4051090,3.67,0015-05-28 13:33:18,0015-05-28 16:36:05,13,16,3.046388889,Jeudi,ios,30.4131802,50725917,474204,481066,Bureau / Entreprise,1.78,6.53,Agadir,80000,30.433419647472512,-9.568602539422328
9544466,4.16,0015-05-29 13:44:46,0015-05-29 15:05:12,13,15,1.340555556,Vendredi,ios,30.4131802,50725917,474204,481066,Bureau / Entreprise,2.12,8.82,Agadir,80000,30.398407871041666,-9.618283027751703
3531598,7.11,0015-06-01 11:02:02,0015-06-01 13:34:04,11,13,2.533888889,Lundi,ios,30.4131802,50725917,474204,481066,Bureau / Entreprise,2.41,17.14,Agadir,80000,30.435965762784573,-9.586593341651481
8532980,6.34,0015-06-02 13:39:41,0015-06-02 15:54:05,13,15,2.24,Mardi,ios,30.4131802,50725917,474204,481066,Bureau / Entreprise,1.91,12.11,Agadir,80000,30.452597216854574,-9.587642385577999
3261354,6.88,0015-06-03 11:08:40,0015-06-03 13:27:06,11,13,2.307222222,Mercredi,ios,30.4131802,50725917,474204,481066,Bureau / Entreprise,2.47,16.99,Agadir,80000,30.43455440810069,-9.569302673158504
9867998,6.92,0015-06-05 10:59:48,0015-06-05 13:21:06,10,13,2.355,Vendredi,ios,30.4131802,50725917,474204,481066,Bureau / Entreprise,2.45,16.95,Agadir,80000,30.450221915607983,-9.568963955962833
5584660,6.2,0015-06-08 11:13:57,0015-06-08 13:30:06,11,13,2.269166667,Lundi,ios,30.4131802,50725917,474204,481066,Bureau / Entreprise,2.38,14.76,Agadir,80000,30.441238383327967,-9.586899283296553
7260639,6.12,0015-06-09 11:06:25,0015-06-09 13:13:06,11,13,2.111388889,Mardi,ios,30.4131802,50725917,474204,481066,Bureau / Entreprise,2.89,17.69,Agadir,80000,30.40503350498422,-9.613483112481068
4709494,6.44,0015-06-11 13:22:31,0015-06-11 16:34:06,13,16,3.193055556,Jeudi,ios,30.4131802,50725917,474204,481066,Bureau / Entreprise,2.14,13.78,Agadir,80000,30.451947198437153,-9.580186649712164
6848231,6.21,0015-06-15 11:06:45,0015-06-15 13:18:14,11,13,2.191388889,Lundi,ios,30.4131802,50725917,474204,481066,Bureau / Entreprise,2.1,13.04,Agadir,80000,30.40178663066135,-9.621678251947339
3270653,5.89,0015-06-16 13:28:37,0015-06-16 15:54:07,13,15,2.425,Mardi,ios,30.4131802,50725917,474204,481066,Bureau / Entreprise,3.12,18.38,Agadir,80000,30.429838048352867,-9.581258041749702
2635979,0.96,0015-06-16 16:54:16,0015-06-16 17:59:11,16,17,1.081944444,Mardi,ios,30.4131802,50725917,474204,481066,Bureau / Entreprise,1.73,1.66,Agadir,80000,30.406328227427608,-9.573488232551318
3521956,6.51,0015-06-17 11:06:53,0015-06-17 13:22:06,11,13,2.253611111,Mercredi,ios,30.4131802,50725917,474204,481066,Bureau / Entreprise,3.2,20.83,Agadir,80000,30.398502396643856,-9.605129996313895
3718749,6.57,0015-06-18 13:24:26,0015-06-18 16:36:05,13,16,3.194166667,Jeudi,ios,30.4131802,50725917,474204,481066,Bureau / Entreprise,2.8,18.4,Agadir,80000,30.42312205560766,-9.590261882301016
6829189,6.57,0015-06-19 13:34:17,0015-06-19 17:30:09,13,17,3.931111111,Vendredi,ios,30.4131802,50725917,474204,481066,Bureau / Entreprise,2.85,18.72,Agadir,80000,30.41550244245925,-9.602291436074191
1685453,6.39,0015-06-22 11:13:19,0015-06-22 13:36:06,11,13,2.379722222,Lundi,ios,30.4131802,50725917,474204,481066,Bureau / Entreprise,1.83,11.69,Agadir,80000,30.426960029627857,-9.601834096700713
1842361,6.03,0015-06-23 11:21:13,0015-06-23 15:02:06,11,15,3.681388889,Mardi,ios,30.4131802,50725917,474204,481066,Bureau / Entreprise,3.47,20.92,Agadir,80000,30.432431993204073,-9.609477746653514
8988443,6.37,0015-06-24 11:13:38,0015-06-24 14:37:06,11,14,3.391111111,Mercredi,ios,30.4131802,50725917,474204,481066,Bureau / Entreprise,1.99,12.68,Agadir,80000,30.40042434433854,-9.582372222772982
3896239,6.18,0015-06-25 11:15:39,0015-06-25 13:25:07,11,13,2.157777778,Jeudi,ios,30.4131802,50725917,474204,481066,Bureau / Entreprise,1.85,11.43,Agadir,80000,30.405180197707427,-9.57192940615001
5713485,6.47,0015-06-26 10:59:46,0015-06-26 15:10:08,10,15,4.172777778,Vendredi,ios,30.4131802,50725917,474204,481066,Bureau / Entreprise,1.82,11.78,Agadir,80000,30.431318543787025,-9.571654948445932
3929317,6.18,0015-06-29 11:21:14,0015-06-29 13:25:15,11,13,2.066944444,Lundi,ios,30.4131802,50725917,474204,481066,Bureau / Entreprise,2.62,16.19,Agadir,80000,30.41839004119036,-9.617613122907505
9547401,6.5,0015-06-30 13:32:42,0015-06-30 16:16:05,13,16,2.723055556,Mardi,ios,30.4131802,50725917,474204,481066,Bureau / Entreprise,3.42,22.23,Agadir,80000,30.44155040925297,-9.575615381020606
5788799,5.79,0015-07-01 13:18:53,0015-07-01 16:03:05,13,16,2.736666667,Mercredi,ios,30.4131802,50725917,474204,481066,Bureau / Entreprise,1.96,11.35,Agadir,80000,30.43693749891552,-9.583854113514374
5292902,6.37,0015-07-02 14:03:29,0015-07-02 18:37:05,14,18,4.56,Jeudi,ios,30.4131802,50725917,474204,481066,Bureau / Entreprise,2.31,14.71,Agadir,80000,30.448536261779395,-9.612929755958584
1620464,6.39,0015-07-06 11:22:23,0015-07-06 13:36:05,11,13,2.228333333,Lundi,ios,30.4131802,50725917,474204,481066,Bureau / Entreprise,1.87,11.95,Agadir,80000,30.439349569600154,-9.62406292322471
2061371,6.0,0015-07-07 13:33:58,0015-07-07 16:33:05,13,16,2.985277778,Mardi,ios,30.4131802,50725917,474204,481066,Bureau / Entreprise,2.78,16.68,Agadir,80000,30.42359586464341,-9.612020163986937
2046678,6.42,0015-07-08 13:27:44,0015-07-08 16:44:05,13,16,3.2725,Mercredi,ios,30.4131802,50725917,474204,481066,Bureau / Entreprise,2.36,15.15,Agadir,80000,30.43817799734367,-9.57336750579311
6792157,6.69,0015-07-09 10:54:12,0015-07-09 14:17:06,10,14,3.381666667,Jeudi,ios,30.4131802,50725917,474204,481066,Bureau / Entreprise,1.56,10.44,Agadir,80000,30.414322870455326,-9.590109279506255
1046325,6.91,0015-07-10 14:53:01,0015-07-10 17:36:05,14,17,2.717777778,Vendredi,ios,30.4131802,50725917,474204,481066,Bureau / Entreprise,2.73,18.86,Agadir,80000,30.416178809926695,-9.584836720346129
6404070,1.43,0015-07-13 13:37:32,0015-07-13 14:07:06,13,14,0.492777778,Lundi,ios,30.4131802,50725917,474204,481066,Bureau / Entreprise,1.89,2.7,Agadir,80000,30.44513910959525,-9.612670858933456
1277556,4.72,0015-07-13 16:25:12,0015-07-13 18:52:06,16,18,2.448333333,Lundi,ios,30.4131802,50725917,474204,481066,Bureau / Entreprise,2.68,12.65,Agadir,80000,30.424585170984095,-9.584936710665511
9315675,6.43,0015-07-14 13:50:00,0015-07-14 17:17:04,13,17,3.451111111,Mardi,ios,30.4131802,50725917,474204,481066,Bureau / Entreprise,2.28,14.66,Agadir,80000,30.4457028204311,-9.626412709623326
4651203,6.27,0015-07-15 11:18:51,0015-07-15 13:36:07,11,13,2.287777778,Mercredi,ios,30.4131802,50725917,474204,481066,Bureau / Entreprise,2.91,18.25,Agadir,80000,30.447145342420097,-9.60558071925362
4998784,6.52,0015-07-16 11:13:15,0015-07-16 13:59:07,11,13,2.764444444,Jeudi,ios,30.4131802,50725917,474204,481066,Bureau / Entreprise,1.91,12.45,Agadir,80000,30.449253740259678,-9.59049479908746
1742223,6.67,0015-07-17 14:23:30,0015-07-17 17:05:07,14,17,2.693611111,Vendredi,ios,30.4131802,50725917,474204,481066,Bureau / Entreprise,3.0,20.01,Agadir,80000,30.452798114150475,-9.61933420606752
3736365,6.18,0015-07-20 11:26:18,0015-07-20 13:53:06,11,13,2.446666667,Lundi,ios,30.4131802,50725917,474204,481066,Bureau / Entreprise,3.12,19.28,Agadir,80000,30.423659113230798,-9.578719785533185
7880169,4.82,0015-07-21 16:47:56,0015-07-21 18:23:06,16,18,1.586111111,Mardi,ios,30.4131802,50725917,474204,481066,Bureau / Entreprise,1.63,7.86,Agadir,80000,30.41693200909927,-9.613998122071285
3593957,5.95,0015-07-22 16:59:57,0015-07-22 19:15:08,16,19,2.253055556,Mercredi,ios,30.4131802,50725917,474204,481066,Bureau / Entreprise,1.7,10.12,Agadir,80000,30.432731924795647,-9.588963133230894
8903367,6.4,0015-07-23 11:34:24,0015-07-23 15:13:06,11,15,3.645,Jeudi,ios,30.4131802,50725917,474204,481066,Bureau / Entreprise,3.24,20.74,Agadir,80000,30.42007034540626,-9.603788171445482
3487607,1.04,0015-08-03 16:11:05,0015-08-03 17:06:06,16,17,0.916944444,Lundi,ios,30.4131802,50725917,260408,481066,Bureau / Entreprise,1.87,1.94,Casablanca,20000,33.57916445000801,-7.584037384271341
7072403,6.41,0015-08-04 11:16:14,0015-08-04 14:39:07,11,14,3.381388889,Mardi,ios,30.4131802,50725917,260408,481066,Bureau / Entreprise,2.15,13.78,Casablanca,20000,33.585435151758624,-7.613352966842266
3244109,6.35,0015-08-05 11:21:41,0015-08-05 13:54:07,11,13,2.540555556,Mercredi,ios,30.4131802,50725917,474204,481066,Bureau / Entreprise,2.42,15.37,Agadir,80000,30.43910430110953,-9.627085232004704
3676930,6.78,0015-08-06 11:21:30,0015-08-06 15:23:07,11,15,4.026944444,Jeudi,ios,30.4131802,50725917,474204,481066,Bureau / Entreprise,2.02,13.7,Agadir,80000,30.420273173221208,-9.573526134357182
2740784,6.31,0015-08-07 11:19:31,0015-08-07 13:46:07,11,13,2.443333333,Vendredi,ios,30.4131802,50725917,474204,481066,Bureau / Entreprise,3.23,20.38,Agadir,80000,30.407811612101927,-9.61192219947397
4359972,6.11,0015-08-10 11:15:01,0015-08-10 14:34:08,11,14,3.318611111,Lundi,ios,30.4131802,50725917,474204,481066,Bureau / Entreprise,2.56,15.64,Agadir,80000,30.423631760307735,-9.578919379833174
3899037,6.31,0015-08-11 12:00:09,0015-08-11 15:23:07,12,15,3.382777778,Mardi,ios,30.4131802,50725917,474204,481066,Bureau / Entreprise,2.78,17.54,Agadir,80000,30.406355648644915,-9.568138981971668
4864180,6.15,0015-08-12 12:09:09,0015-08-12 15:27:07,12,15,3.299444444,Mercredi,ios,30.4131802,50725917,474204,481066,Bureau / Entreprise,2.69,16.54,Agadir,80000,30.45120582211103,-9.615414124520067
5378215,6.57,0015-08-13 12:05:19,0015-08-13 15:02:06,12,15,2.946388889,Jeudi,ios,30.4131802,50725917,474204,481066,Bureau / Entreprise,2.72,17.87,Agadir,80000,30.418552647644272,-9.612189755528998
3985319,6.46,0015-09-02 12:57:07,0015-09-02 15:11:08,12,15,2.233611111,Mercredi,ios,30.4131802,50725917,191826,481066,Bureau / Entreprise,2.67,17.25,Meknès,50000,33.872767584833404,-5.53752841274192
1620225,6.06,0015-09-03 11:34:47,0015-09-03 13:57:06,11,13,2.371944444,Jeudi,ios,30.4131802,50725917,260408,481066,Bureau / Entreprise,2.2,13.33,Casablanca,20000,33.54462686559434,-7.561873081923963
7390304,5.94,0015-09-04 11:33:58,0015-09-04 13:38:10,11,13,2.07,Vendredi,ios,30.4131802,50725917,474204,481066,Bureau / Entreprise,3.19,18.95,Agadir,80000,30.43654934317719,-9.573151139108555
2865240,6.04,0015-09-08 15:39:37,0015-09-08 17:38:09,15,17,1.975555556,Mardi,ios,30.4131802,50725917,191826,481066,Bureau / Entreprise,2.73,16.49,Meknès,50000,33.901714139047286,-5.547127468796065
1956282,6.25,0015-09-09 11:17:24,0015-09-09 15:05:16,11,15,3.797777778,Mercredi,ios,30.4131802,50725917,562656,481066,Bureau / Entreprise,3.13,19.56,Marrakech,40000,31.61993624999488,-7.9633933830483965
5774976,6.45,0015-09-10 11:26:38,0015-09-10 15:12:06,11,15,3.757777778,Jeudi,ios,30.4131802,50725917,474204,481066,Bureau / Entreprise,2.91,18.77,Agadir,80000,30.402102713330862,-9.619955248814007
8778804,2.48,0015-09-10 18:15:45,0015-09-10 19:20:09,18,19,1.073333333,Jeudi,ios,30.4131802,50725917,474204,481066,Bureau / Entreprise,2.09,5.18,Agadir,80000,30.422377733693715,-9.56945370894776
6523262,5.85,0015-09-11 11:57:14,0015-09-11 14:58:10,11,14,3.015555556,Vendredi,ios,30.4131802,50725917,474204,481066,Bureau / Entreprise,2.73,15.97,Agadir,80000,30.416473049703804,-9.57023880595784
1782986,6.47,0015-09-14 11:09:56,0015-09-14 15:12:10,11,15,4.037222222,Lundi,ios,30.4131802,50725917,562656,481066,Bureau / Entreprise,1.67,10.8,Marrakech,40000,31.6401272383841,-8.001276262527249
7458544,6.15,0015-09-15 11:22:30,0015-09-15 15:00:09,11,15,3.6275,Mardi,ios,30.4131802,50725917,474204,481066,Bureau / Entreprise,1.77,10.89,Agadir,80000,30.434146754967163,-9.610134612511814
5353923,6.47,0015-09-16 11:08:43,0015-09-16 15:02:09,11,15,3.890555556,Mercredi,ios,30.4131802,50725917,562656,481066,Bureau / Entreprise,1.74,11.26,Marrakech,40000,31.621375623691854,-8.005090700149594
9845955,5.74,0015-09-18 11:29:32,0015-09-18 13:58:09,11,13,2.476944444,Vendredi,ios,30.4131802,50725917,474204,481066,Bureau / Entreprise,2.11,12.11,Agadir,80000,30.4108735532553,-9.61179694406611
1265967,6.54,0015-09-21 11:11:22,0015-09-21 14:58:09,11,14,3.779722222,Lundi,ios,30.4131802,50725917,562656,481066,Bureau / Entreprise,1.87,12.23,Marrakech,40000,31.658782157969334,-7.962142652635087
1691931,6.56,0015-09-22 11:17:31,0015-09-22 14:21:10,11,14,3.060833333,Mardi,ios,30.4131802,50725917,562656,481066,Bureau / Entreprise,2.89,18.96,Marrakech,40000,31.626740097271767,-7.988401063570084
1350742,6.54,0015-09-23 13:19:50,0015-09-23 16:50:10,13,16,3.505555556,Mercredi,ios,30.4131802,50725917,474204,481066,Bureau / Entreprise,2.52,16.48,Agadir,80000,30.439096454146817,-9.622796181971195
7261937,6.05,0015-09-24 12:02:08,0015-09-24 13:56:09,12,13,1.900277778,Jeudi,ios,30.4131802,50725917,474204,481066,Bureau / Entreprise,2.34,14.16,Agadir,80000,30.406233178054702,-9.607566468513266
1672379,0.06,0015-09-24 18:05:38,0015-09-24 19:08:09,18,19,1.041944444,Jeudi,ios,30.4131802,50725917,474204,481066,Bureau / Entreprise,1.78,0.11,Agadir,80000,30.426935381979565,-9.569216999945525
7892486,6.54,0015-09-25 11:27:21,0015-09-25 15:08:07,11,15,3.679444444,Vendredi,ios,30.4131802,50725917,191826,481066,Bureau / Entreprise,2.27,14.85,Meknès,50000,33.865152203192174,-5.539518984284448
3353065,0.0,0015-09-28 11:32:51,0015-09-28 11:34:07,11,11,0.021111111,Lundi,ios,,50725917,191826,481066,Bureau / Entreprise,1.87,0.0,Meknès,50000,33.89382730707463,-5.552330343215631
3812253,0.0,0015-09-28 15:09:31,0015-09-28 15:11:07,15,15,0.026666667,Lundi,ios,,50725917,191826,481066,Bureau / Entreprise,2.77,0.0,Meknès,50000,33.921341044427066,-5.567307689190164
2445254,0.0,0015-09-28 15:11:51,0015-09-28 15:13:08,15,15,0.021388889,Lundi,ios,,50725917,474204,481066,Bureau / Entreprise,2.89,0.0,Agadir,80000,30.42085240277915,-9.568929392162978
9891222,0.0,0015-09-28 15:13:38,0015-09-28 15:15:10,15,15,0.025555556,Lundi,ios,,50725917,474204,481066,Bureau / Entreprise,2.79,0.0,Agadir,80000,30.400139760754495,-9.578849059444213
8050206,0.0,0015-09-28 15:31:06,0015-09-28 15:32:06,15,15,0.016666667,Lundi,ios,,50725917,474204,481066,Bureau / Entreprise,3.5,0.0,Agadir,80000,30.39965734745516,-9.611211361852945
6512494,0.0,0015-09-28 15:33:56,0015-09-28 15:35:10,15,15,0.020555556,Lundi,ios,,50725917,474204,481066,Bureau / Entreprise,2.61,0.0,Agadir,80000,30.421079205596815,-9.623895878256729
5977588,0.0,0015-09-28 15:41:08,0015-09-28 15:42:06,15,15,0.016111111,Lundi,ios,,50725917,260408,481066,Bureau / Entreprise,2.48,0.0,Casablanca,20000,33.55270149618779,-7.616402466557346
9244570,6.47,0015-09-28 15:44:00,0015-09-28 19:05:08,15,19,3.352222222,Lundi,ios,30.4131802,50725917,562656,481066,Bureau / Entreprise,1.78,11.52,Marrakech,40000,31.600901125779693,-8.003877311029667
4330133,5.92,0015-09-29 11:22:34,0015-09-29 13:41:08,11,13,2.309444444,Mardi,ios,30.4131802,50725917,562656,481066,Bureau / Entreprise,2.13,12.61,Marrakech,40000,31.64487281683701,-7.976253884983135
8358159,6.33,0015-09-30 11:28:37,0015-09-30 15:17:08,11,15,3.808611111,Mercredi,ios,30.4131802,50725917,562656,481066,Bureau / Entreprise,2.4,15.19,Marrakech,40000,31.627011380532913,-7.95537419472767
9600462,0.0,0015-10-01 11:17:37,0015-10-01 11:19:05,11,11,0.024444444,Jeudi,ios,,50725917,191826,481066,Bureau / Entreprise,1.61,0.0,Meknès,50000,33.880854686318365,-5.547495394319641
7395677,6.53,0015-10-01 14:29:27,0015-10-01 17:12:06,14,17,2.710833333,Jeudi,ios,30.4131802,50725917,562656,481066,Bureau / Entreprise,2.22,14.5,Marrakech,40000,31.653504990980988,-7.960523271052628
3793756,6.33,0015-10-02 13:42:55,0015-10-02 16:18:06,13,16,2.586388889,Vendredi,ios,30.4131802,50725917,562656,481066,Bureau / Entreprise,1.52,9.62,Marrakech,40000,31.606468337612032,-7.984346802808411
1076407,7.6,0015-05-04 18:36:52,0015-05-04 21:15:12,18,21,2.638888889,Lundi,ios,,58140225,228137,503205,Parking public,1.77,13.45,Oujda,60000,34.71405512973732,-1.8988849872539304
5949880,7.24,0015-05-05 15:23:51,0015-05-05 18:24:06,15,18,3.004166667,Mardi,ios,,58140225,228137,503205,Parking public,3.13,22.66,Oujda,60000,34.67553800304265,-1.8974876357628099
2338737,0.0,0015-05-06 19:00:27,0015-05-06 20:00:12,19,20,0.995833333,Mercredi,ios,,58140225,693651,503205,Parking public,3.43,0.0,Oujda,60000,34.710004220338526,-1.9309621776457997
5809264,7.73,0015-05-08 17:07:52,0015-05-08 20:25:08,17,20,3.287777778,Vendredi,ios,,58140225,228137,503205,Parking public,2.51,19.4,Oujda,60000,34.69287657258877,-1.9197270364614514
5535514,7.46,0015-05-12 13:30:22,0015-05-12 19:08:05,13,19,5.628611111,Mardi,ios,,58140225,653450,503205,Parking public,2.49,18.58,Marrakech,40000,31.64910244158449,-7.972861870607718
4274174,6.67,0015-06-10 19:26:27,0015-06-10 21:27:06,19,21,2.010833333,Mercredi,ios,,24920478,300866,310085,Université / Campus,2.87,19.14,Rabat,10000,34.04994078979262,-6.867358203508938
2213822,5.48,0015-06-22 14:51:18,0015-06-22 16:39:15,14,16,1.799166667,Lundi,ios,23.5485744,24920478,989457,620906,Parking public,2.33,12.77,Agadir,80000,30.415104326269127,-9.606407588734223
2581308,4.64,0015-08-07 18:21:16,0015-08-07 19:54:06,18,19,1.547222222,Vendredi,ios,23.6374346,24920478,200695,202527,Parking public,3.18,14.76,Meknès,50000,33.92116812912446,-5.545212032023128
1807919,6.81,0015-09-10 19:44:49,0015-09-10 21:59:07,19,21,2.238333333,Jeudi,ios,23.6374346,24920478,200695,202527,Parking public,2.48,16.89,Meknès,50000,33.88686891369415,-5.517526530417322
5672320,7.0,0015-06-11 16:28:03,0015-06-11 19:45:12,16,19,3.285833333,Jeudi,android,18.2219336,30296079,386940,814002,Bureau / Entreprise,1.67,11.69,Oujda,60000,34.679830714284215,-1.9129279862426536
4959953,6.78,0015-06-12 08:51:52,0015-06-12 12:54:05,8,12,4.036944444,Vendredi,android,18.2219336,30296079,219054,814002,Bureau / Entreprise,1.56,10.58,Marrakech,40000,31.61992322625527,-7.96213659457314
9162419,4.33,0015-06-15 10:33:44,0015-06-15 13:17:05,10,13,2.7225,Lundi,android,18.2219336,30296079,219054,814002,Bureau / Entreprise,3.02,13.08,Marrakech,40000,31.631984456440854,-7.985175962896003
1489994,4.35,0015-06-16 10:05:40,0015-06-16 12:03:06,10,12,1.957222222,Mardi,android,18.2219336,30296079,219054,814002,Bureau / Entreprise,2.08,9.05,Marrakech,40000,31.60874870259071,-7.963316556642817
9768782,4.09,0015-06-18 09:33:19,0015-06-18 12:16:15,9,12,2.715555556,Jeudi,android,18.2219336,30296079,219054,814002,Bureau / Entreprise,2.05,8.38,Marrakech,40000,31.63272268912148,-7.975375111902793
7804284,4.36,0015-06-19 13:20:12,0015-06-19 15:19:06,13,15,1.981666667,Vendredi,android,18.2219336,30296079,386940,814002,Bureau / Entreprise,2.58,11.25,Oujda,60000,34.6892022887446,-1.888204273509856
5330398,4.15,0015-06-22 08:51:42,0015-06-22 11:42:16,8,11,2.842777778,Lundi,android,18.2219336,30296079,219054,814002,Bureau / Entreprise,1.84,7.64,Marrakech,40000,31.645214108756292,-7.986443446858993
4619722,4.37,0015-06-23 09:06:47,0015-06-23 10:54:06,9,10,1.788611111,Mardi,android,18.2219336,30296079,219054,814002,Bureau / Entreprise,2.41,10.53,Marrakech,40000,31.649518997716257,-7.974841734810711
7421974,4.06,0015-06-24 09:09:30,0015-06-24 11:15:07,9,11,2.093611111,Mercredi,android,18.2219336,30296079,219054,814002,Bureau / Entreprise,2.99,12.14,Marrakech,40000,31.625926481018745,-7.97329887916287
4258774,3.73,0015-06-25 10:05:51,0015-06-25 13:26:05,10,13,3.337222222,Jeudi,android,18.2219336,30296079,219054,814002,Bureau / Entreprise,3.03,11.3,Marrakech,40000,31.61763999496109,-7.986057023491972
2298135,4.32,0015-06-26 09:02:58,0015-06-26 11:14:07,9,11,2.185833333,Vendredi,android,18.2219336,30296079,219054,814002,Bureau / Entreprise,2.6,11.23,Marrakech,40000,31.615060093839027,-8.00244127737875
8416469,4.65,0015-06-29 09:34:39,0015-06-29 11:22:05,9,11,1.790555556,Lundi,android,18.2219336,30296079,219054,814002,Bureau / Entreprise,1.73,8.04,Marrakech,40000,31.611177430202293,-8.00548643558526
7503754,4.05,0015-06-30 09:31:51,0015-06-30 11:14:05,9,11,1.703888889,Mardi,android,18.2219336,30296079,219054,814002,Bureau / Entreprise,1.73,7.01,Marrakech,40000,31.60295885493194,-8.010099706964022
3817945,4.09,0015-07-01 10:02:41,0015-07-01 13:03:06,10,13,3.006944444,Mercredi,android,18.2219336,30296079,219054,814002,Bureau / Entreprise,3.05,12.47,Marrakech,40000,31.620046878730083,-7.958687944145287
6020950,3.91,0015-07-02 08:59:19,0015-07-02 10:42:05,8,10,1.712777778,Jeudi,android,18.2219336,30296079,219054,814002,Bureau / Entreprise,3.15,12.32,Marrakech,40000,31.61571486152785,-7.996911505265678
7793092,4.38,0015-07-06 09:37:20,0015-07-06 11:17:05,9,11,1.6625,Lundi,android,18.2219336,30296079,219054,814002,Bureau / Entreprise,2.23,9.77,Marrakech,40000,31.657485043151986,-7.998409595043094
6872140,4.17,0015-07-07 08:58:52,0015-07-07 10:34:05,8,10,1.586944444,Mardi,android,18.2219336,30296079,219054,814002,Bureau / Entreprise,3.15,13.14,Marrakech,40000,31.632962529575003,-7.966937875974436
1235813,6.61,0015-07-08 09:22:12,0015-07-08 12:35:06,9,12,3.215,Mercredi,android,18.2219336,30296079,219054,814002,Bureau / Entreprise,1.58,10.44,Marrakech,40000,31.62033662234183,-7.991899033214756
6048149,3.16,0015-07-09 09:32:30,0015-07-09 10:33:14,9,10,1.012222222,Jeudi,android,18.2219336,30296079,219054,814002,Bureau / Entreprise,2.94,9.29,Marrakech,40000,31.634328056059623,-7.980737318455289
5024918,4.18,0015-07-10 09:44:25,0015-07-10 12:48:05,9,12,3.061111111,Vendredi,android,18.2219336,30296079,219054,814002,Bureau / Entreprise,2.59,10.83,Marrakech,40000,31.60785180208074,-8.001349336082152
8575268,6.43,0015-07-13 09:17:14,0015-07-13 12:06:10,9,12,2.815555556,Lundi,android,18.2219336,30296079,219054,814002,Bureau / Entreprise,3.48,22.38,Marrakech,40000,31.62614262495213,-7.953515256712281
9041218,5.76,0015-07-14 09:05:44,0015-07-14 11:16:05,9,11,2.1725,Mardi,android,18.2219336,30296079,219054,814002,Bureau / Entreprise,1.7,9.79,Marrakech,40000,31.637074059285265,-7.960005115998966
1046212,3.86,0015-07-15 09:32:25,0015-07-15 12:43:06,9,12,3.178055556,Mercredi,android,18.2219336,30296079,219054,814002,Bureau / Entreprise,3.16,12.2,Marrakech,40000,31.62883386990755,-7.959272622622099
2394799,5.65,0015-07-16 09:37:29,0015-07-16 12:04:06,9,12,2.443611111,Jeudi,android,18.2219336,30296079,219054,814002,Bureau / Entreprise,3.0,16.95,Marrakech,40000,31.62360672803926,-7.986693575085679
7851055,4.43,0015-07-17 09:31:14,0015-07-17 11:49:06,9,11,2.297777778,Vendredi,android,18.2219336,30296079,219054,814002,Bureau / Entreprise,2.1,9.3,Marrakech,40000,31.65913090333398,-7.96535832717757
7992569,5.94,0015-07-20 09:48:47,0015-07-20 12:05:06,9,12,2.271944444,Lundi,android,18.2219336,30296079,219054,814002,Bureau / Entreprise,3.5,20.79,Marrakech,40000,31.652318885728935,-8.002467430676614
3729683,5.63,0015-07-22 09:54:06,0015-07-22 12:36:06,9,12,2.7,Mercredi,android,18.2219336,30296079,219054,814002,Bureau / Entreprise,2.4,13.51,Marrakech,40000,31.636904357489566,-8.010582859844494
3781037,5.78,0015-07-23 09:03:39,0015-07-23 12:01:07,9,12,2.957777778,Jeudi,android,18.2219336,30296079,219054,814002,Bureau / Entreprise,2.2,12.72,Marrakech,40000,31.633662641670938,-8.009901624045318
9866757,4.26,0015-07-27 09:08:20,0015-07-27 12:19:05,9,12,3.179166667,Lundi,android,18.2219336,30296079,219054,814002,Bureau / Entreprise,3.13,13.33,Marrakech,40000,31.636739628789474,-7.975903895755726
4854968,5.95,0015-07-28 09:10:47,0015-07-28 12:34:07,9,12,3.388888889,Mardi,android,18.2219336,30296079,219054,814002,Bureau / Entreprise,2.38,14.16,Marrakech,40000,31.611578726469347,-7.983776305685123
1061275,6.13,0015-07-29 09:20:51,0015-07-29 13:02:07,9,13,3.687777778,Mercredi,android,18.2219336,30296079,219054,814002,Bureau / Entreprise,3.49,21.39,Marrakech,40000,31.62320826459586,-7.980019079065489
8397401,4.32,0015-07-31 10:05:17,0015-07-31 12:08:06,10,12,2.046944444,Vendredi,android,18.2219336,30296079,219054,814002,Bureau / Entreprise,3.05,13.18,Marrakech,40000,31.601867571973454,-8.010652211574966
8523243,5.82,0015-08-03 09:25:56,0015-08-03 12:31:05,9,12,3.085833333,Lundi,android,18.2219336,30296079,219054,814002,Bureau / Entreprise,1.97,11.47,Marrakech,40000,31.62803276224921,-7.9857388028205545
2576961,4.2,0015-08-04 09:02:47,0015-08-04 12:33:08,9,12,3.505833333,Mardi,android,18.2219336,30296079,219054,814002,Bureau / Entreprise,3.12,13.1,Marrakech,40000,31.63208147503746,-7.968015910327948
7750849,5.57,0015-08-05 09:12:27,0015-08-05 12:00:09,9,12,2.795,Mercredi,android,18.2219336,30296079,219054,814002,Bureau / Entreprise,2.68,14.93,Marrakech,40000,31.613164984166193,-7.984538377881954
3680718,5.92,0015-08-06 09:17:08,0015-08-06 12:27:06,9,12,3.166111111,Jeudi,android,18.2219336,30296079,219054,814002,Bureau / Entreprise,2.2,13.02,Marrakech,40000,31.65734173082993,-7.967166847621266
9176845,4.27,0015-08-07 09:06:20,0015-08-07 10:56:11,9,10,1.830833333,Vendredi,android,18.2219336,30296079,219054,814002,Bureau / Entreprise,2.92,12.47,Marrakech,40000,31.654067276656235,-7.9971188621361895
1368176,5.65,0015-08-10 09:14:14,0015-08-10 11:38:08,9,11,2.398333333,Lundi,android,18.2219336,30296079,219054,814002,Bureau / Entreprise,2.77,15.65,Marrakech,40000,31.642828594127355,-7.962311479731096
4808763,5.89,0015-08-11 09:12:06,0015-08-11 11:53:07,9,11,2.683611111,Mardi,android,18.2219336,30296079,219054,814002,Bureau / Entreprise,1.83,10.78,Marrakech,40000,31.631503197725923,-7.975794125572793
2092565,5.92,0015-08-12 09:10:41,0015-08-12 12:30:07,9,12,3.323888889,Mercredi,android,18.2219336,30296079,219054,814002,Bureau / Entreprise,1.78,10.54,Marrakech,40000,31.651698149578863,-7.998454214034205
1687145,4.17,0015-08-13 08:56:50,0015-08-13 10:35:07,8,10,1.638055556,Jeudi,android,18.2219336,30296079,219054,814002,Bureau / Entreprise,1.91,7.96,Marrakech,40000,31.607339140629406,-7.996896771448769
5741291,5.58,0015-08-14 09:14:01,0015-08-14 11:17:06,9,11,2.051388889,Vendredi,android,18.2219336,30296079,219054,814002,Bureau / Entreprise,1.91,10.66,Marrakech,40000,31.64693058765649,-7.973418172125827
4922833,5.91,0015-08-17 09:20:39,0015-08-17 11:48:07,9,11,2.457777778,Lundi,android,18.2219336,30296079,219054,814002,Bureau / Entreprise,1.62,9.57,Marrakech,40000,31.606989248838012,-7.961303624407253
2412801,6.17,0015-08-18 09:18:51,0015-08-18 12:04:07,9,12,2.754444444,Mardi,android,18.2219336,30296079,219054,814002,Bureau / Entreprise,2.2,13.57,Marrakech,40000,31.647152639752964,-7.9861623330782505
8221105,5.63,0015-08-19 09:18:39,0015-08-19 12:36:06,9,12,3.290833333,Mercredi,android,18.2219336,30296079,219054,814002,Bureau / Entreprise,2.06,11.6,Marrakech,40000,31.616046054095083,-7.995601974252344
4679803,6.7,0015-08-20 09:09:31,0015-08-20 12:12:07,9,12,3.043333333,Jeudi,android,18.2219336,30296079,219054,814002,Bureau / Entreprise,2.58,17.29,Marrakech,40000,31.65212543486109,-7.959079303585364
5656190,4.5,0015-08-21 09:08:38,0015-08-21 10:52:06,9,10,1.724444444,Vendredi,android,18.2219336,30296079,219054,814002,Bureau / Entreprise,2.15,9.67,Marrakech,40000,31.656142525629523,-7.970943902494949
7969438,5.61,0015-08-24 09:23:31,0015-08-24 11:21:06,9,11,1.959722222,Lundi,android,18.2219336,30296079,219054,814002,Bureau / Entreprise,2.91,16.33,Marrakech,40000,31.608427758164307,-7.984214870763015
9247040,5.99,0015-08-25 09:15:19,0015-08-25 11:11:05,9,11,1.929444444,Mardi,android,18.2219336,30296079,219054,814002,Bureau / Entreprise,2.08,12.46,Marrakech,40000,31.627260536303925,-7.981825988283242
5681097,6.58,0015-08-27 09:23:14,0015-08-27 12:08:05,9,12,2.7475,Jeudi,android,18.2219336,30296079,219054,814002,Bureau / Entreprise,2.03,13.36,Marrakech,40000,31.658359242689762,-7.998844611923816
9723144,6.67,0015-09-08 10:03:37,0015-09-08 12:35:11,10,12,2.526111111,Mardi,android,18.2219336,30296079,219054,814002,Bureau / Entreprise,3.22,21.48,Marrakech,40000,31.628504446158388,-7.973491842196109
3004384,6.7,0015-09-09 10:06:37,0015-09-09 12:36:08,10,12,2.491944444,Mercredi,android,18.2219336,30296079,219054,814002,Bureau / Entreprise,3.47,23.25,Marrakech,40000,31.651312851350873,-7.989575449367426
4354743,6.69,0015-09-10 10:11:18,0015-09-10 12:48:13,10,12,2.615277778,Jeudi,android,18.2219336,30296079,219054,814002,Bureau / Entreprise,2.86,19.13,Marrakech,40000,31.63482389132788,-7.9513612893995385
2170832,6.91,0015-09-11 10:07:55,0015-09-11 13:02:07,10,13,2.903333333,Vendredi,android,18.2219336,30296079,219054,814002,Bureau / Entreprise,1.69,11.68,Marrakech,40000,31.622019794475175,-7.982288989084286
2322754,6.9,0015-09-14 10:22:31,0015-09-14 13:40:12,10,13,3.294722222,Lundi,android,18.2219336,30296079,219054,814002,Bureau / Entreprise,3.43,23.67,Marrakech,40000,31.61664701333155,-7.981946863628623
4803170,6.66,0015-09-15 10:22:05,0015-09-15 12:59:06,10,12,2.616944444,Mardi,android,18.2219336,30296079,219054,814002,Bureau / Entreprise,3.07,20.45,Marrakech,40000,31.611693385465166,-7.977148892755359
7556706,6.7,0015-09-16 10:12:11,0015-09-16 12:40:13,10,12,2.467222222,Mercredi,android,18.2219336,30296079,219054,814002,Bureau / Entreprise,3.34,22.38,Marrakech,40000,31.645207891482663,-7.956094639812875
5140537,6.65,0015-09-18 10:07:18,0015-09-18 12:40:09,10,12,2.5475,Vendredi,android,18.2219336,30296079,219054,814002,Bureau / Entreprise,3.48,23.14,Marrakech,40000,31.622692430409383,-7.963050914008415
9624790,6.19,0015-09-21 10:32:01,0015-09-21 12:29:06,10,12,1.951388889,Lundi,android,18.2219336,30296079,219054,814002,Bureau / Entreprise,3.23,19.99,Marrakech,40000,31.630176527732043,-7.984032195812129
6366083,6.53,0015-09-25 10:15:31,0015-09-25 13:06:07,10,13,2.843333333,Vendredi,android,18.2219336,30296079,219054,814002,Bureau / Entreprise,1.75,11.43,Marrakech,40000,31.62903952880007,-7.967978044041632
3012988,6.46,0015-09-28 10:30:22,0015-09-28 12:38:09,10,12,2.129722222,Lundi,android,18.2219336,30296079,219054,814002,Bureau / Entreprise,3.23,20.87,Marrakech,40000,31.634136741753988,-7.975925870073154
3897069,6.54,0015-09-29 10:17:14,0015-09-29 12:56:06,10,12,2.647777778,Mardi,android,18.2219336,30296079,219054,814002,Bureau / Entreprise,2.0,13.08,Marrakech,40000,31.651434628737473,-7.981557977077925
3757606,3.48,0015-10-01 10:22:52,0015-10-01 11:30:09,10,11,1.121388889,Jeudi,android,18.2219336,30296079,219054,814002,Bureau / Entreprise,2.92,10.16,Marrakech,40000,31.658344360615008,-7.999561053632939
6543279,6.5,0015-10-02 09:58:55,0015-10-02 13:23:07,9,13,3.403333333,Vendredi,android,18.2219336,30296079,219054,814002,Bureau / Entreprise,3.16,20.54,Marrakech,40000,31.62395505251443,-7.983263824192706
8269990,0.21,0015-05-13 18:45:23,0015-05-13 21:58:06,18,21,3.211944444,Mercredi,ios,1.3751582,10909503,514669,566549,Parking public,3.02,0.63,Tanger,90000,35.77915113532638,-5.8492508847786455
5759031,0.13,0015-05-15 15:24:51,0015-05-15 17:58:06,15,17,2.554166667,Vendredi,ios,0.9718696,10909503,228137,503205,Parking public,2.85,0.37,Oujda,60000,34.70257166767929,-1.8865094710089008
7437111,0.09,0015-05-15 18:04:12,0015-05-15 19:53:06,18,19,1.815,Vendredi,ios,2.1494226,10909503,280221,976902,Parking public,2.48,0.22,Oujda,60000,34.69111173708733,-1.921275591190219
4354203,5.07,0015-05-18 12:58:16,0015-05-18 14:57:06,12,14,1.980555556,Lundi,ios,1.472718,10909503,878706,461655,Parking public,2.65,13.44,Tanger,90000,35.78686282861672,-5.806864159127997
7837179,1.36,0015-05-19 10:53:01,0015-05-19 12:55:09,10,12,2.035555556,Mardi,ios,1.3751582,10909503,514669,566549,Parking public,2.04,2.77,Tanger,90000,35.741528470931705,-5.832016682594317
6911415,6.31,0015-05-19 12:58:49,0015-05-19 15:04:05,12,15,2.087777778,Mardi,ios,2.1494226,10909503,355208,976902,Parking public,2.33,14.7,Casablanca,20000,33.54965585261857,-7.58190733727943
8254195,9.14,0015-05-19 15:07:30,0015-05-19 20:06:06,15,20,4.976666667,Mardi,ios,1.3751582,10909503,514669,566549,Parking public,2.4,21.94,Tanger,90000,35.78073771801733,-5.83142357333064
3633986,0.81,0015-05-19 20:09:21,0015-05-19 22:45:08,20,22,2.596388889,Mardi,ios,2.1494226,10909503,280221,976902,Parking public,2.77,2.24,Oujda,60000,34.683048988998024,-1.933637162981998
2462025,7.01,0015-05-20 10:47:54,0015-05-20 14:35:07,10,14,3.786944444,Mercredi,ios,1.3751582,10909503,514669,566549,Parking public,3.26,22.85,Tanger,90000,35.78031813125243,-5.841450726859523
7648567,7.14,0015-05-28 10:58:32,0015-05-28 14:55:13,10,14,3.944722222,Jeudi,ios,1.3751582,10909503,514669,566549,Parking public,1.69,12.07,Tanger,90000,35.78308541231173,-5.8580512332633425
4859756,6.48,0015-05-29 10:39:26,0015-05-29 13:10:08,10,13,2.511666667,Vendredi,ios,0.9718696,10909503,653450,503205,Parking public,2.53,16.39,Marrakech,40000,31.603247455617144,-7.973722757348996
7863520,0.26,0015-05-29 13:14:38,0015-05-29 14:44:06,13,14,1.491111111,Vendredi,ios,2.1494226,10909503,738900,976902,Parking public,2.06,0.54,Fès,30000,34.05610788577916,-5.003487548287974
5850639,1.02,0015-06-01 11:03:50,0015-06-01 17:27:04,11,17,6.387222222,Lundi,ios,1.3751582,10909503,514669,566549,Parking public,3.37,3.44,Tanger,90000,35.75639914332217,-5.8173209017057435
3109304,4.68,0015-06-01 17:29:35,0015-06-01 20:24:05,17,20,2.908333333,Lundi,ios,0.9718696,10909503,228137,503205,Parking public,2.24,10.48,Oujda,60000,34.687325949340256,-1.928171771140038
8723120,7.74,0015-06-02 10:08:33,0015-06-02 14:08:05,10,14,3.992222222,Mardi,ios,0.9718696,10909503,228137,503205,Parking public,3.4,26.32,Oujda,60000,34.69429555066559,-1.93152603649424
8768300,7.18,0015-06-03 10:31:16,0015-06-03 14:25:07,10,14,3.8975,Mercredi,ios,0.9718696,10909503,228137,503205,Parking public,2.15,15.44,Oujda,60000,34.712282956403804,-1.917020066142174
5564832,7.73,0015-06-04 10:15:09,0015-06-04 15:30:07,10,15,5.249444444,Jeudi,ios,0.9718696,10909503,228137,503205,Parking public,1.5,11.6,Oujda,60000,34.65784696566579,-1.8858048770068971
9990811,7.22,0015-06-05 10:49:42,0015-06-05 14:32:07,10,14,3.706944444,Vendredi,ios,0.9718696,10909503,228137,503205,Parking public,3.05,22.02,Oujda,60000,34.68531060809907,-1.8987746910992553
1013222,0.31,0015-06-05 18:29:31,0015-06-05 20:56:05,18,20,2.442777778,Vendredi,ios,2.1494226,10909503,280221,976902,Parking public,2.97,0.92,Oujda,60000,34.69796332254584,-1.916264582512425
4689378,3.42,0015-06-08 10:37:18,0015-06-08 11:46:05,10,11,1.146388889,Lundi,ios,0.9718696,10909503,228137,503205,Parking public,2.96,10.12,Oujda,60000,34.70006241746189,-1.9103636698147413
5487067,1.1,0015-06-08 11:50:14,0015-06-08 12:14:05,11,12,0.3975,Lundi,ios,2.1494226,10909503,280221,976902,Parking public,2.42,2.66,Oujda,60000,34.69825194589223,-1.936347219329374
1347897,3.96,0015-06-08 12:17:27,0015-06-08 15:05:09,12,15,2.795,Lundi,ios,0.9718696,10909503,228137,503205,Parking public,2.83,11.21,Oujda,60000,34.66476610776449,-1.8823254462174333
3690392,6.86,0015-06-09 10:58:23,0015-06-09 14:50:18,10,14,3.865277778,Mardi,ios,0.9718696,10909503,228137,503205,Parking public,2.22,15.23,Oujda,60000,34.6746637353023,-1.9014155617183048
1654818,7.23,0015-06-10 10:42:47,0015-06-10 21:12:05,10,21,10.48833333,Mercredi,ios,0.9718696,10909503,228137,503205,Parking public,1.63,11.78,Oujda,60000,34.67822293152502,-1.9242757558921946
3363934,6.73,0015-06-12 10:59:50,0015-06-12 14:29:05,10,14,3.4875,Vendredi,ios,0.9718696,10909503,228137,503205,Parking public,2.57,17.3,Oujda,60000,34.70496623246077,-1.9062514963470854
9670235,0.38,0015-06-12 17:59:26,0015-06-12 19:37:05,17,19,1.6275,Vendredi,ios,2.1494226,10909503,355208,976902,Parking public,1.94,0.74,Casablanca,20000,33.55982559234487,-7.61323105803586
9245422,6.72,0015-06-15 14:52:17,0015-06-15 18:56:11,14,18,4.065,Lundi,ios,0.9718696,10909503,228137,503205,Parking public,2.36,15.86,Oujda,60000,34.66934229783203,-1.883449799871545
3625757,3.21,0015-06-16 19:52:43,0015-06-16 21:00:09,19,21,1.123888889,Mardi,ios,2.1494226,10909503,801274,976902,Parking public,1.92,6.16,Marrakech,40000,31.656946881142286,-8.000612900726997
4340476,3.11,0015-06-16 21:07:12,0015-06-16 22:09:06,21,22,1.031666667,Mardi,ios,0.9718696,10909503,228137,503205,Parking public,2.04,6.34,Oujda,60000,34.65723179710681,-1.9025181809166871
2421519,7.13,0015-06-17 10:57:50,0015-06-17 17:14:07,10,17,6.271388889,Mercredi,ios,1.3751582,10909503,902592,566549,Parking public,3.16,22.53,Oujda,60000,34.71656925134092,-1.9266727322476642
3873391,7.0,0015-06-22 11:07:02,0015-06-22 20:57:15,11,20,9.836944444,Lundi,ios,0.9718696,10909503,653450,503205,Parking public,2.18,15.26,Marrakech,40000,31.640109277931444,-7.968046317041088
2913795,7.25,0015-06-23 11:05:55,0015-06-23 14:32:12,11,14,3.438055556,Mardi,ios,0.9718696,10909503,228137,503205,Parking public,2.66,19.28,Oujda,60000,34.70640815796695,-1.8947907179655832
2240492,6.93,0015-06-24 17:56:05,0015-06-24 21:22:05,17,21,3.433333333,Mercredi,ios,1.3751582,10909503,131897,566549,Parking public,2.63,18.23,Meknès,50000,33.88117716378078,-5.536894816265314
9090303,7.39,0015-06-26 09:25:49,0015-06-26 16:04:15,9,16,6.640555556,Vendredi,ios,0.9718696,10909503,228137,503205,Parking public,2.47,18.25,Oujda,60000,34.65755891666002,-1.9045300323846885
5331378,7.02,0015-07-07 14:42:41,0015-07-07 17:34:06,14,17,2.856944444,Mardi,ios,0.9718696,10909503,228137,503205,Parking public,2.19,15.37,Oujda,60000,34.70097217111369,-1.8878518543628793
8737237,6.86,0015-07-08 11:15:17,0015-07-08 14:41:06,11,14,3.430277778,Mercredi,ios,1.3751582,10909503,902592,566549,Parking public,2.87,19.69,Oujda,60000,34.706748675820045,-1.9366823973406144
2114684,6.68,0015-07-15 16:09:40,0015-07-15 20:31:06,16,20,4.357222222,Mercredi,ios,0.9718696,10909503,228137,503205,Parking public,1.6,10.69,Oujda,60000,34.701128567917216,-1.9215451140531883
1598359,0.43,0015-07-20 19:35:12,0015-07-20 19:58:07,19,19,0.381944444,Lundi,ios,0.9718696,10909503,349635,503205,Parking public,1.7,0.73,Fès,30000,34.01167101723805,-5.015402751222149
2901341,6.99,0015-07-20 19:38:16,0015-07-20 22:01:07,19,22,2.380833333,Lundi,ios,0.9718696,10909503,228137,503205,Parking public,3.07,21.46,Oujda,60000,34.70190567533542,-1.8821191622760747
4237194,7.34,0015-07-21 10:56:48,0015-07-21 16:53:05,10,16,5.938055556,Mardi,ios,0.9718696,10909503,653450,503205,Parking public,2.42,17.76,Marrakech,40000,31.64563536692646,-7.987736613219988
1439515,7.79,0015-07-22 10:33:13,0015-07-22 15:26:05,10,15,4.881111111,Mercredi,ios,0.9718696,10909503,653450,503205,Parking public,1.75,13.63,Marrakech,40000,31.639012430940202,-7.967143238045575
7129654,7.11,0015-07-24 11:06:26,0015-07-24 15:53:16,11,15,4.780555556,Vendredi,ios,0.9718696,10909503,228137,503205,Parking public,3.22,22.89,Oujda,60000,34.702666955967736,-1.9003164901671397
5305752,0.48,0015-07-24 18:00:42,0015-07-24 20:26:05,18,20,2.423055556,Vendredi,ios,2.1494226,10909503,280221,976902,Parking public,2.38,1.14,Oujda,60000,34.707455286380664,-1.9286751257513572
7473983,7.02,0015-07-28 11:04:53,0015-07-28 14:57:06,11,14,3.870277778,Mardi,ios,0.9718696,10909503,228137,503205,Parking public,1.5,10.53,Oujda,60000,34.69351624685425,-1.927060139187307
3122546,7.16,0015-07-29 11:05:07,0015-07-29 14:57:07,11,14,3.866666667,Mercredi,ios,0.9718696,10909503,228137,503205,Parking public,3.42,24.49,Oujda,60000,34.66201628283818,-1.924522926186818
2953784,7.07,0015-07-30 11:00:49,0015-07-30 14:49:06,11,14,3.804722222,Jeudi,ios,0.9718696,10909503,228137,503205,Parking public,1.9,13.43,Oujda,60000,34.68595766858004,-1.9167323633044373
2306620,0.39,0015-07-31 17:58:36,0015-07-31 20:24:06,17,20,2.425,Vendredi,ios,2.1494226,10909503,355208,976902,Parking public,2.88,1.12,Casablanca,20000,33.547758960080294,-7.605740496060969
5506746,6.94,0015-08-03 18:45:37,0015-08-03 21:22:07,18,21,2.608333333,Lundi,ios,1.3751582,10909503,414088,566549,Parking public,1.76,12.21,Meknès,50000,33.887952581861946,-5.576120911035189
1642342,7.02,0015-08-12 10:53:26,0015-08-12 14:50:08,10,14,3.945,Mercredi,ios,0.9718696,10909503,228137,503205,Parking public,2.8,19.66,Oujda,60000,34.68112638934754,-1.8886364165915683
5759873,7.12,0015-08-14 11:13:18,0015-08-14 15:22:07,11,15,4.146944444,Vendredi,ios,0.9718696,10909503,228137,503205,Parking public,1.82,12.96,Oujda,60000,34.66066059064842,-1.883463410117147
6049068,0.44,0015-08-14 16:28:24,0015-08-14 20:41:06,16,20,4.211666667,Vendredi,ios,2.1494226,10909503,280221,976902,Parking public,3.37,1.48,Oujda,60000,34.67762923203817,-1.920905776778106
2262184,6.98,0015-08-21 11:28:40,0015-08-21 15:12:11,11,15,3.725277778,Vendredi,ios,0.9718696,10909503,653450,503205,Parking public,2.05,14.31,Marrakech,40000,31.60615988592748,-7.990789587234471
3064157,6.96,0015-08-24 11:01:39,0015-08-24 16:29:05,11,16,5.457222222,Lundi,ios,0.9718696,10909503,653450,503205,Parking public,2.81,19.56,Marrakech,40000,31.647994112600554,-8.010674491233537
4089662,7.05,0015-08-26 10:56:52,0015-08-26 22:32:05,10,22,11.58694444,Mercredi,ios,0.9718696,10909503,228137,503205,Parking public,2.0,14.1,Oujda,60000,34.71356128155787,-1.9005849587001775
2879414,7.03,0015-08-27 11:03:51,0015-08-27 15:01:05,11,15,3.953888889,Jeudi,ios,0.9718696,10909503,653450,503205,Parking public,2.24,15.75,Marrakech,40000,31.603838988515477,-7.961573606255082
1934156,6.92,0015-08-28 11:15:21,0015-08-28 15:05:07,11,15,3.829444444,Vendredi,ios,0.9718696,10909503,653450,503205,Parking public,3.31,22.91,Marrakech,40000,31.656806912437503,-8.0023035019784
6145825,0.38,0015-08-28 18:00:10,0015-08-28 21:50:10,18,21,3.833333333,Vendredi,ios,2.1494226,10909503,355208,976902,Parking public,1.83,0.7,Casablanca,20000,33.5744545959602,-7.610220019037971
1278421,7.08,0015-09-02 10:28:15,0015-09-02 15:05:10,10,15,4.615277778,Mercredi,ios,0.9718696,10909503,653450,503205,Parking public,2.29,16.21,Marrakech,40000,31.617473940677232,-7.963695005001713
5125030,0.81,0015-09-02 21:25:53,0015-09-02 23:06:05,21,23,1.67,Mercredi,ios,2.1494226,10909503,280221,976902,Parking public,2.11,1.71,Oujda,60000,34.66131172451657,-1.9044225550987512
6905604,6.95,0015-09-03 11:02:38,0015-09-03 13:52:07,11,13,2.824722222,Jeudi,ios,0.9718696,10909503,228137,503205,Parking public,2.9,20.16,Oujda,60000,34.686737456084224,-1.938708366542337
1317008,6.83,0015-09-03 17:00:44,0015-09-03 20:32:06,17,20,3.522777778,Jeudi,ios,0.9718696,10909503,653450,503205,Parking public,1.97,13.46,Marrakech,40000,31.647170932669447,-7.973747180572262
3337144,7.2,0015-09-08 10:27:19,0015-09-08 14:21:08,10,14,3.896944444,Mardi,ios,0.9718696,10909503,228137,503205,Parking public,2.81,20.23,Oujda,60000,34.699125188636,-1.922864936629374
1637711,7.08,0015-09-09 10:24:40,0015-09-09 13:36:14,10,13,3.192777778,Mercredi,ios,0.9718696,10909503,653450,503205,Parking public,2.91,20.6,Marrakech,40000,31.60251356068784,-7.988976490671749
5425063,7.11,0015-09-10 10:37:16,0015-09-10 14:12:09,10,14,3.581388889,Jeudi,ios,0.9718696,10909503,228137,503205,Parking public,1.5,10.66,Oujda,60000,34.66107411012208,-1.895216114902187
6239944,7.01,0015-09-11 10:29:09,0015-09-11 13:27:08,10,13,2.966388889,Vendredi,ios,0.9718696,10909503,228137,503205,Parking public,2.45,17.17,Oujda,60000,34.68087239695796,-1.8927438884396433
8075318,0.53,0015-09-11 20:41:46,0015-09-11 21:34:07,20,21,0.8725,Vendredi,ios,2.1494226,10909503,250527,976902,Parking public,1.77,0.94,Rabat,10000,34.008617429642875,-6.84757860238961
6273828,7.16,0015-09-15 11:01:44,0015-09-15 14:12:10,11,14,3.173888889,Mardi,ios,0.9718696,10909503,228137,503205,Parking public,1.95,13.96,Oujda,60000,34.670643059383366,-1.8845708238396186
6083838,7.14,0015-09-16 10:54:13,0015-09-16 14:11:15,10,14,3.283888889,Mercredi,ios,0.9718696,10909503,228137,503205,Parking public,2.86,20.42,Oujda,60000,34.673560269934526,-1.9170122369228757
8392413,6.96,0015-09-17 11:06:42,0015-09-17 17:14:08,11,17,6.123888889,Jeudi,ios,0.9718696,10909503,228137,503205,Parking public,1.52,10.58,Oujda,60000,34.70490896459781,-1.8950898378861933
5620972,7.03,0015-09-18 10:35:16,0015-09-18 14:11:07,10,14,3.5975,Vendredi,ios,0.9718696,10909503,228137,503205,Parking public,2.89,20.32,Oujda,60000,34.712453683217916,-1.9123673641261445
5836770,7.11,0015-09-21 10:32:05,0015-09-21 13:39:06,10,13,3.116944444,Lundi,ios,0.9718696,10909503,228137,503205,Parking public,3.13,22.25,Oujda,60000,34.681006161671654,-1.887548060408675
3047642,6.96,0015-09-22 10:33:26,0015-09-22 13:42:09,10,13,3.145277778,Mardi,ios,0.9718696,10909503,228137,503205,Parking public,3.48,24.22,Oujda,60000,34.711066660127955,-1.8869343253809894
1057898,3.0,0015-09-23 10:08:25,0015-09-23 14:00:08,10,14,3.861944444,Mercredi,ios,0.9718696,10909503,228137,503205,Parking public,2.34,7.02,Oujda,60000,34.675989742074876,-1.936154991527735
8299783,4.15,0015-09-23 14:01:27,0015-09-23 17:09:09,14,17,3.128333333,Mercredi,ios,0.9718696,10909503,228137,503205,Parking public,1.76,7.3,Oujda,60000,34.68528621918063,-1.8852104001213865
2377030,4.44,0015-09-25 10:35:05,0015-09-25 12:05:11,10,12,1.501666667,Vendredi,ios,2.1494226,10909503,280221,976902,Parking public,1.64,7.28,Oujda,60000,34.67026173986896,-1.8918679095087751
8448406,3.49,0015-09-25 17:56:21,0015-09-25 20:39:06,17,20,2.7125,Vendredi,ios,2.1494226,10909503,405157,976902,Parking public,2.27,7.92,Fès,30000,34.04152856253055,-4.9828213571412405
7813352,0.0,0015-09-28 10:28:44,0015-09-28 10:30:08,10,10,0.023333333,Lundi,ios,,10909503,653450,503205,Parking public,2.96,0.0,Marrakech,40000,31.658238866910487,-7.999045319618868
9953562,0.0,0015-09-28 10:30:59,0015-09-28 10:32:06,10,10,0.018611111,Lundi,ios,,10909503,349635,503205,Parking public,1.7,0.0,Fès,30000,34.0393095857626,-4.981992847474721
4842463,6.3,0015-09-29 20:27:53,0015-09-29 22:30:09,20,22,2.037777778,Mardi,ios,0.9718696,10909503,228137,503205,Parking public,2.13,13.42,Oujda,60000,34.67816884504681,-1.8903920359188977
1496170,7.01,0015-09-30 10:10:40,0015-09-30 19:25:08,10,19,9.241111111,Mercredi,ios,0.9718696,10909503,228137,503205,Parking public,3.26,22.85,Oujda,60000,34.69556904675943,-1.924050979932751
5466692,6.64,0015-06-18 12:11:09,0015-06-18 15:34:11,12,15,3.383888889,Jeudi,ios,2.9883126,85580550,874950,814002,Bureau / Entreprise,1.77,11.75,Oujda,60000,34.66407524070792,-1.8842643952982605
2823867,6.56,0015-07-16 12:02:53,0015-07-16 21:22:06,12,21,9.320277778,Jeudi,ios,2.9883126,85580550,386940,814002,Bureau / Entreprise,3.05,20.01,Oujda,60000,34.71001954481593,-1.9384083912160501
6397339,6.88,0015-07-17 11:53:07,0015-07-17 16:24:05,11,16,4.516111111,Vendredi,ios,2.9883126,85580550,386940,814002,Bureau / Entreprise,3.01,20.71,Oujda,60000,34.68688503704679,-1.9324054448051715
9833934,6.62,0015-07-23 12:19:51,0015-07-23 21:20:13,12,21,9.006111111,Jeudi,ios,2.9883126,85580550,219054,814002,Bureau / Entreprise,1.77,11.72,Marrakech,40000,31.626460984522378,-7.978845131716909
3420426,7.49,0015-07-24 18:21:21,0015-07-24 21:11:06,18,21,2.829166667,Vendredi,ios,2.9883126,85580550,386940,814002,Bureau / Entreprise,3.49,26.14,Oujda,60000,34.691851887307216,-1.9068524517326615
4955643,6.99,0015-05-20 16:27:38,0015-05-20 19:13:06,16,19,2.757777778,Mercredi,ios,26.6015126,27476262,861532,454147,Parking public,1.79,12.51,Fès,30000,34.04058703176736,-4.991590995001946
8421811,4.43,0015-06-03 17:28:05,0015-06-03 20:11:06,17,20,2.716944444,Mercredi,android,5.5031184,68581656,405157,976902,Parking public,2.56,11.34,Fès,30000,34.00740654837359,-5.0292818522410725
1596383,6.23,0015-06-04 17:23:41,0015-06-04 20:14:06,17,20,2.840277778,Jeudi,android,5.5031184,68581656,280221,976902,Parking public,1.52,9.47,Oujda,60000,34.69765703327341,-1.8837779935226722
1069666,2.28,0015-06-09 19:14:41,0015-06-09 20:00:07,19,20,0.757222222,Mardi,android,5.5031184,68581656,355208,976902,Parking public,2.8,6.38,Casablanca,20000,33.55761590081893,-7.617124714435952
9599963,2.12,0015-06-10 10:45:31,0015-06-10 12:17:06,10,12,1.526388889,Mercredi,android,5.027126,68581656,981639,572514,Parking public,2.38,5.05,Oujda,60000,34.699537157950395,-1.9328162828365958
1718553,4.35,0015-06-10 16:35:09,0015-06-10 19:12:05,16,19,2.615555556,Mercredi,android,5.5031184,68581656,944515,976902,Parking public,2.94,12.79,Rabat,10000,34.04025208766305,-6.870759128948436
8165431,2.51,0015-06-11 15:39:38,0015-06-11 17:08:05,15,17,1.474166667,Jeudi,android,5.027126,68581656,981639,572514,Parking public,2.76,6.93,Oujda,60000,34.704937510453156,-1.9073884940023542
8723993,4.96,0015-06-15 15:32:15,0015-06-15 19:55:12,15,19,4.3825,Lundi,android,5.5031184,68581656,355208,976902,Parking public,1.8,8.93,Casablanca,20000,33.57625005804447,-7.563863986964742
1125883,1.54,0015-06-17 15:13:45,0015-06-17 15:44:07,15,15,0.506111111,Mercredi,android,2.3370854,68581656,366832,978130,Bureau / Entreprise,2.32,3.57,Casablanca,20000,33.57431019353864,-7.579843170035172
3962548,3.53,0015-06-17 18:48:08,0015-06-17 19:58:11,18,19,1.1675,Mercredi,android,2.5825384,68581656,891421,144857,Bureau / Entreprise,2.87,10.13,Rabat,10000,33.99947255768036,-6.822240551891174
7623321,3.43,0015-06-18 16:08:24,0015-06-18 19:23:05,16,19,3.244722222,Jeudi,android,5.5031184,68581656,355208,976902,Parking public,3.22,11.04,Casablanca,20000,33.58962076902419,-7.619003127792485
9015629,0.95,0015-06-18 19:51:14,0015-06-18 21:00:12,19,21,1.149444444,Jeudi,android,5.027126,68581656,981639,572514,Parking public,1.67,1.59,Oujda,60000,34.672984562826805,-1.9088790820912165
6140259,5.93,0015-06-23 16:51:00,0015-06-23 20:10:13,16,20,3.320277778,Mardi,android,5.5031184,68581656,738900,976902,Parking public,1.7,10.08,Fès,30000,34.03290172536907,-5.002726221349669
9648655,6.42,0015-06-25 12:09:02,0015-06-25 15:02:06,12,15,2.884444444,Jeudi,android,5.5031184,68581656,355208,976902,Parking public,3.0,19.26,Casablanca,20000,33.56015644557565,-7.589861923346753
3790516,3.76,0015-06-29 17:56:58,0015-06-29 19:07:06,17,19,1.168888889,Lundi,android,2.3370854,68581656,664306,868085,Parking public,2.68,10.08,Agadir,80000,30.405829701779982,-9.623767208879888
7352697,6.42,0015-07-02 12:15:26,0015-07-02 16:02:05,12,16,3.7775,Jeudi,android,5.5031184,68581656,280221,976902,Parking public,2.27,14.57,Oujda,60000,34.69447346181351,-1.9003338783358414
2179613,6.69,0015-07-09 16:37:35,0015-07-09 18:54:06,16,18,2.275277778,Jeudi,android,5.5031184,68581656,355208,976902,Parking public,3.43,22.95,Casablanca,20000,33.54635992208937,-7.589606775108482
5620264,3.74,0015-07-13 17:58:33,0015-07-13 19:59:05,17,19,2.008888889,Lundi,android,5.4148796,68581656,431796,461655,Parking public,2.13,7.97,Casablanca,20000,33.58801871404757,-7.573891069008324
1532255,4.41,0015-09-11 15:01:33,0015-09-11 19:04:07,15,19,4.042777778,Vendredi,android,2.3370854,68581656,489543,868085,Parking public,1.78,7.85,Casablanca,20000,33.56215520771566,-7.590682561956298
8732910,2.77,0015-09-14 17:54:42,0015-09-14 20:33:06,17,20,2.64,Lundi,android,2.3370854,68581656,995505,868085,Parking public,2.05,5.68,Marrakech,40000,31.599508081580268,-8.002137101826413
6532311,1.74,0015-09-18 16:51:47,0015-09-18 19:01:10,16,19,2.156388889,Vendredi,android,2.3370854,68581656,664306,868085,Parking public,1.67,2.91,Agadir,80000,30.428467748354237,-9.58920458275533
3377403,4.44,0015-06-04 11:36:37,0015-06-04 13:39:06,11,13,2.041388889,Jeudi,android,1.7883892,29309940,207262,928191,Parking public,2.61,11.59,Fès,30000,34.005911114511655,-5.01995681827369
7920925,7.02,0015-06-05 12:29:57,0015-06-05 15:03:05,12,15,2.552222222,Vendredi,android,1.7883892,29309940,236379,928191,Parking public,2.7,18.95,Oujda,60000,34.673270173469255,-1.889056326198711
7720493,3.27,0015-06-05 15:53:01,0015-06-05 20:01:06,15,20,4.134722222,Vendredi,android,1.7883892,29309940,207262,928191,Parking public,2.72,8.89,Fès,30000,34.045518589247344,-4.9935130256558455
3703459,2.2,0015-06-08 17:34:42,0015-06-08 18:50:17,17,18,1.259722222,Lundi,android,1.7883892,29309940,207262,928191,Parking public,3.06,6.73,Fès,30000,34.00686137729731,-5.020867766986583
7658041,4.15,0015-06-09 17:57:13,0015-06-09 21:20:07,17,21,3.381666667,Mardi,android,1.7883892,29309940,236379,928191,Parking public,2.88,11.95,Oujda,60000,34.70706030954136,-1.8836597165511275
3205713,3.76,0015-06-10 11:50:26,0015-06-10 14:35:12,11,14,2.746111111,Mercredi,android,1.7883892,29309940,207262,928191,Parking public,3.2,12.03,Fès,30000,34.00332919535951,-4.9991980721998805
3373150,4.77,0015-06-11 17:16:39,0015-06-11 19:46:07,17,19,2.491111111,Jeudi,android,1.7883892,29309940,728918,928191,Parking public,2.82,13.45,Rabat,10000,34.00570943215211,-6.867226092887701
7896148,6.76,0015-06-12 12:31:57,0015-06-12 18:06:14,12,18,5.571388889,Vendredi,android,1.7883892,29309940,728918,928191,Parking public,2.1,14.2,Rabat,10000,34.03535424336912,-6.833990025735096
6826207,0.12,0015-06-15 12:46:29,0015-06-15 15:27:05,12,15,2.676666667,Lundi,android,1.7883892,29309940,728918,928191,Parking public,2.54,0.3,Rabat,10000,34.009876208983755,-6.856408065579231
2045545,2.67,0015-06-15 17:39:14,0015-06-15 18:33:05,17,18,0.8975,Lundi,android,1.7883892,29309940,236379,928191,Parking public,2.52,6.73,Oujda,60000,34.66281354328396,-1.8931783928873618
1383766,6.93,0015-06-16 16:58:29,0015-06-16 20:00:06,16,20,3.026944444,Mardi,android,1.7883892,29309940,236379,928191,Parking public,3.0,20.79,Oujda,60000,34.678314035128025,-1.8923306755860285
9467182,1.29,0015-06-17 14:31:25,0015-06-17 14:58:06,14,14,0.444722222,Mercredi,android,1.7883892,29309940,207262,928191,Parking public,2.09,2.7,Fès,30000,34.01932359718307,-4.971563158648721
3243808,6.68,0015-06-18 11:48:44,0015-06-18 14:25:06,11,14,2.606111111,Jeudi,android,1.7883892,29309940,728918,928191,Parking public,1.61,10.75,Rabat,10000,34.04146271412963,-6.841487828138529
1397575,1.9,0015-06-18 17:42:28,0015-06-18 18:30:13,17,18,0.795833333,Jeudi,android,1.7883892,29309940,207262,928191,Parking public,3.3,6.27,Fès,30000,34.0219008750551,-5.003002587216336
2365408,5.77,0015-06-19 13:12:24,0015-06-19 15:08:06,13,15,1.928333333,Vendredi,android,1.7883892,29309940,728918,928191,Parking public,3.41,19.68,Rabat,10000,34.03823594830656,-6.826391463673211
9906654,2.94,0015-06-19 17:02:15,0015-06-19 18:41:13,17,18,1.649444444,Vendredi,android,1.7883892,29309940,728918,928191,Parking public,2.49,7.32,Rabat,10000,34.044412328688644,-6.863651760619484
6248906,6.92,0015-06-22 12:28:54,0015-06-22 15:14:06,12,15,2.753333333,Lundi,android,1.7883892,29309940,236379,928191,Parking public,1.73,11.97,Oujda,60000,34.6827290451746,-1.9085850691724124
4746406,1.94,0015-06-22 16:49:38,0015-06-22 17:42:06,16,17,0.874444444,Lundi,android,1.7883892,29309940,207262,928191,Parking public,2.5,4.85,Fès,30000,34.05769658863126,-4.997525143992149
1209611,4.13,0015-06-23 17:57:48,0015-06-23 19:35:12,17,19,1.623333333,Mardi,android,1.7883892,29309940,256233,928191,Parking public,2.69,11.11,Tanger,90000,35.75213908323779,-5.858631612631377
3640026,5.21,0015-06-24 12:47:30,0015-06-24 14:57:06,12,14,2.16,Mercredi,android,1.7883892,29309940,425476,928191,Parking public,2.56,13.34,Tanger,90000,35.78734470498941,-5.838920954869585
5824242,2.8,0015-06-24 18:04:21,0015-06-24 19:21:07,18,19,1.279444444,Mercredi,android,1.7883892,29309940,425476,928191,Parking public,3.46,9.69,Tanger,90000,35.734857371471534,-5.812802912085967
4078107,3.55,0015-06-25 12:01:22,0015-06-25 13:55:17,12,13,1.898611111,Jeudi,android,1.7883892,29309940,207262,928191,Parking public,3.47,12.32,Fès,30000,34.04432115599019,-4.978930782680321
6955326,2.54,0015-06-26 13:55:46,0015-06-26 15:15:07,13,15,1.3225,Vendredi,android,1.7883892,29309940,207262,928191,Parking public,3.37,8.56,Fès,30000,34.03272884242741,-5.0243457401048195
3157847,1.92,0015-07-06 18:09:51,0015-07-06 19:40:12,18,19,1.505833333,Lundi,android,1.7883892,29309940,207262,928191,Parking public,1.76,3.38,Fès,30000,34.02635892832733,-5.02485674703513
2485312,1.4,0015-07-07 14:01:18,0015-07-07 14:54:06,14,14,0.88,Mardi,android,1.7883892,29309940,207262,928191,Parking public,3.22,4.51,Fès,30000,34.041062712724916,-5.014538271379884
2301956,1.4,0015-07-07 19:51:28,0015-07-07 20:47:05,19,20,0.926944444,Mardi,android,1.7883892,29309940,207262,928191,Parking public,2.64,3.7,Fès,30000,34.045331425498055,-4.977814036246761
5901960,4.87,0015-07-08 13:15:36,0015-07-08 15:06:06,13,15,1.841666667,Mercredi,android,1.7883892,29309940,207262,928191,Parking public,2.23,10.86,Fès,30000,34.003361796179014,-5.02256584489559
9497921,6.95,0015-07-14 11:49:37,0015-07-14 15:29:04,11,15,3.6575,Mardi,android,1.7883892,29309940,207262,928191,Parking public,2.87,19.95,Fès,30000,34.01311718532483,-4.987100191842353
3675122,0.19,0015-07-15 12:38:23,0015-07-15 12:44:05,12,12,0.095,Mercredi,android,1.7883892,29309940,207262,928191,Parking public,3.03,0.58,Fès,30000,34.04588276303806,-5.024230062823214
4730066,6.56,0015-07-15 12:48:54,0015-07-15 15:17:06,12,15,2.47,Mercredi,android,1.7883892,29309940,207262,928191,Parking public,3.41,22.37,Fès,30000,34.04308312481469,-4.99291172877513
6223647,3.92,0015-07-16 11:51:51,0015-07-16 14:49:07,11,14,2.954444444,Jeudi,android,1.7883892,29309940,207262,928191,Parking public,3.04,11.92,Fès,30000,34.06106285030772,-5.008935962052852
5721748,1.55,0015-07-16 17:31:56,0015-07-16 18:07:07,17,18,0.586388889,Jeudi,android,1.7883892,29309940,425476,928191,Parking public,1.53,2.37,Tanger,90000,35.77516226741505,-5.816665162222048
1900773,6.27,0015-07-20 18:07:07,0015-07-20 20:31:06,18,20,2.399722222,Lundi,android,1.7883892,29309940,207262,928191,Parking public,1.64,10.28,Fès,30000,34.060146362463875,-5.016278573070478
3668380,6.88,0015-07-21 11:46:37,0015-07-21 15:06:06,11,15,3.324722222,Mardi,android,1.7883892,29309940,207262,928191,Parking public,2.02,13.9,Fès,30000,34.045252430092084,-4.991947890236602
7713950,1.98,0015-07-21 16:41:03,0015-07-21 17:36:06,16,17,0.9175,Mardi,android,1.7883892,29309940,425476,928191,Parking public,1.58,3.13,Tanger,90000,35.74738313251837,-5.849859047925446
3386107,5.5,0015-07-22 11:49:30,0015-07-22 15:11:06,11,15,3.36,Mercredi,android,1.7883892,29309940,207262,928191,Parking public,1.62,8.91,Fès,30000,34.00942189533505,-4.987480383013271
9859237,5.04,0015-07-23 11:42:48,0015-07-23 15:02:06,11,15,3.321666667,Jeudi,android,1.7883892,29309940,207262,928191,Parking public,3.08,15.52,Fès,30000,34.050009431800696,-4.977879317926355
3128571,1.37,0015-07-23 16:52:44,0015-07-23 17:36:07,16,17,0.723055556,Jeudi,android,1.7883892,29309940,207262,928191,Parking public,2.51,3.44,Fès,30000,34.041748953288554,-5.022691892052395
4068586,3.6,0015-07-24 17:04:39,0015-07-24 20:02:06,17,20,2.9575,Vendredi,android,1.7883892,29309940,207262,928191,Parking public,2.76,9.94,Fès,30000,34.0059911607436,-4.97830425868427
8066267,4.57,0015-07-27 16:30:51,0015-07-27 20:31:05,16,20,4.003888889,Lundi,android,1.7883892,29309940,425476,928191,Parking public,2.5,11.42,Tanger,90000,35.75110302795406,-5.828385484735142
1195379,4.07,0015-07-28 17:39:05,0015-07-28 20:46:09,17,20,3.117777778,Mardi,android,1.7883892,29309940,207262,928191,Parking public,2.33,9.48,Fès,30000,34.060507988929054,-5.022673370547979
5732469,6.91,0015-07-29 17:16:27,0015-07-29 20:58:12,17,20,3.695833333,Mercredi,android,1.7883892,29309940,207262,928191,Parking public,2.9,20.04,Fès,30000,34.03312406874261,-5.004647488678417
9635186,5.46,0015-07-31 12:35:06,0015-07-31 15:58:06,12,15,3.383333333,Vendredi,android,1.7883892,29309940,207262,928191,Parking public,1.66,9.06,Fès,30000,34.02906374816118,-5.0206483823908945
4909598,3.17,0015-08-03 17:47:51,0015-08-03 19:58:18,17,19,2.174166667,Lundi,android,1.7883892,29309940,207262,928191,Parking public,2.57,8.15,Fès,30000,34.030561976309556,-4.988279126668006
8781240,6.83,0015-08-04 11:51:12,0015-08-04 14:07:08,11,14,2.265555556,Mardi,android,1.7883892,29309940,207262,928191,Parking public,2.73,18.65,Fès,30000,34.01563296344031,-4.984767911934923
3878736,1.84,0015-08-04 17:23:56,0015-08-04 18:57:06,17,18,1.552777778,Mardi,android,1.7883892,29309940,207262,928191,Parking public,2.05,3.77,Fès,30000,34.02522243025189,-5.023952208783633
7840896,4.47,0015-08-05 12:12:39,0015-08-05 15:45:08,12,15,3.541388889,Mercredi,android,1.7883892,29309940,207262,928191,Parking public,2.12,9.48,Fès,30000,34.02528879535923,-4.999931608838321
5641373,1.11,0015-08-05 17:14:52,0015-08-05 17:38:11,17,17,0.388611111,Mercredi,android,1.7883892,29309940,207262,928191,Parking public,2.52,2.8,Fès,30000,34.00624130121125,-4.981422496638445
5331801,1.75,0015-08-06 11:52:30,0015-08-06 12:49:06,11,12,0.943333333,Jeudi,android,1.7883892,29309940,207262,928191,Parking public,1.91,3.34,Fès,30000,34.04915405771107,-4.97413021750694
5323364,1.76,0015-08-06 17:18:21,0015-08-06 19:46:06,17,19,2.4625,Jeudi,android,1.7883892,29309940,425476,928191,Parking public,3.12,5.49,Tanger,90000,35.754490265914235,-5.833188927995494
9011283,3.26,0015-08-07 17:24:06,0015-08-07 21:35:08,17,21,4.183888889,Vendredi,android,1.7883892,29309940,207262,928191,Parking public,2.57,8.38,Fès,30000,34.052430793208984,-4.973283246583316
6865939,6.8,0015-08-10 12:04:08,0015-08-10 14:45:09,12,14,2.683611111,Lundi,android,1.7883892,29309940,207262,928191,Parking public,2.28,15.5,Fès,30000,34.05412088006719,-4.998158661772639
6381198,1.83,0015-08-10 17:49:28,0015-08-10 19:05:08,17,19,1.261111111,Lundi,android,1.7883892,29309940,425476,928191,Parking public,2.77,5.07,Tanger,90000,35.74221964328192,-5.8403485703240055
5224768,3.76,0015-08-11 17:02:38,0015-08-11 20:54:06,17,20,3.857777778,Mardi,android,1.7883892,29309940,944575,928191,Parking public,3.17,11.92,Casablanca,20000,33.5825412089302,-7.5689078122868265
2699972,4.38,0015-08-12 11:41:43,0015-08-12 14:06:08,11,14,2.406944444,Mercredi,android,1.7883892,29309940,207262,928191,Parking public,2.86,12.53,Fès,30000,34.03143690824977,-5.000721037372515
1849666,1.68,0015-08-12 17:19:57,0015-08-12 18:54:06,17,18,1.569166667,Mercredi,android,1.7883892,29309940,207262,928191,Parking public,1.63,2.74,Fès,30000,34.05590940427528,-5.001985849366129
5500517,3.17,0015-08-13 16:55:43,0015-08-13 20:48:11,16,20,3.874444444,Jeudi,android,1.7883892,29309940,944575,928191,Parking public,2.9,9.19,Casablanca,20000,33.55604444075058,-7.590381250635411
7577913,6.69,0015-08-14 12:59:27,0015-08-14 15:48:12,12,15,2.8125,Vendredi,android,1.7883892,29309940,207262,928191,Parking public,2.96,19.8,Fès,30000,34.043768792018604,-4.979492899887815
9905130,2.56,0015-08-14 16:53:15,0015-08-14 17:56:06,16,17,1.0475,Vendredi,android,1.7883892,29309940,728918,928191,Parking public,3.19,8.17,Rabat,10000,34.02736512733516,-6.821683507498717
4235665,6.76,0015-08-17 12:09:52,0015-08-17 14:45:09,12,14,2.588055556,Lundi,android,1.7883892,29309940,207262,928191,Parking public,1.62,10.95,Fès,30000,34.02081808865431,-5.006088800453588
7605626,2.9,0015-08-17 18:00:11,0015-08-17 20:10:08,18,20,2.165833333,Lundi,android,1.7883892,29309940,207262,928191,Parking public,1.67,4.84,Fès,30000,34.011296054219066,-5.010302008407769
9263764,3.27,0015-08-18 16:42:22,0015-08-18 19:12:07,16,19,2.495833333,Mardi,android,1.7883892,29309940,207262,928191,Parking public,2.37,7.75,Fès,30000,34.04219838562864,-5.000784318557653
6973495,4.92,0015-08-19 11:45:40,0015-08-19 15:33:06,11,15,3.790555556,Mercredi,android,1.7883892,29309940,207262,928191,Parking public,2.41,11.86,Fès,30000,34.04741584748794,-4.995933649415774
1152407,4.19,0015-08-20 11:51:46,0015-08-20 16:07:06,11,16,4.255555556,Jeudi,android,1.7883892,29309940,728918,928191,Parking public,2.72,11.4,Rabat,10000,34.0098376406258,-6.85729976736232
3802199,5.16,0015-08-21 11:54:15,0015-08-21 17:44:06,11,17,5.830833333,Vendredi,android,1.7883892,29309940,728918,928191,Parking public,2.12,10.94,Rabat,10000,34.02958995624134,-6.823962694917064
2740781,3.47,0015-08-24 12:41:42,0015-08-24 14:06:06,12,14,1.406666667,Lundi,android,1.7883892,29309940,728918,928191,Parking public,2.98,10.34,Rabat,10000,34.014607854456685,-6.842411034056054
3921446,1.96,0015-08-24 17:46:17,0015-08-24 20:26:05,17,20,2.663333333,Lundi,android,1.7883892,29309940,728918,928191,Parking public,2.98,5.84,Rabat,10000,34.033692412996956,-6.851557267094802
8398092,6.42,0015-08-25 12:51:52,0015-08-25 14:57:05,12,14,2.086944444,Mardi,android,1.7883892,29309940,207262,928191,Parking public,1.74,11.17,Fès,30000,34.01505291649364,-5.023890740422161
6131003,1.94,0015-08-25 17:34:10,0015-08-25 18:20:07,17,18,0.765833333,Mardi,android,1.7883892,29309940,207262,928191,Parking public,2.92,5.66,Fès,30000,34.05651290015817,-5.015969290375784
9256457,4.79,0015-08-26 12:32:04,0015-08-26 14:23:06,12,14,1.850555556,Mercredi,android,1.7883892,29309940,728918,928191,Parking public,2.9,13.89,Rabat,10000,34.00814457578793,-6.814643129694641
8545696,0.84,0015-08-26 16:25:10,0015-08-26 16:43:07,16,16,0.299166667,Mercredi,android,1.7883892,29309940,207262,928191,Parking public,1.83,1.54,Fès,30000,34.025167159265365,-5.011994018790829
1390214,2.76,0015-08-27 11:48:07,0015-08-27 14:26:07,11,14,2.633333333,Jeudi,android,1.7883892,29309940,728918,928191,Parking public,3.41,9.41,Rabat,10000,33.99438551712482,-6.861468442637977
6610848,1.4,0015-08-27 17:51:40,0015-08-27 21:08:06,17,21,3.273888889,Jeudi,android,1.7883892,29309940,728918,928191,Parking public,2.55,3.57,Rabat,10000,33.997590732739276,-6.8439596325007
5923580,3.82,0015-08-31 14:14:55,0015-08-31 15:31:09,14,15,1.270555556,Lundi,android,1.7883892,29309940,728918,928191,Parking public,3.07,11.73,Rabat,10000,34.021851714162736,-6.853174735398385
6308807,5.1,0015-08-31 17:35:45,0015-08-31 20:58:07,17,20,3.372777778,Lundi,android,1.7883892,29309940,728918,928191,Parking public,2.94,14.99,Rabat,10000,34.00695556060368,-6.869490444983728
9535905,3.75,0015-09-01 17:34:38,0015-09-01 20:46:06,17,20,3.191111111,Mardi,android,1.7883892,29309940,728918,928191,Parking public,1.83,6.86,Rabat,10000,34.04102881354453,-6.852211286963235
2875884,1.87,0015-09-02 12:57:54,0015-09-02 15:35:13,12,15,2.621944444,Mercredi,android,1.7883892,29309940,728918,928191,Parking public,1.75,3.27,Rabat,10000,33.991781603319296,-6.838953482563632
3143689,2.02,0015-09-02 17:18:02,0015-09-02 18:22:10,17,18,1.068888889,Mercredi,android,1.7883892,29309940,425476,928191,Parking public,3.06,6.18,Tanger,90000,35.75224564292032,-5.830897257678801
5649753,2.85,0015-09-03 11:58:48,0015-09-03 13:26:07,11,13,1.455277778,Jeudi,android,1.7883892,29309940,728918,928191,Parking public,2.04,5.81,Rabat,10000,34.01114073280614,-6.8502064647293865
4818990,1.74,0015-09-03 17:12:25,0015-09-03 18:59:07,17,18,1.778333333,Jeudi,android,1.7883892,29309940,425476,928191,Parking public,3.27,5.69,Tanger,90000,35.73065965785506,-5.837161834624844
4210262,4.36,0015-09-08 11:49:39,0015-09-08 13:35:12,11,13,1.759166667,Mardi,android,1.7883892,29309940,728918,928191,Parking public,3.04,13.25,Rabat,10000,33.998362103940025,-6.8136689249059135
1808603,1.66,0015-09-08 16:56:18,0015-09-08 18:13:08,16,18,1.280555556,Mardi,android,1.7883892,29309940,207262,928191,Parking public,1.56,2.59,Fès,30000,34.02791856049512,-5.007659091366182
2960134,5.16,0015-09-09 12:19:39,0015-09-09 14:09:11,12,14,1.825555556,Mercredi,android,1.7883892,29309940,728918,928191,Parking public,3.11,16.05,Rabat,10000,34.020471875066846,-6.856106391204401
5296855,3.33,0015-09-10 11:32:52,0015-09-10 12:53:08,11,12,1.337777778,Jeudi,android,1.7883892,29309940,207262,928191,Parking public,2.04,6.79,Fès,30000,34.02735738483529,-5.015691977355995
6646079,3.35,0015-09-11 11:52:07,0015-09-11 13:30:10,11,13,1.634166667,Vendredi,android,1.7883892,29309940,207262,928191,Parking public,1.63,5.46,Fès,30000,34.034956260704725,-5.0028341232377525
8621467,3.89,0015-09-11 17:21:41,0015-09-11 18:45:09,17,18,1.391111111,Vendredi,android,1.7883892,29309940,207262,928191,Parking public,2.92,11.36,Fès,30000,34.03880790049434,-4.984728791076984
2282064,3.8,0015-09-14 13:34:42,0015-09-14 15:00:09,13,15,1.424166667,Lundi,android,1.7883892,29309940,236379,928191,Parking public,2.65,10.07,Oujda,60000,34.65729542926767,-1.9290407089486916
5089275,1.46,0015-09-14 17:55:39,0015-09-14 20:16:06,17,20,2.340833333,Lundi,android,1.7883892,29309940,207262,928191,Parking public,1.65,2.41,Fès,30000,34.030945709567206,-4.987742232371554
2096692,4.12,0015-09-15 17:15:20,0015-09-15 21:09:12,17,21,3.897777778,Mardi,android,1.7883892,29309940,207262,928191,Parking public,2.41,9.93,Fès,30000,34.06090995445325,-5.029031010599035
4075485,5.18,0015-09-16 10:33:34,0015-09-16 12:47:09,10,12,2.226388889,Mercredi,android,1.7883892,29309940,728918,928191,Parking public,2.22,11.5,Rabat,10000,34.02204193680777,-6.846464021320963
5633289,4.24,0015-09-17 11:55:55,0015-09-17 14:35:12,11,14,2.654722222,Jeudi,android,1.7883892,29309940,207262,928191,Parking public,2.5,10.6,Fès,30000,34.043752536047535,-4.983748096087833
4015394,1.67,0015-09-17 17:12:40,0015-09-17 17:54:09,17,17,0.691388889,Jeudi,android,1.7883892,29309940,728918,928191,Parking public,2.63,4.39,Rabat,10000,34.00961183147501,-6.851276022653534
3576378,6.52,0015-09-22 12:04:02,0015-09-22 15:24:11,12,15,3.335833333,Mardi,android,1.7883892,29309940,728918,928191,Parking public,2.24,14.6,Rabat,10000,34.03733948268916,-6.837775773913275
1634595,1.78,0015-09-22 16:39:20,0015-09-22 18:11:06,16,18,1.529444444,Mardi,android,1.7883892,29309940,728918,928191,Parking public,2.01,3.58,Rabat,10000,34.03727528891257,-6.859301246030445
6818941,1.41,0015-09-23 12:30:31,0015-09-23 15:46:08,12,15,3.260277778,Mercredi,android,1.7883892,29309940,207262,928191,Parking public,1.71,2.41,Fès,30000,34.03437776285924,-4.98578027653243
8776297,3.26,0015-09-24 11:44:43,0015-09-24 14:21:06,11,14,2.606388889,Jeudi,android,1.7883892,29309940,728918,928191,Parking public,2.65,8.64,Rabat,10000,34.04946082939675,-6.868463253803874
6547922,1.63,0015-09-24 17:27:28,0015-09-24 18:26:09,17,18,0.978055556,Jeudi,android,1.7883892,29309940,728918,928191,Parking public,2.95,4.81,Rabat,10000,33.998433012885755,-6.820447441307469
6860912,2.24,0015-09-25 12:35:02,0015-09-25 13:46:06,12,13,1.184444444,Vendredi,android,1.7883892,29309940,207262,928191,Parking public,1.96,4.39,Fès,30000,34.00411685989337,-5.0184082168147
7819013,6.8,0015-09-28 11:39:15,0015-09-28 14:03:08,11,14,2.398055556,Lundi,android,1.7883892,29309940,728918,928191,Parking public,2.52,17.14,Rabat,10000,34.037109492705426,-6.8191361180975
5815160,2.25,0015-09-28 16:59:05,0015-09-28 18:19:07,16,18,1.333888889,Lundi,android,1.7883892,29309940,728918,928191,Parking public,1.59,3.58,Rabat,10000,34.03932933224189,-6.850448245521969
5113059,1.38,0015-09-29 12:09:10,0015-09-29 12:47:06,12,12,0.632222222,Mardi,android,1.7883892,29309940,728918,928191,Parking public,3.23,4.46,Rabat,10000,33.99811243374723,-6.828238985531531
5029173,1.78,0015-09-29 17:56:49,0015-09-29 20:49:06,17,20,2.871388889,Mardi,android,1.7883892,29309940,728918,928191,Parking public,1.99,3.54,Rabat,10000,34.00683496997751,-6.852446482132828
7322427,4.54,0015-09-30 11:54:45,0015-09-30 13:55:11,11,13,2.007222222,Mercredi,android,1.7883892,29309940,207262,928191,Parking public,2.44,11.08,Fès,30000,34.00415314180199,-4.975945299725922
7719120,4.02,0015-10-01 11:33:17,0015-10-01 14:31:06,11,14,2.963611111,Jeudi,android,1.7883892,29309940,207262,928191,Parking public,2.27,9.13,Fès,30000,34.02069851664683,-5.022701772468897
4933585,2.63,0015-10-01 16:54:28,0015-10-01 18:36:07,16,18,1.694166667,Jeudi,android,1.7883892,29309940,728918,928191,Parking public,1.8,4.73,Rabat,10000,34.03728851243512,-6.860888812643644
5617073,6.28,0015-10-02 16:59:29,0015-10-02 19:53:05,16,19,2.893333333,Vendredi,android,8.5840196,25628328,987396,978130,Bureau / Entreprise,3.36,21.1,Marrakech,40000,31.630577631662756,-7.981518192490472
5573137,6.87,0015-06-30 12:10:25,0015-06-30 15:19:06,12,15,3.144722222,Mardi,ios,28.891993,54832140,489543,868085,Parking public,3.21,22.05,Casablanca,20000,33.563985735590094,-7.614883693657712
3003938,6.88,0015-07-01 12:13:41,0015-07-01 15:10:12,12,15,2.941944444,Mercredi,ios,28.891993,54832140,932939,868085,Parking public,2.61,17.96,Casablanca,20000,33.565404357694376,-7.608041188917895
6455395,6.91,0015-08-28 12:54:53,0015-08-28 15:42:06,12,15,2.786944444,Vendredi,ios,28.891993,54832140,995505,868085,Parking public,3.33,23.01,Marrakech,40000,31.59958121754293,-7.9544740170672785
3759245,6.69,0015-09-03 16:06:02,0015-09-03 20:19:08,16,20,4.218333333,Jeudi,ios,28.891993,54832140,995505,868085,Parking public,2.98,19.94,Marrakech,40000,31.617488031653913,-7.952510620331126
1996427,6.71,0015-09-15 11:53:08,0015-09-15 15:57:06,11,15,4.066111111,Mardi,ios,28.891993,54832140,664306,868085,Parking public,2.34,15.7,Agadir,80000,30.43658752449828,-9.605524440240176
7411758,6.71,0015-09-17 12:11:19,0015-09-17 15:55:12,12,15,3.731388889,Jeudi,ios,28.891993,54832140,664306,868085,Parking public,2.14,14.36,Agadir,80000,30.456251666628983,-9.572702838739165
6000745,6.76,0015-10-01 12:39:35,0015-10-01 16:08:06,12,16,3.475277778,Jeudi,ios,28.891993,54832140,664306,868085,Parking public,2.33,15.75,Agadir,80000,30.448623649619034,-9.595410519459595
7713334,6.65,0015-06-15 11:18:06,0015-06-15 15:17:07,11,15,3.983611111,Lundi,android,,48821751,237105,948590,Centre commercial,2.94,19.55,Oujda,60000,34.658115697878735,-1.925215452047574
8854929,6.82,0015-06-16 13:03:44,0015-06-16 15:25:08,13,15,2.356666667,Mardi,android,,48821751,237105,948590,Centre commercial,2.04,13.91,Oujda,60000,34.71061363628049,-1.899256076735164
2037490,6.58,0015-06-19 11:16:22,0015-06-19 15:38:16,11,15,4.365,Vendredi,android,,48821751,237105,948590,Centre commercial,1.66,10.92,Oujda,60000,34.70369190479792,-1.9018658916055085
9127790,6.84,0015-06-22 11:12:25,0015-06-22 15:12:05,11,15,3.994444444,Lundi,android,,48821751,575971,948590,Centre commercial,2.25,15.39,Rabat,10000,34.03772256741426,-6.812252480853475
6470613,7.09,0015-06-23 11:10:44,0015-06-23 20:03:05,11,20,8.8725,Mardi,android,,48821751,575971,948590,Centre commercial,2.5,17.73,Rabat,10000,34.01837974554021,-6.855697162755443
3786360,6.58,0015-06-24 11:13:24,0015-06-24 15:41:05,11,15,4.461388889,Mercredi,android,,48821751,237105,948590,Centre commercial,3.3,21.71,Oujda,60000,34.680580317577274,-1.9010764298402958
4494608,6.76,0015-06-25 11:14:32,0015-06-25 15:41:06,11,15,4.442777778,Jeudi,android,,48821751,575971,948590,Centre commercial,1.86,12.57,Rabat,10000,34.00907494372999,-6.868478574698233
3910056,6.72,0015-06-26 11:12:37,0015-06-26 18:58:10,11,18,7.759166667,Vendredi,android,,48821751,575971,948590,Centre commercial,3.11,20.9,Rabat,10000,33.99484169153726,-6.864781237678197
6556761,6.73,0015-07-07 11:24:27,0015-07-07 15:30:08,11,15,4.094722222,Mardi,android,,48821751,575971,948590,Centre commercial,3.46,23.29,Rabat,10000,34.00459412180962,-6.871364897502934
4109622,6.7,0015-07-08 11:06:35,0015-07-08 15:43:15,11,15,4.611111111,Mercredi,android,,48821751,237105,948590,Centre commercial,3.41,22.85,Oujda,60000,34.67149621809868,-1.8814323591364197
1493824,6.74,0015-07-10 11:12:17,0015-07-10 15:19:07,11,15,4.113888889,Vendredi,android,,48821751,237105,948590,Centre commercial,1.64,11.05,Oujda,60000,34.68574462418261,-1.8932635781711513
9493440,6.61,0015-07-13 11:16:09,0015-07-13 14:56:06,11,14,3.665833333,Lundi,android,,48821751,237105,948590,Centre commercial,2.43,16.06,Oujda,60000,34.701546664395806,-1.8941966191159876
3029847,6.63,0015-07-15 11:18:38,0015-07-15 15:07:05,11,15,3.8075,Mercredi,android,,48821751,237105,948590,Centre commercial,2.06,13.66,Oujda,60000,34.68512858970388,-1.9108164354827093
2139022,6.67,0015-07-16 11:20:15,0015-07-16 15:57:06,11,15,4.614166667,Jeudi,android,,48821751,237105,948590,Centre commercial,3.19,21.28,Oujda,60000,34.660170666966835,-1.9233959750256735
8618154,6.66,0015-07-17 11:12:15,0015-07-17 15:14:06,11,15,4.030833333,Vendredi,android,,48821751,237105,948590,Centre commercial,2.15,14.32,Oujda,60000,34.714167388059295,-1.9323241429322395
9641385,6.85,0015-07-20 11:14:44,0015-07-20 15:01:07,11,15,3.773055556,Lundi,android,,48821751,575971,948590,Centre commercial,2.61,17.88,Rabat,10000,34.047463459145646,-6.854519515669212
4964682,6.63,0015-07-21 11:10:30,0015-07-21 15:07:05,11,15,3.943055556,Mardi,android,,48821751,237105,948590,Centre commercial,1.52,10.08,Oujda,60000,34.70381137258891,-1.9188417266842517
8963932,6.72,0015-07-22 11:22:29,0015-07-22 14:48:06,11,14,3.426944444,Mercredi,android,,48821751,575971,948590,Centre commercial,1.9,12.77,Rabat,10000,34.050379674093854,-6.826221394181182
5127543,6.75,0015-07-23 11:20:35,0015-07-23 15:16:06,11,15,3.925277778,Jeudi,android,,48821751,237105,948590,Centre commercial,2.63,17.75,Oujda,60000,34.68936893996802,-1.9090202926658109
3808236,6.72,0015-07-24 11:18:56,0015-07-24 15:28:14,11,15,4.155,Vendredi,android,,48821751,237105,948590,Centre commercial,2.11,14.18,Oujda,60000,34.71446610101519,-1.936750982406671
3443097,6.63,0015-07-27 11:19:51,0015-07-27 15:27:05,11,15,4.120555556,Lundi,android,,48821751,237105,948590,Centre commercial,2.75,18.23,Oujda,60000,34.661236302437004,-1.9403182594624653
6075205,6.69,0015-07-28 11:13:17,0015-07-28 15:18:11,11,15,4.081666667,Mardi,android,,48821751,237105,948590,Centre commercial,2.43,16.26,Oujda,60000,34.67864084489568,-1.9352600692279562
2581511,6.71,0015-07-29 11:24:34,0015-07-29 16:05:14,11,16,4.677777778,Mercredi,android,,48821751,575971,948590,Centre commercial,2.68,17.98,Rabat,10000,34.004422876080405,-6.846970077178157
1840118,6.56,0015-07-30 11:10:38,0015-07-30 15:11:06,11,15,4.007777778,Jeudi,android,,48821751,237105,948590,Centre commercial,2.49,16.33,Oujda,60000,34.668449985048056,-1.8854084249770588
8314036,6.69,0015-08-04 11:13:43,0015-08-04 15:09:08,11,15,3.923611111,Mardi,android,,48821751,237105,948590,Centre commercial,3.05,20.4,Oujda,60000,34.66514817693356,-1.9031558511274467
3853837,6.71,0015-08-05 11:14:58,0015-08-05 15:26:06,11,15,4.185555556,Mercredi,android,,48821751,575971,948590,Centre commercial,1.89,12.68,Rabat,10000,34.02824481849396,-6.823490446007469
6862293,6.81,0015-08-06 11:13:31,0015-08-06 15:10:13,11,15,3.945,Jeudi,android,,48821751,237105,948590,Centre commercial,3.3,22.47,Oujda,60000,34.70357931134484,-1.9134175243297271
3040791,6.9,0015-08-10 16:24:31,0015-08-10 20:05:09,16,20,3.677222222,Lundi,android,,48821751,575971,948590,Centre commercial,3.02,20.84,Rabat,10000,34.02559790396522,-6.8499000350082975
5235131,6.73,0015-08-11 11:25:39,0015-08-11 15:20:10,11,15,3.908611111,Mardi,android,,48821751,575971,948590,Centre commercial,1.99,13.39,Rabat,10000,33.99971776257529,-6.865095977637003
1528278,6.57,0015-08-12 11:34:58,0015-08-12 15:16:07,11,15,3.685833333,Mercredi,android,,48821751,237105,948590,Centre commercial,1.51,9.92,Oujda,60000,34.70536742619601,-1.8888440186688278
1298872,6.69,0015-08-13 11:09:48,0015-08-13 15:47:07,11,15,4.621944444,Jeudi,android,,48821751,237105,948590,Centre commercial,2.32,15.52,Oujda,60000,34.69485728242982,-1.8944103982583258
5610902,6.72,0015-08-14 11:19:05,0015-08-14 15:25:09,11,15,4.101111111,Vendredi,android,,48821751,575971,948590,Centre commercial,1.97,13.24,Rabat,10000,34.014189942367615,-6.861512914144136
5116833,6.62,0015-08-17 11:15:54,0015-08-17 15:22:07,11,15,4.103611111,Lundi,android,,48821751,237105,948590,Centre commercial,2.19,14.5,Oujda,60000,34.697147817732166,-1.9106643661674243
9291081,6.71,0015-08-19 11:16:05,0015-08-19 15:22:06,11,15,4.100277778,Mercredi,android,,48821751,575971,948590,Centre commercial,3.18,21.34,Rabat,10000,34.00649429875457,-6.842357511524725
8729339,6.67,0015-08-20 11:14:36,0015-08-20 15:05:09,11,15,3.8425,Jeudi,android,,48821751,575971,948590,Centre commercial,3.25,21.68,Rabat,10000,34.01161153250965,-6.834094506838808
4563088,6.54,0015-08-21 11:15:05,0015-08-21 15:12:11,11,15,3.951666667,Vendredi,android,,48821751,237105,948590,Centre commercial,3.4,22.24,Oujda,60000,34.71174915058792,-1.8846287863605242
7553504,6.69,0015-08-24 16:09:05,0015-08-24 20:11:05,16,20,4.033333333,Lundi,android,,48821751,237105,948590,Centre commercial,1.5,10.04,Oujda,60000,34.674130270340285,-1.9066137134942511
8403743,6.64,0015-08-25 11:18:46,0015-08-25 15:34:06,11,15,4.255555556,Mardi,android,,48821751,575971,948590,Centre commercial,2.81,18.66,Rabat,10000,34.01909929608947,-6.839186963993282
7501809,6.73,0015-08-26 11:14:42,0015-08-26 15:16:06,11,15,4.023333333,Mercredi,android,,48821751,237105,948590,Centre commercial,3.2,21.54,Oujda,60000,34.71010846824376,-1.93838062402392
6392960,6.66,0015-08-27 11:18:48,0015-08-27 15:21:07,11,15,4.038611111,Jeudi,android,,48821751,575971,948590,Centre commercial,2.95,19.65,Rabat,10000,34.03336328101605,-6.867825551438918
2160036,6.84,0015-08-31 11:15:41,0015-08-31 15:19:09,11,15,4.057777778,Lundi,android,,48821751,575971,948590,Centre commercial,1.71,11.7,Rabat,10000,33.99463219356988,-6.860359192520392
2305045,6.83,0015-09-01 15:25:07,0015-09-01 20:06:09,15,20,4.683888889,Mardi,android,,48821751,237105,948590,Centre commercial,2.56,17.48,Oujda,60000,34.66553818265674,-1.939451753698495
9352677,6.58,0015-09-02 11:13:37,0015-09-02 15:05:10,11,15,3.859166667,Mercredi,android,,48821751,237105,948590,Centre commercial,1.98,13.03,Oujda,60000,34.657170495446316,-1.8967988262657993
3098369,6.76,0015-09-03 11:17:38,0015-09-03 15:04:11,11,15,3.775833333,Jeudi,android,,48821751,237105,948590,Centre commercial,2.48,16.76,Oujda,60000,34.69455530741375,-1.8980001817603622
8642812,6.74,0015-09-04 11:20:27,0015-09-04 15:53:07,11,15,4.544444444,Vendredi,android,,48821751,575971,948590,Centre commercial,1.62,10.92,Rabat,10000,34.01776040552462,-6.863436625934101
5129815,1.97,0015-09-04 16:51:57,0015-09-04 17:39:08,16,17,0.786388889,Vendredi,android,,48821751,575971,948590,Centre commercial,3.49,6.88,Rabat,10000,33.99895649105414,-6.821435265952283
3031046,6.62,0015-09-08 11:20:25,0015-09-08 15:35:13,11,15,4.246666667,Mardi,android,,48821751,575971,948590,Centre commercial,2.92,19.33,Rabat,10000,34.0483760472634,-6.862312837909233
2821369,6.79,0015-09-11 11:16:33,0015-09-11 15:24:07,11,15,4.126111111,Vendredi,android,,48821751,575971,948590,Centre commercial,1.69,11.48,Rabat,10000,34.022679583436734,-6.853529464780158
4841499,6.75,0015-09-15 11:17:57,0015-09-15 15:14:10,11,15,3.936944444,Mardi,android,,48821751,575971,948590,Centre commercial,3.34,22.54,Rabat,10000,34.00541359764677,-6.856661386050318
1938872,6.7,0015-09-16 15:28:54,0015-09-16 20:07:08,15,20,4.637222222,Mercredi,android,,48821751,575971,948590,Centre commercial,3.29,22.04,Rabat,10000,34.02093621426928,-6.849261574085617
9498923,6.7,0015-09-17 11:22:57,0015-09-17 15:48:07,11,15,4.419444444,Jeudi,android,,48821751,237105,948590,Centre commercial,2.54,17.02,Oujda,60000,34.69747721996411,-1.9261201740466023
4482692,6.69,0015-09-18 11:22:44,0015-09-18 15:20:11,11,15,3.9575,Vendredi,android,,48821751,237105,948590,Centre commercial,2.9,19.4,Oujda,60000,34.66127435307842,-1.912062944413693
4676726,2.88,0015-09-21 11:27:14,0015-09-21 12:22:09,11,12,0.915277778,Lundi,android,,48821751,237105,948590,Centre commercial,2.24,6.45,Oujda,60000,34.673182228902874,-1.9169555271187189
2010414,6.88,0015-09-28 11:19:11,0015-09-28 15:21:08,11,15,4.0325,Lundi,android,,48821751,575971,948590,Centre commercial,3.45,23.74,Rabat,10000,34.039317929453034,-6.8124058305532404
7249349,6.62,0015-09-29 11:23:03,0015-09-29 15:24:09,11,15,4.018333333,Mardi,android,,48821751,575971,948590,Centre commercial,1.67,11.06,Rabat,10000,34.01847989222416,-6.868244418992306
4087293,6.64,0015-09-30 11:23:13,0015-09-30 20:10:10,11,20,8.7825,Mercredi,android,,48821751,237105,948590,Centre commercial,1.69,11.22,Oujda,60000,34.68949462852194,-1.932869117416759
5201465,6.6,0015-10-01 11:23:12,0015-10-01 15:15:09,11,15,3.865833333,Jeudi,android,,48821751,237105,948590,Centre commercial,1.77,11.68,Oujda,60000,34.68266896013257,-1.9382304463654838
5956611,6.7,0015-10-02 11:19:57,0015-10-02 15:09:07,11,15,3.819444444,Vendredi,android,,48821751,575971,948590,Centre commercial,3.14,21.04,Rabat,10000,33.993533996558575,-6.834049528301057
3194199,7.13,0015-06-30 12:57:38,0015-06-30 16:02:05,12,16,3.074166667,Mardi,android,24.5192012,24478344,995505,868085,Parking public,1.65,11.76,Marrakech,40000,31.60944498678921,-8.007829443355176
1398503,6.97,0015-07-02 12:22:15,0015-07-02 15:21:05,12,15,2.980555556,Jeudi,android,24.5192012,24478344,932939,868085,Parking public,2.64,18.4,Casablanca,20000,33.56983249832451,-7.569613615757433
1061894,7.08,0015-07-06 12:42:54,0015-07-06 15:38:07,12,15,2.920277778,Lundi,android,24.5192012,24478344,489543,868085,Parking public,2.37,16.78,Casablanca,20000,33.55565112792447,-7.589083682159084
9576603,6.95,0015-07-07 12:44:07,0015-07-07 15:40:14,12,15,2.935277778,Mardi,android,24.5192012,24478344,489543,868085,Parking public,3.43,23.84,Casablanca,20000,33.546098741719575,-7.588179542525109
2038261,7.05,0015-07-08 13:29:07,0015-07-08 16:55:11,13,16,3.434444444,Mercredi,android,24.5192012,24478344,932939,868085,Parking public,1.97,13.89,Casablanca,20000,33.5937189798431,-7.586104329537268
3888339,7.09,0015-07-09 13:35:56,0015-07-09 17:16:05,13,17,3.669166667,Jeudi,android,24.5192012,24478344,932939,868085,Parking public,2.02,14.32,Casablanca,20000,33.60197155174984,-7.609551177621627
6295259,6.96,0015-07-10 12:30:16,0015-07-10 16:28:06,12,16,3.963888889,Vendredi,android,24.5192012,24478344,489543,868085,Parking public,2.13,14.82,Casablanca,20000,33.5906885724398,-7.607938581813131
9752578,6.96,0015-07-13 13:03:51,0015-07-13 15:54:06,13,15,2.8375,Lundi,android,24.5192012,24478344,995505,868085,Parking public,3.1,21.58,Marrakech,40000,31.65072709530228,-7.9919709606276195
9677284,7.15,0015-07-14 13:19:03,0015-07-14 16:18:05,13,16,2.983888889,Mardi,android,24.5192012,24478344,995505,868085,Parking public,2.9,20.74,Marrakech,40000,31.61401862781902,-7.975490215050688
9611243,6.83,0015-07-15 12:56:48,0015-07-15 16:21:05,12,16,3.404722222,Mercredi,android,24.5192012,24478344,664306,868085,Parking public,2.97,20.29,Agadir,80000,30.455437618530794,-9.615492933443587
2238454,6.47,0015-07-16 12:33:23,0015-07-16 15:11:05,12,15,2.628333333,Jeudi,android,24.5192012,24478344,664306,868085,Parking public,2.14,13.85,Agadir,80000,30.409615542267208,-9.621120096372005
9355910,6.44,0015-07-17 12:42:54,0015-07-17 15:56:05,12,15,3.219722222,Vendredi,android,24.5192012,24478344,664306,868085,Parking public,2.04,13.14,Agadir,80000,30.454885788621713,-9.569892986814894
2236348,6.49,0015-07-20 12:38:52,0015-07-20 15:17:06,12,15,2.637222222,Lundi,android,24.5192012,24478344,489543,868085,Parking public,1.65,10.71,Casablanca,20000,33.60278915763795,-7.618481091111423
9588433,6.39,0015-07-21 12:50:53,0015-07-21 16:04:06,12,16,3.220277778,Mardi,android,24.5192012,24478344,664306,868085,Parking public,1.91,12.2,Agadir,80000,30.440503368344764,-9.579938155679839
8105306,6.72,0015-07-22 12:39:19,0015-07-22 16:04:06,12,16,3.413055556,Mercredi,android,24.5192012,24478344,995505,868085,Parking public,3.06,20.56,Marrakech,40000,31.65836862390751,-7.963817891025498
5722456,6.48,0015-07-23 12:37:42,0015-07-23 15:35:07,12,15,2.956944444,Jeudi,android,24.5192012,24478344,489543,868085,Parking public,2.67,17.3,Casablanca,20000,33.57727238677402,-7.601967153169294
1425634,6.22,0015-07-24 12:27:41,0015-07-24 14:58:07,12,14,2.507222222,Vendredi,android,24.5192012,24478344,489543,868085,Parking public,1.81,11.26,Casablanca,20000,33.55867250699056,-7.611662403039562
3794094,2.34,0015-07-28 20:21:40,0015-07-28 21:07:08,20,21,0.757777778,Mardi,android,24.5192012,24478344,995505,868085,Parking public,1.83,4.28,Marrakech,40000,31.625719753139936,-8.002362281197675
8872220,4.36,0015-07-29 12:50:08,0015-07-29 14:18:06,12,14,1.466111111,Mercredi,android,24.5192012,24478344,489543,868085,Parking public,2.43,10.59,Casablanca,20000,33.57871365612272,-7.577954102965768
8179643,2.75,0015-07-29 14:45:31,0015-07-29 16:09:07,14,16,1.393333333,Mercredi,android,24.5192012,24478344,489543,868085,Parking public,2.31,6.35,Casablanca,20000,33.54748489372162,-7.58123160453483
2274589,6.93,0015-07-30 12:56:46,0015-07-30 16:25:13,12,16,3.474166667,Jeudi,android,24.5192012,24478344,664306,868085,Parking public,2.57,17.81,Agadir,80000,30.435140595877037,-9.581135259544917
6386904,6.77,0015-07-31 12:28:06,0015-07-31 15:08:06,12,15,2.666666667,Vendredi,android,24.5192012,24478344,932939,868085,Parking public,3.43,23.22,Casablanca,20000,33.60197067020574,-7.563551129656054
3360342,6.97,0015-08-03 12:54:58,0015-08-03 15:27:06,12,15,2.535555556,Lundi,android,24.5192012,24478344,995505,868085,Parking public,1.92,13.38,Marrakech,40000,31.610906458987024,-7.9695843582040045
6536662,1.73,0015-08-03 17:30:31,0015-08-03 19:13:11,17,19,1.711111111,Lundi,android,24.5192012,24478344,932939,868085,Parking public,2.12,3.67,Casablanca,20000,33.5906557069773,-7.610448907806914
8017194,6.56,0015-08-04 11:50:37,0015-08-04 14:24:07,11,14,2.558333333,Mardi,android,24.5192012,24478344,932939,868085,Parking public,2.03,13.32,Casablanca,20000,33.597573927626776,-7.605193442994076
9044877,6.79,0015-08-05 12:52:46,0015-08-05 15:40:07,12,15,2.789166667,Mercredi,android,24.5192012,24478344,489543,868085,Parking public,1.74,11.81,Casablanca,20000,33.59972209556921,-7.569268376147614
4737558,6.47,0015-08-06 11:58:13,0015-08-06 14:30:08,11,14,2.531944444,Jeudi,android,24.5192012,24478344,664306,868085,Parking public,1.82,11.78,Agadir,80000,30.455408136264328,-9.615541635449947
2839183,6.91,0015-08-07 11:51:29,0015-08-07 14:23:07,11,14,2.527222222,Vendredi,android,24.5192012,24478344,489543,868085,Parking public,2.87,19.83,Casablanca,20000,33.57438757832328,-7.615448660982731
9546148,6.8,0015-08-10 11:56:45,0015-08-10 14:58:06,11,14,3.0225,Lundi,android,24.5192012,24478344,664306,868085,Parking public,3.15,21.42,Agadir,80000,30.45643847447949,-9.585903196757465
4069751,6.92,0015-08-11 11:55:09,0015-08-11 15:36:07,11,15,3.682777778,Mardi,android,24.5192012,24478344,664306,868085,Parking public,2.89,20.0,Agadir,80000,30.44323861242807,-9.603948418670592
4615678,5.08,0015-08-12 11:41:04,0015-08-12 13:48:07,11,13,2.1175,Mercredi,android,24.5192012,24478344,569886,868085,Parking public,1.58,8.03,Rabat,10000,34.00060028617421,-6.816397596847246
1821204,6.94,0015-08-13 12:00:39,0015-08-13 14:56:07,12,14,2.924444444,Jeudi,android,24.5192012,24478344,489543,868085,Parking public,3.17,22.0,Casablanca,20000,33.57171400638808,-7.580784695734381
7234316,7.03,0015-08-14 11:53:02,0015-08-14 14:37:07,11,14,2.734722222,Vendredi,android,24.5192012,24478344,932939,868085,Parking public,2.16,15.18,Casablanca,20000,33.586199870522314,-7.614374861332501
2174600,6.97,0015-08-17 12:23:57,0015-08-17 15:40:07,12,15,3.269444444,Lundi,android,24.5192012,24478344,664306,868085,Parking public,1.68,11.71,Agadir,80000,30.412640418949145,-9.57122860596478
3951594,7.11,0015-08-18 16:56:10,0015-08-18 19:53:06,16,19,2.948888889,Mardi,android,24.5192012,24478344,664306,868085,Parking public,2.0,14.22,Agadir,80000,30.436236911012934,-9.612586564181585
5451783,5.87,0015-08-19 12:31:07,0015-08-19 14:26:06,12,14,1.916388889,Mercredi,android,24.5192012,24478344,489543,868085,Parking public,2.21,12.97,Casablanca,20000,33.583096028742794,-7.599567250575623
5691703,7.09,0015-08-20 12:26:45,0015-08-20 15:42:06,12,15,3.255833333,Jeudi,android,24.5192012,24478344,664306,868085,Parking public,2.53,17.94,Agadir,80000,30.407561984628515,-9.603964375178988
2298799,7.0,0015-08-21 13:02:20,0015-08-21 16:41:07,13,16,3.646388889,Vendredi,android,24.5192012,24478344,489543,868085,Parking public,2.85,19.95,Casablanca,20000,33.57700511874716,-7.6167265422157415
6730124,7.08,0015-08-24 12:49:06,0015-08-24 15:36:05,12,15,2.783055556,Lundi,android,24.5192012,24478344,664306,868085,Parking public,2.02,14.3,Agadir,80000,30.444097614658716,-9.598309074666163
9839718,7.01,0015-08-25 12:43:08,0015-08-25 15:17:05,12,15,2.565833333,Mardi,android,24.5192012,24478344,664306,868085,Parking public,3.48,24.39,Agadir,80000,30.427733739872156,-9.620700890535483
5281735,6.43,0015-08-26 12:39:13,0015-08-26 15:48:06,12,15,3.148055556,Mercredi,android,24.5192012,24478344,664306,868085,Parking public,1.56,10.03,Agadir,80000,30.398526187006567,-9.604041780398699
2856200,6.87,0015-08-27 12:26:20,0015-08-27 15:49:06,12,15,3.379444444,Jeudi,android,24.5192012,24478344,489543,868085,Parking public,2.31,15.87,Casablanca,20000,33.543642308144754,-7.598757412720476
6335954,6.86,0015-08-28 12:21:37,0015-08-28 15:27:06,12,15,3.091388889,Vendredi,android,24.5192012,24478344,489543,868085,Parking public,2.4,16.46,Casablanca,20000,33.5645217606382,-7.57342959499441
9167311,7.09,0015-08-31 12:44:03,0015-08-31 16:08:09,12,16,3.401666667,Lundi,android,24.5192012,24478344,489543,868085,Parking public,3.0,21.27,Casablanca,20000,33.598671644105906,-7.571609769302037
7149193,6.95,0015-09-01 12:29:36,0015-09-01 15:00:11,12,15,2.509722222,Mardi,android,24.5192012,24478344,664306,868085,Parking public,2.0,13.9,Agadir,80000,30.411520606776218,-9.618895227056655
1484646,7.04,0015-09-02 12:49:45,0015-09-02 15:30:13,12,15,2.674444444,Mercredi,android,24.5192012,24478344,932939,868085,Parking public,2.42,17.04,Casablanca,20000,33.581161821332294,-7.5978069287572465
9836964,6.55,0015-09-03 12:28:34,0015-09-03 15:59:07,12,15,3.509166667,Jeudi,android,24.5192012,24478344,489543,868085,Parking public,3.11,20.37,Casablanca,20000,33.556424552241594,-7.59739881033809
3030325,6.97,0015-09-08 12:42:43,0015-09-08 15:49:08,12,15,3.106944444,Mardi,android,24.5192012,24478344,664306,868085,Parking public,1.78,12.41,Agadir,80000,30.417100199379576,-9.619015373363835
2871937,3.69,0015-09-11 19:28:24,0015-09-11 20:37:07,19,20,1.145277778,Vendredi,android,24.5192012,24478344,664306,868085,Parking public,1.52,5.61,Agadir,80000,30.44868252537609,-9.580192789696929
2886823,6.89,0015-09-14 12:44:43,0015-09-14 15:28:10,12,15,2.724166667,Lundi,android,24.5192012,24478344,489543,868085,Parking public,3.16,21.77,Casablanca,20000,33.58683168653619,-7.577366300299875
4824131,6.86,0015-09-15 12:42:56,0015-09-15 16:40:12,12,16,3.954444444,Mardi,android,24.5192012,24478344,489543,868085,Parking public,3.47,23.8,Casablanca,20000,33.54882395663879,-7.608377092822178
8348273,6.82,0015-09-16 12:52:42,0015-09-16 15:59:10,12,15,3.107777778,Mercredi,android,24.5192012,24478344,932939,868085,Parking public,1.76,12.0,Casablanca,20000,33.56882212125918,-7.597796685484372
7320834,6.17,0015-09-17 20:09:43,0015-09-17 22:11:08,20,22,2.023611111,Jeudi,android,24.5192012,24478344,569886,868085,Parking public,3.15,19.44,Rabat,10000,33.99265018581871,-6.865251698508609
5597175,6.94,0015-09-18 12:33:04,0015-09-18 16:02:09,12,16,3.484722222,Vendredi,android,24.5192012,24478344,664306,868085,Parking public,2.24,15.55,Agadir,80000,30.42665340879618,-9.590407604174418
6082637,6.4,0015-09-21 12:45:48,0015-09-21 16:14:07,12,16,3.471944444,Lundi,android,24.5192012,24478344,932939,868085,Parking public,2.76,17.66,Casablanca,20000,33.58284604070206,-7.612517684527083
7144595,6.71,0015-09-22 12:51:05,0015-09-22 15:44:10,12,15,2.884722222,Mardi,android,24.5192012,24478344,664306,868085,Parking public,2.79,18.72,Agadir,80000,30.40491015741589,-9.568943949882506
4628069,6.82,0015-09-23 15:10:41,0015-09-23 18:08:07,15,18,2.957222222,Mercredi,android,24.5192012,24478344,932939,868085,Parking public,2.66,18.14,Casablanca,20000,33.56043309633455,-7.572959075518728
1353214,4.35,0015-09-24 13:06:49,0015-09-24 14:29:09,13,14,1.372222222,Jeudi,android,24.5192012,24478344,664306,868085,Parking public,2.02,8.79,Agadir,80000,30.42167019753013,-9.604685687024961
4781445,6.84,0015-09-25 12:45:01,0015-09-25 16:17:05,12,16,3.534444444,Vendredi,android,24.5192012,24478344,664306,868085,Parking public,3.13,21.41,Agadir,80000,30.452971861479366,-9.59338616406324
4632555,6.4,0015-09-25 17:12:23,0015-09-25 20:52:06,17,20,3.661944444,Vendredi,android,24.5192012,24478344,664306,868085,Parking public,1.54,9.86,Agadir,80000,30.45739530092538,-9.573419491027016
7337618,6.71,0015-09-29 12:42:28,0015-09-29 15:34:07,12,15,2.860833333,Mardi,android,24.5192012,24478344,664306,868085,Parking public,1.63,10.94,Agadir,80000,30.400494677939736,-9.594854043176252
4929072,6.37,0015-09-30 12:43:53,0015-09-30 15:13:06,12,15,2.486944444,Mercredi,android,24.5192012,24478344,664306,868085,Parking public,3.3,21.02,Agadir,80000,30.443460475409726,-9.617630090816123
6059087,6.77,0015-10-01 12:41:29,0015-10-01 15:56:06,12,15,3.243611111,Jeudi,android,24.5192012,24478344,932939,868085,Parking public,2.39,16.18,Casablanca,20000,33.56540344398414,-7.597077798665131
4586284,6.9,0015-10-02 12:29:46,0015-10-02 16:04:08,12,16,3.572777778,Vendredi,android,24.5192012,24478344,489543,868085,Parking public,1.76,12.14,Casablanca,20000,33.56664749117377,-7.5692113080982155
7422679,6.7,0015-06-18 17:18:06,0015-06-18 19:36:07,17,19,2.300277778,Jeudi,ios,1.1321908,81701631,623134,620906,Parking public,3.31,22.18,Oujda,60000,34.701955898400826,-1.902747219040623
9572956,6.43,0015-06-19 11:11:46,0015-06-19 13:42:15,11,13,2.508055556,Vendredi,ios,1.1321908,81701631,623134,620906,Parking public,3.16,20.32,Oujda,60000,34.71180558592873,-1.902356536939972
2821715,6.41,0015-06-22 11:12:59,0015-06-22 14:07:06,11,14,2.901944444,Lundi,ios,1.1321908,81701631,623134,620906,Parking public,2.16,13.85,Oujda,60000,34.71375571567015,-1.8893907108586907
8806485,6.44,0015-06-24 11:00:31,0015-06-24 14:05:10,11,14,3.0775,Mercredi,ios,1.1321908,81701631,623134,620906,Parking public,1.59,10.24,Oujda,60000,34.6913273551623,-1.8877616165522497
4070411,5.66,0015-07-06 16:02:27,0015-07-06 19:49:05,16,19,3.777222222,Lundi,ios,1.1321908,81701631,623134,620906,Parking public,2.42,13.7,Oujda,60000,34.67812726955803,-1.8862124456932339
9158871,5.64,0015-07-07 10:53:41,0015-07-07 13:37:06,10,13,2.723611111,Mardi,ios,1.1321908,81701631,623134,620906,Parking public,1.84,10.38,Oujda,60000,34.70395294515153,-1.9357090484048107
1078251,4.16,0015-07-08 17:35:50,0015-07-08 19:49:05,17,19,2.220833333,Mercredi,ios,1.1321908,81701631,623134,620906,Parking public,2.65,11.02,Oujda,60000,34.67176008299574,-1.908752439882214
3494987,6.53,0015-07-15 10:57:55,0015-07-15 14:19:05,10,14,3.352777778,Mercredi,ios,1.1321908,81701631,623134,620906,Parking public,3.14,20.5,Oujda,60000,34.69054444173001,-1.8969694287269008
5455538,4.3,0015-07-16 17:01:52,0015-07-16 20:11:07,17,20,3.154166667,Jeudi,ios,1.1321908,81701631,134427,620906,Parking public,2.29,9.85,Oujda,60000,34.678214707691495,-1.8959843892923791
4486498,6.73,0015-08-13 16:36:41,0015-08-13 20:10:09,16,20,3.557777778,Jeudi,ios,1.1321908,81701631,134427,620906,Parking public,1.56,10.5,Oujda,60000,34.69609786442248,-1.9049970278817998
5078239,6.4,0015-09-23 11:39:53,0015-09-23 15:24:08,11,15,3.7375,Mercredi,ios,1.1321908,81701631,623134,620906,Parking public,2.87,18.37,Oujda,60000,34.67112393477361,-1.9313927598889795
3518060,6.09,0015-06-25 11:37:32,0015-06-25 13:56:05,11,13,2.309166667,Jeudi,ios,24.5192012,50986683,664306,868085,Parking public,1.85,11.27,Agadir,80000,30.40929557674409,-9.5802547667635
3127700,6.04,0015-06-26 12:23:23,0015-06-26 14:26:14,12,14,2.0475,Vendredi,ios,24.5192012,50986683,664306,868085,Parking public,1.93,11.66,Agadir,80000,30.452894345200527,-9.584893319989105
9704798,5.98,0015-06-29 11:53:15,0015-06-29 17:08:05,11,17,5.247222222,Lundi,ios,24.5192012,50986683,664306,868085,Parking public,1.87,11.18,Agadir,80000,30.403908220976973,-9.622931853707058
8302055,5.99,0015-06-30 18:05:25,0015-06-30 21:38:05,18,21,3.544444444,Mardi,ios,24.5192012,50986683,932939,868085,Parking public,2.06,12.34,Casablanca,20000,33.57345747446409,-7.5919714105195375
7158415,4.15,0015-07-01 11:26:02,0015-07-01 12:43:05,11,12,1.284166667,Mercredi,ios,24.5192012,50986683,664306,868085,Parking public,3.27,13.57,Agadir,80000,30.41105116697778,-9.617661356028693
7000974,2.9,0015-07-01 16:39:55,0015-07-01 18:52:05,16,18,2.202777778,Mercredi,ios,24.5192012,50986683,489543,868085,Parking public,1.57,4.55,Casablanca,20000,33.545435797799534,-7.599551377257222
4581715,5.98,0015-07-02 11:43:28,0015-07-02 15:17:06,11,15,3.560555556,Jeudi,ios,24.5192012,50986683,664306,868085,Parking public,2.74,16.39,Agadir,80000,30.399961129097488,-9.62701513446766
1643397,6.1,0015-07-06 11:55:55,0015-07-06 14:00:16,11,14,2.0725,Lundi,ios,24.5192012,50986683,664306,868085,Parking public,1.99,12.14,Agadir,80000,30.408313306326352,-9.604080207895356
2706241,5.97,0015-07-07 11:53:46,0015-07-07 14:42:05,11,14,2.805277778,Mardi,ios,24.5192012,50986683,569886,868085,Parking public,2.09,12.48,Rabat,10000,34.04290622127036,-6.8386073847306275
1740439,6.02,0015-07-08 16:27:29,0015-07-08 20:07:06,16,20,3.660277778,Mercredi,ios,24.5192012,50986683,569886,868085,Parking public,2.32,13.97,Rabat,10000,34.00784872463862,-6.8344250444303745
1298426,5.83,0015-07-09 17:41:06,0015-07-09 20:38:06,17,20,2.95,Jeudi,ios,24.5192012,50986683,569886,868085,Parking public,2.6,15.16,Rabat,10000,34.04792755023451,-6.831790579292277
3504735,5.99,0015-07-10 11:59:43,0015-07-10 16:15:11,11,16,4.257777778,Vendredi,ios,24.5192012,50986683,569886,868085,Parking public,1.62,9.7,Rabat,10000,34.02579733757935,-6.821422521213852
8602162,5.92,0015-07-22 12:10:37,0015-07-22 14:15:14,12,14,2.076944444,Mercredi,ios,24.5192012,50986683,664306,868085,Parking public,2.06,12.2,Agadir,80000,30.42399685138613,-9.615172225563457
9065363,6.0,0015-07-23 11:42:54,0015-07-23 14:27:08,11,14,2.737222222,Jeudi,ios,24.5192012,50986683,569886,868085,Parking public,1.77,10.62,Rabat,10000,34.025705330080164,-6.864371090653692
7415604,5.9,0015-07-24 11:41:50,0015-07-24 19:13:07,11,19,7.521388889,Vendredi,ios,24.5192012,50986683,569886,868085,Parking public,1.9,11.21,Rabat,10000,34.02190190311357,-6.820507769686124
8804339,5.68,0015-07-27 14:18:33,0015-07-27 16:18:06,14,16,1.9925,Lundi,ios,24.5192012,50986683,489543,868085,Parking public,3.27,18.57,Casablanca,20000,33.58862657522543,-7.610403231106441
6530280,6.16,0015-07-28 11:59:55,0015-07-28 16:47:07,11,16,4.786666667,Mardi,ios,24.5192012,50986683,664306,868085,Parking public,2.55,15.71,Agadir,80000,30.414749763958373,-9.569614395119828
6367856,5.88,0015-07-30 11:59:56,0015-07-30 13:55:09,11,13,1.920277778,Jeudi,ios,24.5192012,50986683,569886,868085,Parking public,2.76,16.23,Rabat,10000,34.01208302349602,-6.821047706236081
6178449,6.09,0015-08-03 11:37:05,0015-08-03 14:41:06,11,14,3.066944444,Lundi,ios,24.5192012,50986683,569886,868085,Parking public,3.1,18.88,Rabat,10000,34.04454565815199,-6.841547403646624
6271355,5.98,0015-08-05 12:21:36,0015-08-05 14:23:12,12,14,2.026666667,Mercredi,ios,24.5192012,50986683,569886,868085,Parking public,3.09,18.48,Rabat,10000,34.04768739078902,-6.812714714504678
6288731,6.1,0015-08-10 11:43:50,0015-08-10 14:49:07,11,14,3.088055556,Lundi,ios,24.5192012,50986683,569886,868085,Parking public,3.48,21.23,Rabat,10000,34.044453493649186,-6.865757396253519
6531243,6.05,0015-08-13 11:39:23,0015-08-13 13:42:06,11,13,2.045277778,Jeudi,ios,24.5192012,50986683,569886,868085,Parking public,3.06,18.51,Rabat,10000,34.016066879637435,-6.853416054329494
8341254,5.98,0015-08-14 11:40:27,0015-08-14 15:09:07,11,15,3.477777778,Vendredi,ios,24.5192012,50986683,638536,868085,Parking public,2.22,13.28,Meknès,50000,33.910321930180416,-5.539006535097563
3726842,6.09,0015-08-17 11:50:44,0015-08-17 14:33:06,11,14,2.706111111,Lundi,ios,24.5192012,50986683,569886,868085,Parking public,2.59,15.77,Rabat,10000,34.01948014399807,-6.850599587891609
3348533,6.08,0015-08-18 12:06:40,0015-08-18 15:52:06,12,15,3.757222222,Mardi,ios,24.5192012,50986683,569886,868085,Parking public,2.47,15.02,Rabat,10000,34.02075239112877,-6.815897646881152
9258340,6.18,0015-08-19 12:00:43,0015-08-19 14:12:07,12,14,2.19,Mercredi,ios,24.5192012,50986683,664306,868085,Parking public,3.33,20.58,Agadir,80000,30.410080806543437,-9.624162434709332
7758883,6.15,0015-08-20 12:27:05,0015-08-20 16:17:07,12,16,3.833888889,Jeudi,ios,24.5192012,50986683,569886,868085,Parking public,2.5,15.38,Rabat,10000,34.02636781819551,-6.838635290076342
7377367,4.24,0015-08-20 17:35:33,0015-08-20 19:02:07,17,19,1.442777778,Jeudi,ios,24.5192012,50986683,932939,868085,Parking public,2.28,9.67,Casablanca,20000,33.554268153865195,-7.584348023956293
8182678,6.1,0015-08-21 11:33:27,0015-08-21 13:37:08,11,13,2.061388889,Vendredi,ios,24.5192012,50986683,664306,868085,Parking public,1.86,11.35,Agadir,80000,30.417693881944032,-9.588936312573367
8559737,5.94,0015-08-24 11:56:20,0015-08-24 14:47:06,11,14,2.846111111,Lundi,ios,24.5192012,50986683,569886,868085,Parking public,2.14,12.71,Rabat,10000,34.0422018120972,-6.856260026600091
7692376,5.95,0015-08-26 11:49:26,0015-08-26 15:43:06,11,15,3.894444444,Mercredi,ios,24.5192012,50986683,569886,868085,Parking public,1.94,11.54,Rabat,10000,34.00332454855265,-6.849726014348808
1827997,5.95,0015-08-27 12:02:30,0015-08-27 15:48:06,12,15,3.76,Jeudi,ios,24.5192012,50986683,664306,868085,Parking public,3.29,19.58,Agadir,80000,30.402069497110407,-9.577479168220101
4398332,5.72,0015-08-28 12:40:08,0015-08-28 14:27:07,12,14,1.783055556,Vendredi,ios,24.5192012,50986683,569886,868085,Parking public,3.06,17.5,Rabat,10000,33.99504045555677,-6.85990343386179
1417888,6.01,0015-08-31 12:06:59,0015-08-31 16:03:08,12,16,3.935833333,Lundi,ios,24.5192012,50986683,664306,868085,Parking public,1.62,9.74,Agadir,80000,30.45424707123019,-9.578487929169599
3925553,5.93,0015-09-01 11:42:03,0015-09-01 14:43:07,11,14,3.017777778,Mardi,ios,24.5192012,50986683,569886,868085,Parking public,3.48,20.64,Rabat,10000,34.02131522627771,-6.837840674625835
5930618,6.06,0015-09-02 12:10:32,0015-09-02 14:07:13,12,14,1.944722222,Mercredi,ios,24.5192012,50986683,664306,868085,Parking public,2.56,15.51,Agadir,80000,30.422364724309023,-9.582368749328356
5050769,6.19,0015-09-03 12:14:54,0015-09-03 15:25:08,12,15,3.170555556,Jeudi,ios,24.5192012,50986683,569886,868085,Parking public,3.03,18.76,Rabat,10000,34.03955271486047,-6.828783558024192
3792280,5.9,0015-09-08 11:52:17,0015-09-08 14:38:14,11,14,2.765833333,Mardi,ios,24.5192012,50986683,569886,868085,Parking public,3.5,20.65,Rabat,10000,34.041049555674626,-6.859149310276907
9814376,5.94,0015-09-09 11:56:08,0015-09-09 14:42:09,11,14,2.766944444,Mercredi,ios,24.5192012,50986683,664306,868085,Parking public,3.45,20.49,Agadir,80000,30.41773146198694,-9.593971235813967
1216235,5.89,0015-09-10 12:14:34,0015-09-10 14:26:08,12,14,2.192777778,Jeudi,ios,24.5192012,50986683,664306,868085,Parking public,1.7,10.01,Agadir,80000,30.43941708344843,-9.576036610831695
4961619,5.59,0015-09-11 12:18:09,0015-09-11 14:23:07,12,14,2.082777778,Vendredi,ios,24.5192012,50986683,664306,868085,Parking public,2.81,15.71,Agadir,80000,30.444067368951114,-9.602173025791885
8412002,5.97,0015-09-14 12:20:51,0015-09-14 16:39:07,12,16,4.304444444,Lundi,ios,24.5192012,50986683,664306,868085,Parking public,2.03,12.12,Agadir,80000,30.43707904121196,-9.570104553786601
7192364,5.68,0015-09-15 12:14:18,0015-09-15 16:06:06,12,16,3.863333333,Mardi,ios,24.5192012,50986683,569886,868085,Parking public,3.13,17.78,Rabat,10000,33.999995704488,-6.844467093993897
4579152,5.84,0015-09-16 12:02:36,0015-09-16 14:14:07,12,14,2.191944444,Mercredi,ios,24.5192012,50986683,489543,868085,Parking public,3.33,19.45,Casablanca,20000,33.59565298501102,-7.611232861799928
8643445,5.77,0015-09-17 12:19:29,0015-09-17 14:25:12,12,14,2.095277778,Jeudi,ios,24.5192012,50986683,569886,868085,Parking public,1.61,9.29,Rabat,10000,34.023245673164155,-6.848233919195339
5013939,5.46,0015-09-17 17:24:08,0015-09-17 19:45:13,17,19,2.351388889,Jeudi,ios,24.5192012,50986683,569886,868085,Parking public,3.49,19.06,Rabat,10000,34.0078483455822,-6.814497855616567
3199216,5.87,0015-09-21 11:53:18,0015-09-21 15:05:13,11,15,3.198611111,Lundi,ios,24.5192012,50986683,664306,868085,Parking public,1.94,11.39,Agadir,80000,30.423313691126264,-9.60891674903961
6502246,5.87,0015-09-23 11:54:49,0015-09-23 17:38:09,11,17,5.722222222,Mercredi,ios,24.5192012,50986683,489543,868085,Parking public,3.19,18.73,Casablanca,20000,33.54535426542393,-7.567714110407977
6246996,6.0,0015-09-24 13:13:02,0015-09-24 16:36:09,13,16,3.385277778,Jeudi,ios,24.5192012,50986683,489543,868085,Parking public,3.09,18.54,Casablanca,20000,33.550772008073345,-7.566924959099087
1120511,5.84,0015-09-28 12:13:31,0015-09-28 14:22:05,12,14,2.142777778,Lundi,ios,24.5192012,50986683,489543,868085,Parking public,2.21,12.91,Casablanca,20000,33.589032805030946,-7.598788808540083
9461407,6.97,0015-06-26 14:49:43,0015-06-26 17:23:05,14,17,2.556111111,Vendredi,ios,,86810130,664306,868085,Parking public,3.18,22.16,Agadir,80000,30.397800698085323,-9.623104540516962
4126514,7.88,0015-06-29 14:22:30,0015-06-29 17:05:07,14,17,2.710277778,Lundi,ios,,86810130,638536,868085,Parking public,3.19,25.14,Meknès,50000,33.88849394970894,-5.533826525450471
7341758,7.0,0015-06-30 12:41:12,0015-06-30 15:59:05,12,15,3.298055556,Mardi,ios,,86810130,569886,868085,Parking public,1.85,12.95,Rabat,10000,34.022250610865136,-6.8529092620591605
6522619,6.96,0015-07-01 12:43:41,0015-07-01 15:12:05,12,15,2.473333333,Mercredi,ios,,86810130,569886,868085,Parking public,2.69,18.72,Rabat,10000,33.99417806520005,-6.824624583144545
2038457,1.24,0015-07-01 16:42:13,0015-07-01 18:02:05,16,18,1.331111111,Mercredi,ios,,86810130,638536,868085,Parking public,3.11,3.86,Meknès,50000,33.921884689778345,-5.550740709104374
5270775,7.04,0015-07-07 13:17:39,0015-07-07 16:33:05,13,16,3.257222222,Mardi,ios,,86810130,995505,868085,Parking public,2.9,20.42,Marrakech,40000,31.61306751987498,-7.9819839954594425
2118930,7.04,0015-07-08 13:15:25,0015-07-08 16:06:14,13,16,2.846944444,Mercredi,ios,,86810130,569886,868085,Parking public,3.33,23.44,Rabat,10000,34.00915192317817,-6.8249254355950875
7346985,6.81,0015-07-09 14:03:58,0015-07-09 16:31:05,14,16,2.451944444,Jeudi,ios,,86810130,995505,868085,Parking public,1.56,10.62,Marrakech,40000,31.6177365507353,-7.988158200136302
9505340,6.98,0015-07-10 12:59:58,0015-07-10 16:55:13,12,16,3.920833333,Vendredi,ios,,86810130,638536,868085,Parking public,2.9,20.24,Meknès,50000,33.877324999727044,-5.550712359280625
6353290,7.9,0015-07-13 13:22:13,0015-07-13 16:22:05,13,16,2.997777778,Lundi,ios,,86810130,638536,868085,Parking public,3.4,26.86,Meknès,50000,33.86358842932518,-5.554728571873823
5117874,7.02,0015-07-14 17:12:27,0015-07-14 20:19:04,17,20,3.110277778,Mardi,ios,,86810130,664306,868085,Parking public,2.63,18.46,Agadir,80000,30.441560687645282,-9.606059569083364
8507936,6.95,0015-07-15 13:21:37,0015-07-15 16:00:12,13,16,2.643055556,Mercredi,ios,,86810130,489543,868085,Parking public,2.63,18.28,Casablanca,20000,33.60111072998795,-7.588243205385913
5223435,7.03,0015-07-16 13:30:23,0015-07-16 16:53:07,13,16,3.378888889,Jeudi,ios,,86810130,489543,868085,Parking public,1.88,13.22,Casablanca,20000,33.556557608997096,-7.571272033329931
7466345,1.43,0015-07-16 17:11:13,0015-07-16 18:10:11,17,18,0.982777778,Jeudi,ios,,86810130,664306,868085,Parking public,3.48,4.98,Agadir,80000,30.437582831508205,-9.606393901284646
7239535,6.71,0015-07-17 14:31:11,0015-07-17 17:32:06,14,17,3.015277778,Vendredi,ios,,86810130,489543,868085,Parking public,3.26,21.87,Casablanca,20000,33.58761377961752,-7.588344716767736
1607996,8.26,0015-07-20 13:27:45,0015-07-20 16:23:15,13,16,2.925,Lundi,ios,,86810130,569886,868085,Parking public,2.48,20.48,Rabat,10000,34.04180552274543,-6.8313563604734435
7380586,7.0,0015-07-22 13:07:56,0015-07-22 15:32:05,13,15,2.4025,Mercredi,ios,,86810130,638536,868085,Parking public,2.12,14.84,Meknès,50000,33.88885775182082,-5.561133633221781
7735461,6.84,0015-07-23 13:56:03,0015-07-23 17:46:06,13,17,3.834166667,Jeudi,ios,,86810130,932939,868085,Parking public,2.48,16.96,Casablanca,20000,33.56127585433842,-7.6031486317058565
5811970,7.11,0015-07-27 15:54:02,0015-07-27 18:53:06,15,18,2.984444444,Lundi,ios,,86810130,569886,868085,Parking public,1.68,11.94,Rabat,10000,34.01041770804138,-6.815595212378592
1913390,6.9,0015-07-28 14:47:32,0015-07-28 17:18:08,14,17,2.51,Mardi,ios,,86810130,569886,868085,Parking public,1.97,13.59,Rabat,10000,34.03365727998591,-6.828187925600134
3662369,6.96,0015-07-29 15:42:20,0015-07-29 18:17:11,15,18,2.580833333,Mercredi,ios,,86810130,932939,868085,Parking public,1.94,13.5,Casablanca,20000,33.59210676799034,-7.585168799426602
5348674,7.03,0015-07-30 13:38:20,0015-07-30 16:25:13,13,16,2.781388889,Jeudi,ios,,86810130,489543,868085,Parking public,2.55,17.93,Casablanca,20000,33.553996838065395,-7.580936796734764
5780749,7.39,0015-08-03 14:04:32,0015-08-03 16:22:06,14,16,2.292777778,Lundi,ios,,86810130,489543,868085,Parking public,1.5,11.08,Casablanca,20000,33.56535646048946,-7.618042033413795
9654140,7.03,0015-08-04 13:43:36,0015-08-04 16:06:06,13,16,2.375,Mardi,ios,,86810130,664306,868085,Parking public,3.34,23.48,Agadir,80000,30.45191641180495,-9.591013822066298
9473291,1.03,0015-08-04 16:42:21,0015-08-04 17:40:14,16,17,0.964722222,Mardi,ios,,86810130,664306,868085,Parking public,1.9,1.96,Agadir,80000,30.446201611181685,-9.597529467606549
2631577,6.77,0015-08-05 14:30:40,0015-08-05 16:44:06,14,16,2.223888889,Mercredi,ios,,86810130,569886,868085,Parking public,1.76,11.92,Rabat,10000,34.049991504165746,-6.838855019213233
1888942,6.88,0015-08-06 13:07:25,0015-08-06 15:49:06,13,15,2.694722222,Jeudi,ios,,86810130,562656,481066,Bureau / Entreprise,2.93,20.16,Marrakech,40000,31.644754895580924,-7.989534570390151
4798696,8.13,0015-08-17 13:03:28,0015-08-17 16:01:11,13,16,2.961944444,Lundi,ios,,86810130,995505,868085,Parking public,3.34,27.15,Marrakech,40000,31.623091712061676,-8.006211566137223
7974776,7.03,0015-08-18 13:07:17,0015-08-18 16:13:07,13,16,3.097222222,Mardi,ios,,86810130,664306,868085,Parking public,3.19,22.43,Agadir,80000,30.43323827003968,-9.616499645983277
2559012,6.95,0015-08-20 13:25:13,0015-08-20 16:21:07,13,16,2.931666667,Jeudi,ios,,86810130,489543,868085,Parking public,2.15,14.94,Casablanca,20000,33.58276085525483,-7.56275531720724
1754370,6.8,0015-08-21 13:08:30,0015-08-21 16:23:12,13,16,3.245,Vendredi,ios,,86810130,569886,868085,Parking public,1.54,10.47,Rabat,10000,33.99560734897902,-6.847078026263744
5014400,6.76,0015-08-24 13:21:56,0015-08-24 16:12:05,13,16,2.835833333,Lundi,ios,,86810130,995505,868085,Parking public,2.67,18.05,Marrakech,40000,31.63216981754623,-7.983099010650148
8988196,6.83,0015-08-25 13:53:18,0015-08-25 17:07:06,13,17,3.23,Mardi,ios,,86810130,932939,868085,Parking public,3.33,22.74,Casablanca,20000,33.58565924970835,-7.616637412608794
6497734,6.86,0015-08-26 15:08:00,0015-08-26 18:50:08,15,18,3.702222222,Mercredi,ios,,86810130,995505,868085,Parking public,3.05,20.92,Marrakech,40000,31.609539278240064,-8.00884602622736
2908890,6.73,0015-08-28 14:09:36,0015-08-28 17:22:05,14,17,3.208055556,Vendredi,ios,,86810130,638536,868085,Parking public,3.19,21.47,Meknès,50000,33.91033790304554,-5.534269113177195
4707547,7.96,0015-08-31 13:26:30,0015-08-31 16:52:07,13,16,3.426944444,Lundi,ios,,86810130,932939,868085,Parking public,3.22,25.63,Casablanca,20000,33.578126366830844,-7.587514320152733
1642831,7.01,0015-09-01 13:27:09,0015-09-01 16:03:06,13,16,2.599166667,Mardi,ios,,86810130,932939,868085,Parking public,3.42,23.97,Casablanca,20000,33.60023330714185,-7.589277640947024
2480694,8.31,0015-09-02 14:06:51,0015-09-02 16:51:08,14,16,2.738055556,Mercredi,ios,,86810130,489543,868085,Parking public,2.25,18.7,Casablanca,20000,33.54564533789241,-7.60521252817464
8769357,6.96,0015-09-03 10:48:35,0015-09-03 13:35:09,10,13,2.776111111,Jeudi,ios,,86810130,562656,481066,Bureau / Entreprise,3.38,23.52,Marrakech,40000,31.61541956825333,-7.966414956102204
5911070,7.75,0015-09-04 14:09:38,0015-09-04 16:42:07,14,16,2.541388889,Vendredi,ios,,86810130,664306,868085,Parking public,2.29,17.75,Agadir,80000,30.433893232757992,-9.61800580525349
9299643,7.78,0015-09-09 14:53:33,0015-09-09 17:28:09,14,17,2.576666667,Mercredi,ios,,86810130,569886,868085,Parking public,1.7,13.23,Rabat,10000,34.00869359473236,-6.860203915380339
1973422,7.05,0015-09-10 13:19:55,0015-09-10 16:02:07,13,16,2.703333333,Jeudi,ios,,86810130,932939,868085,Parking public,2.1,14.8,Casablanca,20000,33.585965449844274,-7.592157269719104
8381517,6.95,0015-09-11 13:04:57,0015-09-11 15:50:12,13,15,2.754166667,Vendredi,ios,,86810130,569886,868085,Parking public,1.77,12.3,Rabat,10000,34.036440316951314,-6.854423208273284
2845416,7.27,0015-09-14 13:32:04,0015-09-14 16:22:08,13,16,2.834444444,Lundi,ios,,86810130,995505,868085,Parking public,1.82,13.23,Marrakech,40000,31.605650957843988,-7.996252221126011
2172868,6.95,0015-09-15 13:19:50,0015-09-15 16:09:07,13,16,2.821388889,Mardi,ios,,86810130,638536,868085,Parking public,3.4,23.63,Meknès,50000,33.89433126785241,-5.5385857413268
4234656,6.83,0015-09-16 14:08:37,0015-09-16 16:57:08,14,16,2.808611111,Mercredi,ios,,86810130,995505,868085,Parking public,3.08,21.04,Marrakech,40000,31.630033433335463,-7.972041695286887
4837960,6.79,0015-09-17 12:40:49,0015-09-17 15:18:08,12,15,2.621944444,Jeudi,ios,,86810130,995505,868085,Parking public,3.42,23.22,Marrakech,40000,31.621656846212932,-7.961628975812004
1119291,6.02,0015-09-17 17:21:17,0015-09-17 20:06:14,17,20,2.749166667,Jeudi,ios,,86810130,664306,868085,Parking public,2.8,16.86,Agadir,80000,30.453775491754183,-9.603037485981622
3420682,6.83,0015-09-21 15:28:44,0015-09-21 18:58:06,15,18,3.489444444,Lundi,ios,,86810130,664306,868085,Parking public,1.85,12.64,Agadir,80000,30.447450379192393,-9.623714894538432
6013280,6.74,0015-09-22 17:01:13,0015-09-22 20:48:07,17,20,3.781666667,Mardi,ios,,86810130,995505,868085,Parking public,3.44,23.19,Marrakech,40000,31.641332562914577,-7.994680016904712
3722285,6.71,0015-09-23 15:00:11,0015-09-23 18:11:08,15,18,3.1825,Mercredi,ios,,86810130,569886,868085,Parking public,2.89,19.39,Rabat,10000,34.033759598144094,-6.8127996722081905
5252003,6.68,0015-09-24 15:20:29,0015-09-24 17:58:10,15,17,2.628055556,Jeudi,ios,,86810130,569886,868085,Parking public,3.36,22.44,Rabat,10000,34.018602968628784,-6.835824485486038
8988003,6.74,0015-09-25 13:02:02,0015-09-25 16:06:07,13,16,3.068055556,Vendredi,ios,,86810130,489543,868085,Parking public,3.07,20.69,Casablanca,20000,33.59835967126579,-7.577215774911939
9294698,4.8,0015-09-25 17:24:00,0015-09-25 19:34:06,17,19,2.168333333,Vendredi,ios,,86810130,569886,868085,Parking public,1.95,9.36,Rabat,10000,34.0325757256352,-6.871158530222475
1370214,7.6,0015-09-28 15:59:27,0015-09-28 18:43:07,15,18,2.727777778,Lundi,ios,,86810130,638536,868085,Parking public,2.68,20.37,Meknès,50000,33.907238863699355,-5.546207656069049
7761948,6.68,0015-09-29 13:09:41,0015-09-29 16:02:07,13,16,2.873888889,Mardi,ios,,86810130,489543,868085,Parking public,1.85,12.36,Casablanca,20000,33.59480145422724,-7.6175482805480925
1232988,6.58,0015-10-01 13:05:31,0015-10-01 16:52:08,13,16,3.776944444,Jeudi,ios,,86810130,489543,868085,Parking public,2.11,13.88,Casablanca,20000,33.55954429536053,-7.585646187274514
3828126,4.53,0015-06-24 16:41:32,0015-06-24 20:22:15,16,20,3.678611111,Mercredi,ios,5.7063162,81880524,672450,202527,Parking public,2.88,13.05,Oujda,60000,34.705124254232004,-1.8861537490218354
8438756,5.08,0015-06-26 12:11:11,0015-06-26 15:17:05,12,15,3.098333333,Vendredi,ios,5.7063162,81880524,911231,202527,Parking public,1.75,8.89,Tanger,90000,35.741214436177394,-5.805894852169975
4727905,4.47,0015-06-26 16:25:34,0015-06-26 19:36:14,16,19,3.177777778,Vendredi,ios,6.4215476,81880524,131897,566549,Parking public,2.96,13.23,Meknès,50000,33.88422051713469,-5.544866839476664
2409039,5.16,0015-07-06 12:02:22,0015-07-06 15:28:05,12,15,3.428611111,Lundi,ios,5.7063162,81880524,507660,202527,Parking public,3.4,17.54,Meknès,50000,33.883636627256195,-5.549807711684867
5125678,4.25,0015-07-06 16:38:25,0015-07-06 20:31:05,16,20,3.877777778,Lundi,ios,5.7063162,81880524,792421,202527,Parking public,3.4,14.45,Meknès,50000,33.922211528103354,-5.5205989743450905
9425432,3.82,0015-07-07 16:15:54,0015-07-07 20:15:16,16,20,3.989444444,Mardi,ios,5.7063162,81880524,260781,202527,Parking public,2.28,8.71,Oujda,60000,34.70809223342488,-1.9009834100801983
7106130,3.69,0015-07-08 18:53:05,0015-07-08 20:33:05,18,20,1.666666667,Mercredi,ios,5.7063162,81880524,911231,202527,Parking public,3.49,12.88,Tanger,90000,35.77157019169542,-5.860106043227695
7680302,3.16,0015-07-09 12:20:38,0015-07-09 15:51:07,12,15,3.508055556,Jeudi,ios,5.7063162,81880524,911231,202527,Parking public,3.43,10.84,Tanger,90000,35.77312340569693,-5.83605646533995
7205007,5.04,0015-07-13 16:41:53,0015-07-13 20:36:06,16,20,3.903611111,Lundi,ios,5.7063162,81880524,792421,202527,Parking public,1.56,7.86,Meknès,50000,33.89722436766416,-5.562885298892142
8437847,4.1,0015-07-14 12:35:29,0015-07-14 15:27:04,12,15,2.859722222,Mardi,ios,5.7063162,81880524,507660,202527,Parking public,2.7,11.07,Meknès,50000,33.92032544002652,-5.549111740713079
1325213,6.48,0015-07-15 16:48:34,0015-07-15 20:43:05,16,20,3.908611111,Mercredi,ios,5.7063162,81880524,672450,202527,Parking public,3.34,21.64,Oujda,60000,34.686475525172945,-1.9140720656796182
2349580,2.74,0015-07-21 16:07:18,0015-07-21 18:49:05,16,18,2.696388889,Mardi,ios,5.7063162,81880524,507660,202527,Parking public,3.44,9.43,Meknès,50000,33.8863310625922,-5.542371311831116
2149311,6.95,0015-07-22 16:36:18,0015-07-22 20:53:06,16,20,4.28,Mercredi,ios,5.7063162,81880524,911231,202527,Parking public,1.94,13.48,Tanger,90000,35.7392821202159,-5.842593770579045
4701104,6.09,0015-07-23 16:16:43,0015-07-23 20:06:06,16,20,3.823055556,Jeudi,ios,5.7063162,81880524,672450,202527,Parking public,2.63,16.02,Oujda,60000,34.703872339135664,-1.9315437730326444
8924789,6.7,0015-07-24 12:11:27,0015-07-24 16:08:06,12,16,3.944166667,Vendredi,ios,5.7063162,81880524,672450,202527,Parking public,3.37,22.58,Oujda,60000,34.70076663592454,-1.9111768339246027
4346381,3.21,0015-07-27 16:42:55,0015-07-27 20:42:06,16,20,3.986388889,Lundi,ios,5.7063162,81880524,507660,202527,Parking public,1.78,5.71,Meknès,50000,33.88656130231145,-5.527487826939254
9371250,7.1,0015-07-28 16:03:13,0015-07-28 20:54:07,16,20,4.848333333,Mardi,ios,5.7063162,81880524,672450,202527,Parking public,2.99,21.23,Oujda,60000,34.658211604837554,-1.9015592663159437
8830609,6.84,0015-07-29 16:45:46,0015-07-29 21:09:06,16,21,4.388888889,Mercredi,ios,5.7063162,81880524,792421,202527,Parking public,1.98,13.54,Meknès,50000,33.91383983966308,-5.556997928044487
3280510,6.9,0015-07-30 17:33:21,0015-07-30 20:49:06,17,20,3.2625,Jeudi,ios,5.7063162,81880524,792421,202527,Parking public,3.46,23.87,Meknès,50000,33.86418507900725,-5.521168618634468
9130337,6.87,0015-07-31 11:57:27,0015-07-31 16:22:05,11,16,4.410555556,Vendredi,ios,5.7063162,81880524,792421,202527,Parking public,1.84,12.64,Meknès,50000,33.90572198677775,-5.522567545725049
2349908,5.52,0015-08-03 16:28:28,0015-08-03 20:33:06,16,20,4.077222222,Lundi,ios,5.7063162,81880524,792421,202527,Parking public,3.27,18.05,Meknès,50000,33.92171542658357,-5.564739096036954
5853897,7.03,0015-08-04 16:27:56,0015-08-04 20:26:14,16,20,3.971666667,Mardi,ios,6.4215476,81880524,902592,566549,Parking public,1.68,11.81,Oujda,60000,34.68295967968889,-1.9390349448927782
1685119,6.71,0015-08-05 16:52:21,0015-08-05 20:36:05,16,20,3.728888889,Mercredi,ios,5.7063162,81880524,507660,202527,Parking public,2.92,19.59,Meknès,50000,33.87759840429976,-5.532821477498954
7788779,5.77,0015-08-13 15:59:36,0015-08-13 20:32:06,15,20,4.541666667,Jeudi,ios,5.7063162,81880524,672450,202527,Parking public,2.78,16.04,Oujda,60000,34.6989922606026,-1.8917433843190508
6120987,6.97,0015-08-14 16:34:00,0015-08-14 20:08:06,16,20,3.568333333,Vendredi,ios,5.7063162,81880524,792421,202527,Parking public,3.27,22.79,Meknès,50000,33.91252768852094,-5.519228126042918
3333259,2.13,0015-08-17 12:59:33,0015-08-17 15:42:06,12,15,2.709166667,Lundi,ios,5.7063162,81880524,507660,202527,Parking public,2.39,5.09,Meknès,50000,33.89628581896467,-5.523909816354701
9928042,6.78,0015-08-18 16:48:38,0015-08-18 20:42:06,16,20,3.891111111,Mardi,ios,5.7063162,81880524,672450,202527,Parking public,2.03,13.76,Oujda,60000,34.71472211651537,-1.9053679139076152
1340424,5.45,0015-08-19 12:07:47,0015-08-19 15:33:11,12,15,3.423333333,Mercredi,ios,5.7063162,81880524,507660,202527,Parking public,2.0,10.9,Meknès,50000,33.86660012329948,-5.545496859647257
7200774,2.19,0015-08-19 17:00:54,0015-08-19 20:46:06,17,20,3.753333333,Mercredi,ios,5.7063162,81880524,507660,202527,Parking public,1.64,3.59,Meknès,50000,33.89378773589827,-5.575629536924245
8726044,4.21,0015-08-20 16:35:32,0015-08-20 20:43:07,16,20,4.126388889,Jeudi,ios,6.4215476,81880524,902592,566549,Parking public,2.01,8.46,Oujda,60000,34.699807236839355,-1.9266006131893134
5280004,6.71,0015-08-21 12:04:13,0015-08-21 15:12:11,12,15,3.132777778,Vendredi,ios,5.7063162,81880524,507660,202527,Parking public,1.72,11.54,Meknès,50000,33.915258428268956,-5.549723114896024
4800228,4.05,0015-08-21 16:32:13,0015-08-21 20:01:07,16,20,3.481666667,Vendredi,ios,5.7063162,81880524,672450,202527,Parking public,1.5,6.07,Oujda,60000,34.66745533671447,-1.9036897659949858
5011566,5.38,0015-08-24 16:27:39,0015-08-24 21:11:05,16,21,4.723888889,Lundi,ios,5.7063162,81880524,792421,202527,Parking public,2.27,12.21,Meknès,50000,33.91150020890582,-5.543864890000895
3087121,5.96,0015-08-25 16:30:18,0015-08-25 20:50:07,16,20,4.330277778,Mardi,ios,5.7063162,81880524,792421,202527,Parking public,2.97,17.7,Meknès,50000,33.896662424543116,-5.5327418406190985
3471850,6.77,0015-08-26 16:40:15,0015-08-26 20:35:07,16,20,3.914444444,Mercredi,ios,5.7063162,81880524,792421,202527,Parking public,3.44,23.29,Meknès,50000,33.8872932209194,-5.560513984146778
2251356,6.71,0015-08-28 16:51:26,0015-08-28 20:20:09,16,20,3.478611111,Vendredi,ios,5.7063162,81880524,792421,202527,Parking public,3.27,21.94,Meknès,50000,33.871402901714745,-5.543402843540852
2278265,5.94,0015-08-31 16:00:16,0015-08-31 16:10:09,16,16,0.164722222,Lundi,ios,5.7063162,81880524,260781,202527,Parking public,2.49,14.79,Oujda,60000,34.70861774553454,-1.9361114653965525
7507374,6.86,0015-09-01 12:05:56,0015-09-01 20:34:08,12,20,8.47,Mardi,ios,5.7063162,81880524,507660,202527,Parking public,2.26,15.5,Meknès,50000,33.872936392490786,-5.552480068585007
3102232,6.61,0015-09-15 11:42:57,0015-09-15 15:16:06,11,15,3.5525,Mardi,ios,5.7063162,81880524,911231,202527,Parking public,2.59,17.12,Tanger,90000,35.74808727155255,-5.818990350022723
2850621,7.07,0015-09-17 16:55:37,0015-09-17 20:34:08,16,20,3.641944444,Jeudi,ios,5.7063162,81880524,792421,202527,Parking public,1.7,12.02,Meknès,50000,33.88090273191775,-5.535695948794257
9708525,6.93,0015-09-22 16:37:05,0015-09-22 20:32:06,16,20,3.916944444,Mardi,ios,5.7063162,81880524,507660,202527,Parking public,2.46,17.05,Meknès,50000,33.91578484205145,-5.517861435769669
6070272,6.01,0015-09-23 16:35:41,0015-09-23 20:30:09,16,20,3.907777778,Mercredi,ios,5.7063162,81880524,672450,202527,Parking public,3.23,19.41,Oujda,60000,34.697062179652534,-1.9247265324407345
4775449,6.8,0015-09-25 17:08:22,0015-09-25 21:04:06,17,21,3.928888889,Vendredi,ios,5.7063162,81880524,672450,202527,Parking public,2.8,19.04,Oujda,60000,34.704500883831486,-1.9115086420495613
2422430,0.0,0015-10-02 18:41:31,0015-10-02 18:43:06,18,18,0.026388889,Vendredi,ios,,81880524,200695,202527,Parking public,2.87,0.0,Meknès,50000,33.878528073927555,-5.55752817517356
5727226,0.0,0015-10-02 18:43:35,0015-10-02 18:45:10,18,18,0.026388889,Vendredi,ios,,81880524,200695,202527,Parking public,1.83,0.0,Meknès,50000,33.90099244597642,-5.550863813156449
3388231,0.0,0015-10-02 18:46:56,0015-10-02 18:48:07,18,18,0.019722222,Vendredi,ios,,81880524,200695,202527,Parking public,1.65,0.0,Meknès,50000,33.89780475898863,-5.525882992207837
5101012,7.15,0015-06-30 15:04:20,0015-06-30 17:58:05,15,17,2.895833333,Mardi,ios,28.6167128,74843010,932939,868085,Parking public,3.19,22.81,Casablanca,20000,33.59306982260729,-7.578747455488691
3492129,7.06,0015-07-01 11:20:18,0015-07-01 14:55:07,11,14,3.580277778,Mercredi,ios,28.6167128,74843010,489543,868085,Parking public,2.09,14.76,Casablanca,20000,33.59746522362887,-7.566853528519146
8631862,7.1,0015-07-02 09:52:54,0015-07-02 13:05:12,9,13,3.205,Jeudi,ios,28.6167128,74843010,638536,868085,Parking public,2.14,15.19,Meknès,50000,33.86422940628864,-5.565089333500087
6593641,7.08,0015-07-20 11:46:53,0015-07-20 15:15:08,11,15,3.470833333,Lundi,ios,28.6167128,74843010,932939,868085,Parking public,3.4,24.07,Casablanca,20000,33.583541195143525,-7.567398332929514
8778798,7.1,0015-07-21 11:35:22,0015-07-21 15:49:05,11,15,4.228611111,Mardi,ios,28.6167128,74843010,932939,868085,Parking public,1.65,11.71,Casablanca,20000,33.54621014794718,-7.616214263549297
1060759,7.1,0015-07-22 11:09:14,0015-07-22 14:26:05,11,14,3.280833333,Mercredi,ios,28.6167128,74843010,932939,868085,Parking public,1.84,13.06,Casablanca,20000,33.57603151990464,-7.566484043173771
4569918,2.92,0015-07-22 19:49:04,0015-07-22 21:10:12,19,21,1.352222222,Mercredi,ios,28.6167128,74843010,489543,868085,Parking public,2.25,6.57,Casablanca,20000,33.56035796374262,-7.600055573232357
3370906,7.14,0015-07-23 10:47:29,0015-07-23 13:49:06,10,13,3.026944444,Jeudi,ios,28.6167128,74843010,932939,868085,Parking public,2.96,21.13,Casablanca,20000,33.56150659597132,-7.600924741995156
7787487,7.17,0015-07-24 10:17:50,0015-07-24 13:36:07,10,13,3.304722222,Vendredi,ios,28.6167128,74843010,995505,868085,Parking public,2.59,18.57,Marrakech,40000,31.62067751020714,-7.98037468539808
2404985,3.23,0015-07-24 19:31:06,0015-07-24 20:53:06,19,20,1.366666667,Vendredi,ios,28.6167128,74843010,638536,868085,Parking public,3.3,10.66,Meknès,50000,33.90077754694298,-5.520858588736606
9381512,7.1,0015-07-27 11:11:09,0015-07-27 14:39:07,11,14,3.466111111,Lundi,ios,28.6167128,74843010,932939,868085,Parking public,1.69,12.0,Casablanca,20000,33.563142997940126,-7.616933118119116
1060806,5.13,0015-07-28 10:45:35,0015-07-28 12:56:07,10,12,2.175555556,Mardi,ios,28.6167128,74843010,932939,868085,Parking public,2.69,13.8,Casablanca,20000,33.587061943035415,-7.598666141495755
8413553,6.78,0015-07-29 10:34:38,0015-07-29 14:18:06,10,14,3.724444444,Mercredi,ios,28.6167128,74843010,932939,868085,Parking public,2.73,18.51,Casablanca,20000,33.56737164313443,-7.5684056806790005
6251149,6.78,0015-07-30 10:59:01,0015-07-30 15:36:07,10,15,4.618333333,Jeudi,ios,28.6167128,74843010,932939,868085,Parking public,2.47,16.75,Casablanca,20000,33.54720119201859,-7.596036731353872
1593994,6.91,0015-08-10 11:11:27,0015-08-10 15:02:08,11,15,3.844722222,Lundi,ios,28.6167128,74843010,995505,868085,Parking public,1.56,10.78,Marrakech,40000,31.646525590549047,-7.999150586144175
2893766,6.81,0015-08-12 11:22:08,0015-08-12 16:18:07,11,16,4.933055556,Mercredi,ios,28.6167128,74843010,932939,868085,Parking public,3.38,23.02,Casablanca,20000,33.560245499475556,-7.594312349120115
2682625,7.0,0015-08-13 11:22:07,0015-08-13 15:02:06,11,15,3.666388889,Jeudi,ios,28.6167128,74843010,638536,868085,Parking public,1.83,12.81,Meknès,50000,33.88946601277596,-5.5541668499105
2257871,7.05,0015-08-14 10:46:31,0015-08-14 14:55:08,10,14,4.143611111,Vendredi,ios,28.6167128,74843010,569886,868085,Parking public,3.28,23.12,Rabat,10000,34.032026632993315,-6.816675027911997
1124798,6.19,0015-08-17 11:21:47,0015-08-17 15:29:06,11,15,4.121944444,Lundi,ios,28.6167128,74843010,638536,868085,Parking public,1.81,11.2,Meknès,50000,33.88344736942893,-5.531583937455414
5301398,6.95,0015-08-18 10:41:50,0015-08-18 13:41:07,10,13,2.988055556,Mardi,ios,28.6167128,74843010,638536,868085,Parking public,1.7,11.82,Meknès,50000,33.86689513936881,-5.546993066655359
2139470,6.88,0015-08-19 10:42:40,0015-08-19 14:27:06,10,14,3.740555556,Mercredi,ios,28.6167128,74843010,569886,868085,Parking public,1.91,13.14,Rabat,10000,34.01333526282077,-6.812297765996705
9187541,6.83,0015-08-21 10:54:35,0015-08-21 14:19:06,10,14,3.408611111,Vendredi,ios,28.6167128,74843010,638536,868085,Parking public,1.88,12.84,Meknès,50000,33.92016691496166,-5.5493833481234445
9824974,6.9,0015-08-24 10:58:11,0015-08-24 14:00:07,10,14,3.032222222,Lundi,ios,28.6167128,74843010,638536,868085,Parking public,2.89,19.94,Meknès,50000,33.902004063837914,-5.5738057301507835
9063929,6.93,0015-08-25 10:51:01,0015-08-25 15:54:05,10,15,5.051111111,Mardi,ios,28.6167128,74843010,638536,868085,Parking public,2.94,20.37,Meknès,50000,33.903788748920036,-5.5615635406911
6038567,6.89,0015-08-26 11:00:01,0015-08-26 14:19:06,11,14,3.318055556,Mercredi,ios,28.6167128,74843010,638536,868085,Parking public,2.96,20.39,Meknès,50000,33.901436929218264,-5.551135771186841
7795071,6.92,0015-08-27 11:25:23,0015-08-27 15:38:07,11,15,4.212222222,Jeudi,ios,28.6167128,74843010,638536,868085,Parking public,2.03,14.05,Meknès,50000,33.875439528337566,-5.567885842551233
2028796,6.82,0015-08-28 11:05:41,0015-08-28 13:49:06,11,13,2.723611111,Vendredi,ios,28.6167128,74843010,638536,868085,Parking public,2.06,14.05,Meknès,50000,33.88860003184614,-5.520446092420557
3953434,6.93,0015-09-01 10:43:06,0015-09-01 13:52:08,10,13,3.150555556,Mardi,ios,28.6167128,74843010,638536,868085,Parking public,1.98,13.72,Meknès,50000,33.908556387901804,-5.531289066130934
7189326,6.97,0015-09-02 11:35:31,0015-09-02 15:46:08,11,15,4.176944444,Mercredi,ios,28.6167128,74843010,638536,868085,Parking public,1.6,11.15,Meknès,50000,33.86958237385319,-5.561202767974334
2773618,6.73,0015-09-08 10:49:35,0015-09-08 14:48:08,10,14,3.975833333,Mardi,ios,28.6167128,74843010,638536,868085,Parking public,2.64,17.77,Meknès,50000,33.88017116656538,-5.541851727988925
9638862,6.91,0015-09-09 11:15:17,0015-09-09 14:55:10,11,14,3.664722222,Mercredi,ios,28.6167128,74843010,638536,868085,Parking public,3.18,21.97,Meknès,50000,33.88007914650795,-5.534013050573425
6874332,6.78,0015-09-10 11:20:42,0015-09-10 15:38:07,11,15,4.290277778,Jeudi,ios,28.6167128,74843010,638536,868085,Parking public,1.81,12.27,Meknès,50000,33.889421135655674,-5.520823264265592
7423804,6.92,0015-09-11 10:44:50,0015-09-11 13:24:08,10,13,2.655,Vendredi,ios,28.6167128,74843010,638536,868085,Parking public,2.22,15.36,Meknès,50000,33.922322124456535,-5.524401879049475
3307016,2.26,0015-09-11 17:22:17,0015-09-11 21:02:08,17,21,3.664166667,Vendredi,ios,28.6167128,74843010,638536,868085,Parking public,2.36,5.33,Meknès,50000,33.86755015280103,-5.546388466431707
9628752,6.95,0015-09-14 11:30:27,0015-09-14 17:10:09,11,17,5.661666667,Lundi,ios,28.6167128,74843010,638536,868085,Parking public,2.09,14.53,Meknès,50000,33.89462205966284,-5.530820842812419
2130267,6.85,0015-09-15 10:49:37,0015-09-15 15:23:07,10,15,4.558333333,Mardi,ios,28.6167128,74843010,995505,868085,Parking public,2.82,19.32,Marrakech,40000,31.61026188092073,-7.977371314770345
3740018,1.53,0015-09-15 17:07:40,0015-09-15 22:08:07,17,22,5.0075,Mardi,ios,28.6167128,74843010,638536,868085,Parking public,2.7,4.13,Meknès,50000,33.92174059272459,-5.5441377665972675
6955025,6.88,0015-09-16 11:14:32,0015-09-16 16:40:11,11,16,5.4275,Mercredi,ios,28.6167128,74843010,638536,868085,Parking public,1.9,13.07,Meknès,50000,33.87029821028365,-5.570415482499708
3307691,6.85,0015-09-17 11:11:36,0015-09-17 15:30:12,11,15,4.31,Jeudi,ios,28.6167128,74843010,638536,868085,Parking public,1.55,10.62,Meknès,50000,33.8877160601417,-5.569731740519031
1502023,6.73,0015-09-21 10:55:31,0015-09-21 16:33:08,10,16,5.626944444,Lundi,ios,28.6167128,74843010,638536,868085,Parking public,1.84,12.38,Meknès,50000,33.90777309909008,-5.545527983098652
4837153,6.75,0015-09-22 10:47:50,0015-09-22 13:56:08,10,13,3.138333333,Mardi,ios,28.6167128,74843010,638536,868085,Parking public,2.08,14.04,Meknès,50000,33.90577326568165,-5.561168307301259
5502902,6.73,0015-09-23 11:14:50,0015-09-23 14:30:14,11,14,3.256666667,Mercredi,ios,28.6167128,74843010,638536,868085,Parking public,1.66,11.17,Meknès,50000,33.88886371821364,-5.576037785852372
1491884,3.79,0015-09-23 18:40:50,0015-09-23 20:37:08,18,20,1.938333333,Mercredi,ios,28.6167128,74843010,638536,868085,Parking public,3.19,12.09,Meknès,50000,33.884291450077164,-5.533929647765987
5504342,6.68,0015-09-24 11:19:37,0015-09-24 15:46:05,11,15,4.441111111,Jeudi,ios,28.6167128,74843010,638536,868085,Parking public,2.12,14.16,Meknès,50000,33.88735674271317,-5.57535080419859
5157616,6.76,0015-09-25 11:49:11,0015-09-25 15:04:06,11,15,3.248611111,Vendredi,ios,28.6167128,74843010,638536,868085,Parking public,2.29,15.48,Meknès,50000,33.87935657578952,-5.5415833895337565
9544057,0.77,0015-09-25 17:00:23,0015-09-25 21:32:07,17,21,4.528888889,Vendredi,ios,28.6167128,74843010,638536,868085,Parking public,2.48,1.91,Meknès,50000,33.87581997632241,-5.544948372352361
6352487,6.56,0015-09-29 10:47:00,0015-09-29 13:54:07,10,13,3.118611111,Mardi,ios,28.6167128,74843010,638536,868085,Parking public,2.82,18.5,Meknès,50000,33.89248238185353,-5.519171118565332
6908881,0.0,0015-09-30 10:51:57,0015-09-30 10:53:06,10,10,0.019166667,Mercredi,ios,,74843010,932939,868085,Parking public,1.68,0.0,Casablanca,20000,33.559212025364054,-7.590747211639142
6725214,6.58,0015-09-30 10:54:07,0015-09-30 14:45:10,10,14,3.850833333,Mercredi,ios,28.6167128,74843010,638536,868085,Parking public,2.59,17.04,Meknès,50000,33.88074769989384,-5.573483913817332
7232494,6.54,0015-10-02 11:34:02,0015-10-02 14:43:06,11,14,3.151111111,Vendredi,ios,28.6167128,74843010,638536,868085,Parking public,1.87,12.23,Meknès,50000,33.90290536380848,-5.544198721931612
9659130,3.02,0015-10-02 17:36:32,0015-10-02 19:40:10,17,19,2.060555556,Vendredi,ios,28.6167128,74843010,638536,868085,Parking public,3.27,9.88,Meknès,50000,33.921612239902,-5.5268342297630335
1922487,1.26,0015-10-02 20:15:21,0015-10-02 20:51:06,20,20,0.595833333,Vendredi,ios,28.6167128,74843010,638536,868085,Parking public,2.24,2.82,Meknès,50000,33.899718232033564,-5.517489042943113
4657653,4.72,0015-07-30 15:32:22,0015-07-30 17:31:07,15,17,1.979166667,Jeudi,ios,3.9844168,66233970,955429,493904,Université / Campus,2.39,11.28,Marrakech,40000,31.6041187680239,-7.985279409578656
4548531,4.69,0015-08-01 11:53:39,0015-08-01 14:19:05,11,14,2.423888889,Samedi,ios,3.9844168,66233970,369001,493904,Université / Campus,2.03,9.52,Rabat,10000,33.995435016831244,-6.852382075450195
4920730,4.55,0015-08-04 09:56:49,0015-08-04 12:08:07,9,12,2.188333333,Mardi,ios,3.9844168,66233970,955429,493904,Université / Campus,2.43,11.06,Marrakech,40000,31.656585393250733,-7.95670080218288
9218515,6.84,0015-08-11 15:49:58,0015-08-11 18:18:07,15,18,2.469166667,Mardi,ios,3.9844168,66233970,955429,493904,Université / Campus,1.95,13.34,Marrakech,40000,31.61733744741844,-7.999625472255432
7231739,3.48,0015-08-12 09:07:20,0015-08-12 10:45:08,9,10,1.63,Mercredi,ios,3.9844168,66233970,955429,493904,Université / Campus,2.04,7.1,Marrakech,40000,31.605024019164947,-7.974174265098024
8201508,3.99,0015-08-13 15:43:21,0015-08-13 18:27:08,15,18,2.729722222,Jeudi,ios,3.9844168,66233970,955429,493904,Université / Campus,1.62,6.46,Marrakech,40000,31.635442675229022,-7.986757134549142
5725210,5.03,0015-08-17 09:16:02,0015-08-17 11:25:08,9,11,2.151666667,Lundi,ios,3.9844168,66233970,955429,493904,Université / Campus,3.0,15.09,Marrakech,40000,31.636918926697415,-8.008635058102666
8380149,6.89,0015-08-18 15:05:18,0015-08-18 18:17:06,15,18,3.196666667,Mardi,ios,3.9844168,66233970,955429,493904,Université / Campus,2.83,19.5,Marrakech,40000,31.638410289207123,-7.990262691541658
3462170,5.32,0015-08-19 08:59:04,0015-08-19 11:26:07,8,11,2.450833333,Mercredi,ios,3.9844168,66233970,955429,493904,Université / Campus,1.67,8.88,Marrakech,40000,31.61554412167145,-7.9951862886498395
6131370,3.27,0015-08-20 12:13:14,0015-08-20 13:43:07,12,13,1.498055556,Jeudi,ios,3.9844168,66233970,369001,493904,Université / Campus,2.19,7.16,Rabat,10000,33.99180664105287,-6.830434530763391
1129047,2.67,0015-08-21 18:05:14,0015-08-21 18:57:13,18,18,0.866388889,Vendredi,ios,3.9844168,66233970,369001,493904,Université / Campus,2.58,6.89,Rabat,10000,34.04880092216727,-6.814672570138485
5823446,6.5,0015-08-22 09:49:50,0015-08-22 13:30:08,9,13,3.671666667,Samedi,ios,3.9844168,66233970,369001,493904,Université / Campus,3.44,22.36,Rabat,10000,34.00595358274146,-6.855517168757282
8299174,4.94,0015-08-24 09:05:14,0015-08-24 12:12:06,9,12,3.114444444,Lundi,ios,3.9844168,66233970,955429,493904,Université / Campus,2.68,13.24,Marrakech,40000,31.640061577283152,-7.9624120436508985
7786327,4.26,0015-08-27 08:59:45,0015-08-27 10:53:05,8,10,1.888888889,Jeudi,ios,3.9844168,66233970,955429,493904,Université / Campus,2.61,11.12,Marrakech,40000,31.641897792192722,-8.007778410983695
2915873,4.08,0015-08-28 11:34:53,0015-08-28 14:07:06,11,14,2.536944444,Vendredi,ios,3.9844168,66233970,955429,493904,Université / Campus,3.18,12.97,Marrakech,40000,31.63610044502477,-7.978812739397611
3223261,3.74,0015-08-29 09:54:55,0015-08-29 14:30:10,9,14,4.5875,Samedi,ios,3.9844168,66233970,955429,493904,Université / Campus,3.14,11.74,Marrakech,40000,31.61827444365282,-8.006866996177406
4066460,7.08,0015-09-02 09:20:04,0015-09-02 16:14:08,9,16,6.901111111,Mercredi,ios,3.9844168,66233970,955429,493904,Université / Campus,2.34,16.57,Marrakech,40000,31.615765775225846,-7.955058020532161
6854413,4.75,0015-09-03 16:02:58,0015-09-03 18:11:07,16,18,2.135833333,Jeudi,ios,3.9844168,66233970,955429,493904,Université / Campus,2.57,12.21,Marrakech,40000,31.635360096962163,-7.965118923166556
5736445,5.5,0015-09-09 09:47:02,0015-09-09 11:53:10,9,11,2.102222222,Mercredi,ios,3.9844168,66233970,955429,493904,Université / Campus,3.23,17.76,Marrakech,40000,31.6514657380167,-7.971623005327724
6245592,6.83,0015-09-12 15:28:34,0015-09-12 17:53:08,15,17,2.409444444,Samedi,ios,3.9844168,66233970,955429,493904,Université / Campus,2.45,16.73,Marrakech,40000,31.656304023735405,-7.96166621710252
1535121,6.66,0015-09-15 09:07:00,0015-09-15 11:26:06,9,11,2.318333333,Mardi,ios,3.9844168,66233970,955429,493904,Université / Campus,3.26,21.71,Marrakech,40000,31.605854348264227,-7.97224881226579
4822252,6.34,0015-09-17 08:59:28,0015-09-17 11:06:13,8,11,2.1125,Jeudi,ios,3.9844168,66233970,369001,493904,Université / Campus,2.45,15.53,Rabat,10000,34.00018971675586,-6.8134633361695425
2866601,6.99,0015-09-21 09:00:42,0015-09-21 11:34:11,9,11,2.558055556,Lundi,ios,3.9844168,66233970,955429,493904,Université / Campus,1.66,11.6,Marrakech,40000,31.656184175526985,-7.9682625231281135
6587218,5.23,0015-09-23 15:45:58,0015-09-23 17:51:08,15,17,2.086111111,Mercredi,ios,3.9844168,66233970,955429,493904,Université / Campus,3.31,17.31,Marrakech,40000,31.643692113700087,-7.955620483425065
5521668,7.01,0015-09-25 15:54:30,0015-09-25 18:16:05,15,18,2.359722222,Vendredi,ios,3.9844168,66233970,955429,493904,Université / Campus,2.93,20.54,Marrakech,40000,31.652479629489786,-7.980072086479361
8828224,4.04,0015-09-26 15:33:04,0015-09-26 18:10:09,15,18,2.618055556,Samedi,ios,3.9844168,66233970,369001,493904,Université / Campus,2.5,10.1,Rabat,10000,34.00305795804812,-6.864576135221088
2778861,6.88,0015-09-29 09:48:19,0015-09-29 12:15:09,9,12,2.447222222,Mardi,ios,3.9844168,66233970,955429,493904,Université / Campus,3.3,22.7,Marrakech,40000,31.634755152266564,-7.979409336714618
2648719,5.89,0015-09-30 14:34:06,0015-09-30 17:50:09,14,17,3.2675,Mercredi,ios,3.9844168,66233970,955429,493904,Université / Campus,3.1,18.26,Marrakech,40000,31.64156837566505,-8.003487630316213
7305756,5.32,0015-10-01 09:04:00,0015-10-01 11:33:06,9,11,2.485,Jeudi,ios,3.9844168,66233970,955429,493904,Université / Campus,2.86,15.22,Marrakech,40000,31.64030671312682,-7.975550391249415
6510137,6.7,0015-10-01 12:10:19,0015-10-01 14:20:08,12,14,2.163611111,Jeudi,ios,3.9844168,66233970,369001,493904,Université / Campus,2.74,18.36,Rabat,10000,34.015389101452,-6.84265041636834
3323388,4.86,0015-10-02 09:54:49,0015-10-02 12:02:07,9,12,2.121666667,Vendredi,ios,3.9844168,66233970,955429,493904,Université / Campus,1.74,8.46,Marrakech,40000,31.60042369350148,-7.973745476130032
7987868,3.83,0015-08-04 15:31:49,0015-08-04 16:46:06,15,16,1.238055556,Mardi,ios,10.461269,41493375,944515,976902,Parking public,3.01,11.53,Rabat,10000,34.025875563408256,-6.87099718113671
5991724,0.24,0015-08-17 20:42:52,0015-08-17 20:50:09,20,20,0.121388889,Lundi,ios,10.9018416,41493375,228137,503205,Parking public,1.85,0.44,Oujda,60000,34.67188609235078,-1.9297095705006782
5635774,4.24,0015-08-18 11:57:04,0015-08-18 15:34:06,11,15,3.617222222,Mardi,ios,10.461269,41493375,405157,976902,Parking public,3.47,14.71,Fès,30000,34.03011525476857,-5.0008201740852725
3232044,6.21,0015-08-19 16:09:37,0015-08-19 19:09:06,16,19,2.991388889,Mercredi,ios,10.461269,41493375,280221,976902,Parking public,3.44,21.36,Oujda,60000,34.71415486090503,-1.8843697863046518
6884056,6.68,0015-08-31 16:59:45,0015-08-31 21:16:08,16,21,4.273055556,Lundi,ios,10.9018416,41493375,349635,503205,Parking public,3.12,20.84,Fès,30000,34.02704211905854,-5.007283457578691
7787608,4.21,0015-09-02 18:58:11,0015-09-02 20:20:08,18,20,1.365833333,Mercredi,ios,10.461269,41493375,738900,976902,Parking public,1.75,7.37,Fès,30000,34.05348809639986,-5.0048376784367825
4712059,4.89,0015-09-08 18:52:31,0015-09-08 20:28:07,18,20,1.593333333,Mardi,ios,10.9018416,41493375,349635,503205,Parking public,2.35,11.49,Fès,30000,34.014412436344955,-4.987418234659603
6030380,5.66,0015-09-10 12:55:48,0015-09-10 15:10:15,12,15,2.240833333,Jeudi,ios,14.991275,41493375,369001,493904,Université / Campus,3.48,19.7,Rabat,10000,34.0312476298815,-6.835372434562832
9114168,0.0,0015-10-01 20:55:32,0015-10-01 20:57:06,20,20,0.026111111,Jeudi,android,,39133512,431796,461655,Parking public,2.37,0.0,Casablanca,20000,33.601720417266336,-7.6018644309941
5877345,0.0,0015-10-01 21:02:33,0015-10-01 21:04:06,21,21,0.025833333,Jeudi,android,,39133512,431796,461655,Parking public,3.49,0.0,Casablanca,20000,33.549213586052375,-7.595151016265954
8410244,6.67,0015-07-13 19:36:46,0015-07-13 20:06:07,19,20,0.489166667,Lundi,ios,1.3751582,39279042,514669,566549,Parking public,2.75,18.34,Tanger,90000,35.72999919653363,-5.850938012068566
3540566,3.42,0015-07-13 20:16:50,0015-07-13 21:26:05,20,21,1.154166667,Lundi,ios,1.3751582,39279042,414088,566549,Parking public,3.17,10.84,Meknès,50000,33.88951496755796,-5.519338712452187
8413364,4.45,0015-07-21 12:46:59,0015-07-21 14:59:06,12,14,2.201944444,Mardi,ios,1.3751582,39279042,414088,566549,Parking public,2.02,8.99,Meknès,50000,33.869057528983085,-5.569461937106558
7894661,4.96,0015-07-23 11:48:49,0015-07-23 13:52:08,11,13,2.055277778,Jeudi,ios,1.3751582,39279042,902592,566549,Parking public,3.32,16.47,Oujda,60000,34.701603060980574,-1.919089792926015
1314745,3.76,0015-07-23 19:33:58,0015-07-23 21:05:12,19,21,1.520555556,Jeudi,ios,1.3751582,39279042,514669,566549,Parking public,3.33,12.52,Tanger,90000,35.784372919830915,-5.862449661666799
9613586,4.71,0015-07-24 12:16:54,0015-07-24 14:09:07,12,14,1.870277778,Vendredi,ios,1.3751582,39279042,514669,566549,Parking public,1.63,7.68,Tanger,90000,35.75554125836253,-5.850693230483987
1696580,1.87,0015-07-31 23:37:28,0015-08-01 00:15:07,23,0,0.6275,Vendredi,ios,1.3751582,39279042,514669,566549,Parking public,2.28,4.26,Tanger,90000,35.74502269852933,-5.81717173169719
5499035,5.12,0015-08-03 16:01:11,0015-08-03 18:05:09,16,18,2.066111111,Lundi,ios,1.3751582,39279042,414088,566549,Parking public,2.29,11.72,Meknès,50000,33.8895641991404,-5.565229486062667
5206898,5.39,0015-08-04 11:37:42,0015-08-04 14:05:08,11,14,2.457222222,Mardi,ios,0.9718696,39279042,653450,503205,Parking public,2.15,11.59,Marrakech,40000,31.642906869071002,-8.006296195848261
6131700,5.21,0015-08-06 11:17:31,0015-08-06 13:10:10,11,13,1.8775,Jeudi,ios,0.9718696,39279042,228137,503205,Parking public,2.05,10.68,Oujda,60000,34.65724324969482,-1.9129328092093285
4640623,4.86,0015-08-07 16:49:45,0015-08-07 18:42:06,16,18,1.8725,Vendredi,ios,1.3751582,39279042,902592,566549,Parking public,2.42,11.76,Oujda,60000,34.69206723936908,-1.9408018459159289
6506913,5.05,0015-08-10 11:17:42,0015-08-10 13:07:12,11,13,1.825,Lundi,ios,0.9718696,39279042,653450,503205,Parking public,3.25,16.41,Marrakech,40000,31.636297501093242,-8.00601403073442
3846750,5.14,0015-08-11 11:03:37,0015-08-11 12:56:07,11,12,1.875,Mardi,ios,0.9718696,39279042,228137,503205,Parking public,3.07,15.78,Oujda,60000,34.69496129481376,-1.8929424478262216
8676368,5.35,0015-08-12 11:28:48,0015-08-12 13:34:07,11,13,2.088611111,Mercredi,ios,0.9718696,39279042,653450,503205,Parking public,2.75,14.71,Marrakech,40000,31.614021324798852,-7.964811599308423
4674664,4.9,0015-08-14 10:50:54,0015-08-14 12:46:07,10,12,1.920277778,Vendredi,ios,1.3751582,39279042,414088,566549,Parking public,2.55,12.5,Meknès,50000,33.90634316340269,-5.522391670775706
1425894,4.95,0015-08-18 11:04:00,0015-08-18 12:54:08,11,12,1.835555556,Mardi,ios,0.9718696,39279042,228137,503205,Parking public,2.34,11.58,Oujda,60000,34.66218348917991,-1.8901290738453551
7903562,5.01,0015-08-19 10:54:09,0015-08-19 12:56:08,10,12,2.033055556,Mercredi,ios,1.3751582,39279042,414088,566549,Parking public,2.33,11.67,Meknès,50000,33.87545622018801,-5.536309466205611
8096881,5.33,0015-08-20 10:58:41,0015-08-20 12:57:06,10,12,1.973611111,Jeudi,ios,0.9718696,39279042,228137,503205,Parking public,1.8,9.59,Oujda,60000,34.70934820279927,-1.9382600285619602
5893443,5.3,0015-08-24 11:00:36,0015-08-24 13:48:06,11,13,2.791666667,Lundi,ios,0.9718696,39279042,228137,503205,Parking public,2.68,14.2,Oujda,60000,34.7010233890436,-1.8944290829208006
3270015,5.4,0015-08-27 10:47:00,0015-08-27 12:43:07,10,12,1.935277778,Jeudi,ios,0.9718696,39279042,228137,503205,Parking public,3.02,16.31,Oujda,60000,34.657524733240685,-1.8906693513495663
7813105,5.29,0015-08-28 10:50:29,0015-08-28 13:17:06,10,13,2.443611111,Vendredi,ios,0.9718696,39279042,228137,503205,Parking public,3.38,17.88,Oujda,60000,34.67160257562219,-1.8934550712536826
7635766,5.52,0015-08-31 10:57:17,0015-08-31 12:55:11,10,12,1.965,Lundi,ios,0.9718696,39279042,653450,503205,Parking public,3.35,18.49,Marrakech,40000,31.61236438897959,-7.980591257881518
3422322,4.93,0015-09-01 11:02:19,0015-09-01 12:55:11,11,12,1.881111111,Mardi,ios,0.9718696,39279042,653450,503205,Parking public,2.63,12.97,Marrakech,40000,31.61574837968222,-7.997125889681031
9206482,4.83,0015-09-02 10:58:53,0015-09-02 12:41:08,10,12,1.704166667,Mercredi,ios,0.9718696,39279042,228137,503205,Parking public,1.7,8.21,Oujda,60000,34.671553586216795,-1.8906802014586763
9754177,6.83,0015-09-02 15:55:30,0015-09-02 18:55:11,15,18,2.994722222,Mercredi,ios,1.3751582,39279042,131897,566549,Parking public,2.07,14.14,Meknès,50000,33.867251577744575,-5.5336702314155914
6829980,4.53,0015-09-03 18:52:02,0015-09-03 21:32:07,18,21,2.668055556,Jeudi,ios,1.3751582,39279042,902592,566549,Parking public,2.57,11.64,Oujda,60000,34.68423643099581,-1.882554329536669
9070848,5.04,0015-09-09 19:45:31,0015-09-09 22:06:06,19,22,2.343055556,Mercredi,ios,1.3751582,39279042,414088,566549,Parking public,2.19,11.04,Meknès,50000,33.907464008487175,-5.567958444134644
4989192,5.38,0015-09-14 13:50:01,0015-09-14 15:49:08,13,15,1.985277778,Lundi,ios,1.3751582,39279042,131897,566549,Parking public,2.32,12.48,Meknès,50000,33.89990390348305,-5.563760125016876
2485636,5.28,0015-09-15 11:22:36,0015-09-15 13:17:10,11,13,1.909444444,Mardi,ios,0.9718696,39279042,653450,503205,Parking public,2.27,11.99,Marrakech,40000,31.639872300115886,-7.998392111007109
1271032,4.89,0015-09-18 10:54:45,0015-09-18 12:39:07,10,12,1.739444444,Vendredi,ios,0.9718696,39279042,653450,503205,Parking public,2.47,12.08,Marrakech,40000,31.604368950712175,-7.963547613942719
3781564,5.07,0015-09-24 10:51:32,0015-09-24 12:44:10,10,12,1.877222222,Jeudi,ios,1.3751582,39279042,414088,566549,Parking public,2.72,13.79,Meknès,50000,33.92058944261061,-5.566085562212993
2929990,7.0,0015-09-24 16:28:21,0015-09-24 18:58:10,16,18,2.496944444,Jeudi,ios,1.3751582,39279042,414088,566549,Parking public,1.57,10.99,Meknès,50000,33.91380951003058,-5.573300410210601
2593357,4.87,0015-09-25 10:51:13,0015-09-25 13:09:07,10,13,2.298333333,Vendredi,ios,1.3751582,39279042,414088,566549,Parking public,2.05,9.98,Meknès,50000,33.91180541910974,-5.517386351604862
8762262,6.38,0015-09-26 11:01:36,0015-09-26 14:06:06,11,14,3.075,Samedi,ios,1.3751582,39279042,414088,566549,Parking public,1.79,11.42,Meknès,50000,33.91287902830251,-5.5758109673132905
2707087,5.91,0015-09-27 10:56:26,0015-09-27 13:38:06,10,13,2.694444444,Dimanche,ios,0.8569106,39279042,200695,202527,Parking public,2.72,16.08,Meknès,50000,33.91946263048797,-5.527185356390468
4456327,5.03,0015-10-01 10:58:45,0015-10-01 14:20:08,10,14,3.356388889,Jeudi,ios,0.8569106,39279042,200695,202527,Parking public,2.89,14.54,Meknès,50000,33.89615523796682,-5.555377989506961
8161768,5.07,0015-10-02 12:09:37,0015-10-02 16:40:09,12,16,4.508888889,Vendredi,ios,0.8569106,39279042,672450,202527,Parking public,1.58,8.01,Oujda,60000,34.66871692107206,-1.890903072414531
5293030,5.0,0015-07-21 20:39:16,0015-07-21 22:21:05,20,22,1.696944444,Mardi,ios,23.6374346,29845530,507660,202527,Parking public,3.28,16.4,Meknès,50000,33.90050701647115,-5.544022770527331
7980504,7.13,0015-07-22 15:54:32,0015-07-22 19:05:07,15,19,3.176388889,Mercredi,ios,23.6374346,29845530,507660,202527,Parking public,2.16,15.4,Meknès,50000,33.90807288962008,-5.523202126230818
2367809,6.78,0015-07-23 11:47:57,0015-07-23 14:40:14,11,14,2.871388889,Jeudi,ios,23.6374346,29845530,507660,202527,Parking public,1.98,13.42,Meknès,50000,33.90777504360125,-5.521728420815123
7415181,7.08,0015-07-24 15:22:30,0015-07-24 18:37:06,15,18,3.243333333,Vendredi,ios,23.6374346,29845530,911231,202527,Parking public,2.99,21.17,Tanger,90000,35.760786941450014,-5.863454109123153
4604412,7.16,0015-08-03 18:18:08,0015-08-03 22:03:08,18,22,3.75,Lundi,ios,23.6374346,29845530,507660,202527,Parking public,3.34,23.91,Meknès,50000,33.86760752316002,-5.572775269440433
1209538,6.99,0015-09-25 11:26:57,0015-09-25 14:55:10,11,14,3.470277778,Vendredi,ios,23.6374346,29845530,911231,202527,Parking public,3.29,23.0,Tanger,90000,35.75176677630581,-5.848978476225748
7242189,5.52,0015-07-21 10:15:11,0015-07-21 12:11:05,10,12,1.931666667,Mardi,ios,16.4534292,45460701,250527,976902,Parking public,1.54,8.5,Rabat,10000,34.046145996507796,-6.83144107501819
7056397,6.55,0015-07-22 11:14:17,0015-07-22 15:20:08,11,15,4.0975,Mercredi,ios,16.4534292,45460701,500856,976902,Parking public,3.13,20.5,Rabat,10000,34.02596693458544,-6.818303668209309
1167093,6.09,0015-07-23 10:32:50,0015-07-23 12:29:06,10,12,1.937777778,Jeudi,ios,16.4534292,45460701,500856,976902,Parking public,2.11,12.85,Rabat,10000,34.02319991659534,-6.8440034829223615
3953742,5.69,0015-07-27 10:39:16,0015-07-27 12:28:06,10,12,1.813888889,Lundi,ios,16.4534292,45460701,500856,976902,Parking public,2.06,11.72,Rabat,10000,34.00703121086293,-6.835181613023543
4301456,5.53,0015-07-28 10:43:10,0015-07-28 12:29:06,10,12,1.765555556,Mardi,ios,16.4534292,45460701,500856,976902,Parking public,2.48,13.71,Rabat,10000,34.013006935194994,-6.860290008832266
2237396,6.0,0015-07-29 11:22:02,0015-07-29 13:22:12,11,13,2.002777778,Mercredi,ios,16.4534292,45460701,355208,976902,Parking public,2.89,17.34,Casablanca,20000,33.596820765349186,-7.571501989967099
6837232,6.02,0015-07-30 11:18:51,0015-07-30 13:54:08,11,13,2.588055556,Jeudi,ios,16.4534292,45460701,355208,976902,Parking public,1.7,10.23,Casablanca,20000,33.58308778285161,-7.561760313318792
9862325,3.08,0015-07-31 11:30:36,0015-07-31 12:30:14,11,12,0.993888889,Vendredi,ios,16.4534292,45460701,801274,976902,Parking public,3.24,9.98,Marrakech,40000,31.64674322160514,-7.9949840640251235
2894946,3.01,0015-08-03 19:54:22,0015-08-03 20:54:07,19,20,0.995833333,Lundi,ios,16.4534292,45460701,738900,976902,Parking public,1.77,5.33,Fès,30000,34.03036072538406,-5.000610442903968
2537301,5.16,0015-08-13 11:33:31,0015-08-13 13:13:07,11,13,1.66,Jeudi,ios,16.4534292,45460701,944515,976902,Parking public,3.45,17.8,Rabat,10000,34.02871483316736,-6.866433033369617
6211734,4.75,0015-07-24 18:16:06,0015-07-24 19:49:08,18,19,1.550555556,Vendredi,android,33.4698468,81295434,414088,566549,Parking public,2.39,11.35,Meknès,50000,33.878403016524594,-5.543751800612222
3825705,7.03,0015-07-27 11:03:18,0015-07-27 14:56:06,11,14,3.88,Lundi,android,33.4698468,81295434,414088,566549,Parking public,3.15,22.14,Meknès,50000,33.90582764981701,-5.547132993489199
7175298,2.96,0015-07-27 15:50:35,0015-07-27 17:38:06,15,17,1.791944444,Lundi,android,33.4698468,81295434,902592,566549,Parking public,2.04,6.04,Oujda,60000,34.6823560800222,-1.9327338109506953
6894677,7.0,0015-07-28 11:04:18,0015-07-28 15:03:07,11,15,3.980277778,Mardi,android,33.4698468,81295434,902592,566549,Parking public,2.33,16.31,Oujda,60000,34.68325273088889,-1.9148760272129155
2979033,7.16,0015-07-29 11:03:13,0015-07-29 14:52:07,11,14,3.815,Mercredi,android,33.4698468,81295434,902592,566549,Parking public,2.79,19.98,Oujda,60000,34.695659339474616,-1.9213537208748062
7623155,2.45,0015-07-29 16:00:08,0015-07-29 19:57:06,16,19,3.949444444,Mercredi,android,33.4698468,81295434,414088,566549,Parking public,1.88,4.61,Meknès,50000,33.91967683728814,-5.545990147481689
1155934,7.1,0015-07-30 16:42:30,0015-07-30 19:59:06,16,19,3.276666667,Jeudi,android,33.4698468,81295434,514669,566549,Parking public,1.92,13.63,Tanger,90000,35.73334038079652,-5.828860739874272
4955917,7.13,0015-07-31 16:31:19,0015-07-31 20:15:08,16,20,3.730277778,Vendredi,android,33.0665582,81295434,349635,503205,Parking public,3.15,22.46,Fès,30000,34.05258459424082,-5.029790265283568
7812347,7.21,0015-08-03 10:57:45,0015-08-03 14:50:09,10,14,3.873333333,Lundi,android,33.4698468,81295434,514669,566549,Parking public,2.98,21.49,Tanger,90000,35.747042986624734,-5.818339641023027
6555119,7.05,0015-08-04 11:04:17,0015-08-04 15:58:06,11,15,4.896944444,Mardi,android,33.4698468,81295434,414088,566549,Parking public,3.02,21.29,Meknès,50000,33.89013516727039,-5.534519142488295
3420261,6.87,0015-08-05 11:05:48,0015-08-05 15:15:08,11,15,4.155555556,Mercredi,android,33.4698468,81295434,414088,566549,Parking public,3.23,22.19,Meknès,50000,33.8648147997265,-5.5553228168276085
9765750,7.25,0015-08-06 11:14:45,0015-08-06 15:01:08,11,15,3.773055556,Jeudi,android,33.4698468,81295434,902592,566549,Parking public,3.14,22.76,Oujda,60000,34.674762764670064,-1.938223843865871
7384243,6.84,0015-08-10 15:04:44,0015-08-10 20:36:08,15,20,5.523333333,Lundi,android,33.0665582,81295434,653450,503205,Parking public,2.53,17.31,Marrakech,40000,31.629657874557807,-7.965804047612896
6862942,7.03,0015-08-12 11:10:19,0015-08-12 14:55:13,11,14,3.748333333,Mercredi,android,33.4698468,81295434,514669,566549,Parking public,1.82,12.79,Tanger,90000,35.73287056464085,-5.806689490371312
7495052,1.7,0015-08-12 15:40:48,0015-08-12 18:55:09,15,18,3.239166667,Mercredi,android,33.4698468,81295434,514669,566549,Parking public,2.12,3.6,Tanger,90000,35.75896574376299,-5.849590904238679
7444134,6.99,0015-08-13 11:09:48,0015-08-13 14:49:06,11,14,3.655,Jeudi,android,33.4698468,81295434,414088,566549,Parking public,2.51,17.54,Meknès,50000,33.91912663773151,-5.5578885231757775
7939144,7.01,0015-08-17 11:09:58,0015-08-17 14:56:07,11,14,3.769166667,Lundi,android,33.4698468,81295434,902592,566549,Parking public,1.77,12.41,Oujda,60000,34.66302359308647,-1.930371226631091
2016932,3.26,0015-08-17 16:04:07,0015-08-17 20:11:06,16,20,4.116388889,Lundi,android,33.4698468,81295434,902592,566549,Parking public,3.2,10.43,Oujda,60000,34.70256644368453,-1.9067838325993096
7877637,6.91,0015-08-18 11:05:14,0015-08-18 17:04:06,11,17,5.981111111,Mardi,android,33.4698468,81295434,414088,566549,Parking public,3.26,22.53,Meknès,50000,33.88808026320256,-5.568009516321153
5200982,7.1,0015-08-19 11:12:28,0015-08-19 16:01:06,11,16,4.810555556,Mercredi,android,33.4698468,81295434,902592,566549,Parking public,1.56,11.08,Oujda,60000,34.69601042287146,-1.9200283633923172
9984432,6.94,0015-08-20 10:18:38,0015-08-20 14:20:09,10,14,4.025277778,Jeudi,android,33.4698468,81295434,902592,566549,Parking public,1.89,13.12,Oujda,60000,34.67231419587912,-1.8995792191639442
4869314,6.85,0015-08-21 11:24:07,0015-08-21 14:56:07,11,14,3.533333333,Vendredi,android,33.4698468,81295434,414088,566549,Parking public,3.17,21.71,Meknès,50000,33.873069535752485,-5.543693041019439
9347641,1.14,0015-08-21 16:04:25,0015-08-21 19:37:07,16,19,3.545,Vendredi,android,33.4698468,81295434,414088,566549,Parking public,3.17,3.61,Meknès,50000,33.87312775685628,-5.554112246140324
2319248,6.68,0015-08-24 16:11:21,0015-08-24 20:11:06,16,20,3.995833333,Lundi,android,33.4698468,81295434,902592,566549,Parking public,2.0,13.36,Oujda,60000,34.66092951673859,-1.9161850238915474
1258061,6.8,0015-08-25 11:02:15,0015-08-25 15:04:06,11,15,4.030833333,Mardi,android,33.4698468,81295434,414088,566549,Parking public,2.41,16.39,Meknès,50000,33.87463880229408,-5.5435733470426065
1181412,6.73,0015-08-26 11:08:41,0015-08-26 14:51:06,11,14,3.706944444,Mercredi,android,33.4698468,81295434,414088,566549,Parking public,3.34,22.48,Meknès,50000,33.90335316309934,-5.57694811632677
1613681,3.3,0015-08-26 15:52:54,0015-08-26 21:05:16,15,21,5.206111111,Mercredi,android,33.4698468,81295434,414088,566549,Parking public,2.91,9.6,Meknès,50000,33.916401436710615,-5.572589407892783
1422187,6.85,0015-08-27 10:37:16,0015-08-27 14:59:05,10,14,4.363611111,Jeudi,android,33.4698468,81295434,414088,566549,Parking public,2.05,14.04,Meknès,50000,33.912347541135475,-5.52442451593422
7542026,6.84,0015-09-10 11:08:49,0015-09-10 16:24:06,11,16,5.254722222,Jeudi,android,33.4698468,81295434,414088,566549,Parking public,3.15,21.55,Meknès,50000,33.90460805859247,-5.572627260654523
9354109,6.99,0015-09-11 11:07:47,0015-09-11 15:17:09,11,15,4.156111111,Vendredi,android,33.4698468,81295434,514669,566549,Parking public,2.51,17.54,Tanger,90000,35.73612591180467,-5.821591784227369
5894930,7.05,0015-09-14 11:15:38,0015-09-14 14:59:16,11,14,3.727222222,Lundi,android,33.4698468,81295434,414088,566549,Parking public,2.77,19.53,Meknès,50000,33.88085124677776,-5.5220977101534565
6765399,6.95,0015-09-15 11:02:47,0015-09-15 14:58:07,11,14,3.922222222,Mardi,android,33.4698468,81295434,514669,566549,Parking public,1.75,12.16,Tanger,90000,35.74808841251935,-5.847758983741896
3621031,6.93,0015-09-16 11:19:15,0015-09-16 15:02:08,11,15,3.714722222,Mercredi,android,33.4698468,81295434,414088,566549,Parking public,1.56,10.81,Meknès,50000,33.87849741678386,-5.555070513776429
3670497,6.94,0015-09-17 11:11:31,0015-09-17 14:54:08,11,14,3.710277778,Jeudi,android,33.4698468,81295434,414088,566549,Parking public,2.24,15.55,Meknès,50000,33.89440033958259,-5.543164715649317
1220769,6.95,0015-09-21 11:12:33,0015-09-21 15:07:09,11,15,3.91,Lundi,android,33.4698468,81295434,414088,566549,Parking public,2.69,18.7,Meknès,50000,33.895633228892784,-5.5243974618216845
9819267,6.73,0015-09-22 11:22:36,0015-09-22 15:47:06,11,15,4.408333333,Mardi,android,33.4698468,81295434,514669,566549,Parking public,1.86,12.52,Tanger,90000,35.75091315851027,-5.807485664764374
8142355,6.9,0015-09-23 11:20:43,0015-09-23 15:00:12,11,15,3.658055556,Mercredi,android,33.4698468,81295434,414088,566549,Parking public,3.24,22.36,Meknès,50000,33.88472734952419,-5.5329262051133234
6424674,2.39,0015-09-23 15:30:20,0015-09-23 22:46:07,15,22,7.263055556,Mercredi,android,33.4698468,81295434,902592,566549,Parking public,2.67,6.38,Oujda,60000,34.706413335874366,-1.9362028143487184
5701386,6.95,0015-09-25 11:25:55,0015-09-25 15:07:05,11,15,3.686111111,Vendredi,android,33.4698468,81295434,902592,566549,Parking public,2.2,15.29,Oujda,60000,34.70405757089918,-1.9012507506679088
7560029,1.83,0015-09-25 16:34:49,0015-09-25 19:37:07,16,19,3.038333333,Vendredi,android,33.4698468,81295434,514669,566549,Parking public,1.83,3.35,Tanger,90000,35.747967749900845,-5.83938177668764
4080195,6.86,0015-09-28 12:11:47,0015-09-28 16:45:10,12,16,4.556388889,Lundi,android,33.0187104,81295434,623134,620906,Parking public,3.29,22.57,Oujda,60000,34.7115273066324,-1.9131579400305363
9363895,0.0,0015-09-28 16:46:01,0015-09-28 23:29:08,16,23,6.718611111,Lundi,android,,81295434,236840,620906,Parking public,3.0,0.0,Rabat,10000,34.048068901020144,-6.868651096579289
9232903,6.9,0015-09-29 11:20:57,0015-09-29 16:09:09,11,16,4.803333333,Mardi,android,33.0187104,81295434,236840,620906,Parking public,2.88,19.87,Rabat,10000,34.0105045525218,-6.8601362716392185
5573993,7.08,0015-09-30 11:24:44,0015-09-30 14:52:13,11,14,3.458055556,Mercredi,android,33.4698468,81295434,414088,566549,Parking public,2.07,14.66,Meknès,50000,33.884765496927585,-5.529869183547981
6554901,3.08,0015-09-30 15:54:13,0015-09-30 20:17:08,15,20,4.381944444,Mercredi,android,33.4698468,81295434,514669,566549,Parking public,2.27,6.99,Tanger,90000,35.75983804920532,-5.836762470017128
6402706,6.89,0015-10-01 11:23:45,0015-10-01 14:59:06,11,14,3.589166667,Jeudi,android,33.4698468,81295434,514669,566549,Parking public,1.83,12.61,Tanger,90000,35.78596724875202,-5.845900265502131
6849425,0.0,0015-09-25 17:27:32,0015-09-25 17:29:05,17,17,0.025833333,Vendredi,ios,,14260257,616125,700367,Bureau / Entreprise,2.64,0.0,Oujda,60000,34.70927916598854,-1.9183588555621025
2388384,6.49,0015-09-25 17:31:33,0015-09-25 19:37:08,17,19,2.093055556,Vendredi,ios,22.4399968,14260257,818217,700367,Bureau / Entreprise,3.43,22.26,Agadir,80000,30.403954077755017,-9.576836029200459
5967977,6.82,0015-09-29 15:01:05,0015-09-29 18:58:09,15,18,3.951111111,Mardi,ios,22.4399968,14260257,616125,700367,Bureau / Entreprise,3.21,21.89,Oujda,60000,34.68026384459629,-1.8964600589557026
8726260,1.8,0015-07-30 16:45:06,0015-07-30 19:41:07,16,19,2.933611111,Jeudi,ios,1.3751582,10427670,902592,566549,Parking public,2.79,5.02,Oujda,60000,34.68990227138499,-1.925061076169135
1006672,1.65,0015-08-12 16:11:22,0015-08-12 20:06:07,16,20,3.9125,Mercredi,ios,0.9718696,10427670,228137,503205,Parking public,2.86,4.72,Oujda,60000,34.686887948353096,-1.9343498895872575
8864167,3.26,0015-09-10 16:32:34,0015-09-10 20:31:08,16,20,3.976111111,Jeudi,ios,1.3751582,10427670,414088,566549,Parking public,2.04,6.65,Meknès,50000,33.87513178407622,-5.562180106701356
1303122,5.05,0015-09-11 17:02:41,0015-09-11 20:08:08,17,20,3.090833333,Vendredi,ios,0.9718696,10427670,653450,503205,Parking public,2.32,11.72,Marrakech,40000,31.65102900627009,-7.955854612936716
9709457,2.31,0015-09-14 16:25:12,0015-09-14 20:15:08,16,20,3.832222222,Lundi,ios,0.9718696,10427670,228137,503205,Parking public,1.54,3.56,Oujda,60000,34.69731644697981,-1.9065046697290147
6881589,5.37,0015-09-17 11:44:06,0015-09-17 15:13:10,11,15,3.484444444,Jeudi,ios,0.9718696,10427670,653450,503205,Parking public,3.06,16.43,Marrakech,40000,31.64977450249111,-7.979091187475313
9443273,3.79,0015-09-22 16:40:33,0015-09-22 20:07:07,16,20,3.442777778,Mardi,ios,1.3751582,10427670,902592,566549,Parking public,3.04,11.52,Oujda,60000,34.70822585676097,-1.9056163840184523
1865681,0.0,0015-09-25 19:10:00,0015-09-25 19:11:08,19,19,0.018888889,Vendredi,ios,,10427670,693651,503205,Parking public,1.52,0.0,Oujda,60000,34.70160135121995,-1.919438304055209
5159998,3.78,0015-09-30 17:02:04,0015-09-30 20:25:08,17,20,3.384444444,Mercredi,ios,1.3751582,10427670,131897,566549,Parking public,3.32,12.55,Meknès,50000,33.889852636074984,-5.528873578780829
7155296,0.0,0015-10-02 19:16:23,0015-10-02 19:18:07,19,19,0.028888889,Vendredi,ios,,10427670,693651,503205,Parking public,2.79,0.0,Oujda,60000,34.693332805300926,-1.910002825041985
7688636,0.0,0015-10-02 19:18:45,0015-10-02 19:20:08,19,19,0.023055556,Vendredi,ios,,10427670,693651,503205,Parking public,2.7,0.0,Oujda,60000,34.66632192436719,-1.9343951258338723
4539977,6.41,0015-08-03 16:40:44,0015-08-03 19:50:10,16,19,3.157222222,Lundi,ios,22.2138072,93202560,944515,976902,Parking public,1.52,9.74,Rabat,10000,34.03131872504849,-6.863856092510256
5953732,6.98,0015-08-04 16:59:52,0015-08-04 19:53:07,16,19,2.8875,Mardi,ios,22.2138072,93202560,738900,976902,Parking public,2.0,13.96,Fès,30000,34.013855195344355,-4.998088451209843
8769571,6.34,0015-08-05 16:10:20,0015-08-05 19:38:07,16,19,3.463055556,Mercredi,ios,22.2138072,93202560,944515,976902,Parking public,3.11,19.72,Rabat,10000,34.03253697543061,-6.81540578691575
8390683,6.39,0015-08-06 16:11:49,0015-08-06 19:39:06,16,19,3.454722222,Jeudi,ios,22.2138072,93202560,944515,976902,Parking public,2.11,13.48,Rabat,10000,34.004675889645235,-6.8530988726994275
4233876,3.85,0015-08-11 16:25:59,0015-08-11 19:52:05,16,19,3.435,Mardi,ios,22.2138072,93202560,944515,976902,Parking public,3.43,13.21,Rabat,10000,33.99795307800901,-6.819427529868447
5719391,6.17,0015-08-12 16:08:18,0015-08-12 19:51:08,16,19,3.713888889,Mercredi,ios,22.2138072,93202560,944515,976902,Parking public,2.79,17.21,Rabat,10000,34.000817069408576,-6.825754264805267
4661539,6.02,0015-08-13 16:05:26,0015-08-13 19:39:07,16,19,3.561388889,Jeudi,ios,22.2138072,93202560,944515,976902,Parking public,2.35,14.15,Rabat,10000,33.99101952811314,-6.856731253425585
3110521,5.67,0015-08-14 16:01:08,0015-08-14 19:35:12,16,19,3.567777778,Vendredi,ios,22.2138072,93202560,801274,976902,Parking public,2.25,12.76,Marrakech,40000,31.64262437707121,-8.008919555101025
2818069,5.85,0015-08-17 16:06:25,0015-08-17 19:38:08,16,19,3.528611111,Lundi,ios,22.2138072,93202560,944515,976902,Parking public,2.2,12.87,Rabat,10000,34.0348440629435,-6.865489164091457
7403755,4.4,0015-08-18 16:35:44,0015-08-18 19:34:07,16,19,2.973055556,Mardi,ios,22.2138072,93202560,944515,976902,Parking public,2.0,8.8,Rabat,10000,34.02179600099479,-6.8278903639691535
1458159,7.02,0015-08-20 16:06:19,0015-08-20 19:56:07,16,19,3.83,Jeudi,ios,22.2138072,93202560,944515,976902,Parking public,2.43,17.06,Rabat,10000,34.00058176806332,-6.8596198157175605
5230784,6.42,0015-08-21 16:18:17,0015-08-21 19:38:07,16,19,3.330555556,Vendredi,ios,22.2138072,93202560,801274,976902,Parking public,2.85,18.3,Marrakech,40000,31.60451326025064,-7.988823744769676
6925779,6.29,0015-08-24 15:27:10,0015-08-24 18:32:10,15,18,3.083333333,Lundi,ios,22.2138072,93202560,944515,976902,Parking public,3.15,19.81,Rabat,10000,33.99204773798623,-6.841498050039614
9186379,5.42,0015-08-25 15:47:55,0015-08-25 19:37:05,15,19,3.819444444,Mardi,ios,22.2138072,93202560,944515,976902,Parking public,2.29,12.41,Rabat,10000,34.00084489061791,-6.82807190989299
8125959,6.14,0015-08-26 16:33:32,0015-08-26 19:49:06,16,19,3.259444444,Mercredi,ios,22.2138072,93202560,944515,976902,Parking public,1.7,10.44,Rabat,10000,34.044351332098984,-6.864806126604452
2000558,6.9,0015-08-27 16:30:50,0015-08-27 19:57:06,16,19,3.437777778,Jeudi,ios,22.2138072,93202560,738900,976902,Parking public,2.52,17.39,Fès,30000,34.0175922105021,-5.005918015683353
9543616,6.84,0015-08-28 16:16:28,0015-08-28 20:02:08,16,20,3.761111111,Vendredi,ios,22.2138072,93202560,801274,976902,Parking public,2.82,19.29,Marrakech,40000,31.62075627963303,-7.981995625451438
7103437,5.95,0015-08-31 15:52:03,0015-08-31 19:55:11,15,19,4.052222222,Lundi,ios,22.2138072,93202560,944515,976902,Parking public,3.19,18.98,Rabat,10000,33.99722072906888,-6.839150376161707
7715090,4.52,0015-09-01 17:33:47,0015-09-01 20:17:07,17,20,2.722222222,Mardi,ios,22.2138072,93202560,738900,976902,Parking public,2.25,10.17,Fès,30000,34.016441678284885,-4.981198361516287
9488108,7.3,0015-09-02 15:59:09,0015-09-02 18:43:10,15,18,2.733611111,Mercredi,ios,22.2138072,93202560,738900,976902,Parking public,2.79,20.37,Fès,30000,34.03425347424681,-5.0199993082974075
5519129,6.16,0015-09-03 15:49:48,0015-09-03 18:50:11,15,18,3.006388889,Jeudi,ios,22.2138072,93202560,944515,976902,Parking public,2.72,16.76,Rabat,10000,34.02736516098574,-6.823130112890403
4049084,5.19,0015-09-08 16:20:35,0015-09-08 20:11:08,16,20,3.8425,Mardi,ios,22.2138072,93202560,944515,976902,Parking public,2.1,10.9,Rabat,10000,34.00562113884997,-6.8300272943382
3071552,6.78,0015-09-09 18:26:08,0015-09-09 20:38:09,18,20,2.200277778,Mercredi,ios,22.2138072,93202560,500856,976902,Parking public,1.72,11.66,Rabat,10000,33.99436392955351,-6.838247751148062
3362828,6.65,0015-09-10 16:27:42,0015-09-10 20:13:06,16,20,3.756666667,Jeudi,ios,22.2138072,93202560,944515,976902,Parking public,1.63,10.84,Rabat,10000,34.01436197214764,-6.829628327775845
3454274,6.29,0015-09-11 16:25:35,0015-09-11 20:01:09,16,20,3.592777778,Vendredi,ios,22.2138072,93202560,944515,976902,Parking public,3.48,21.89,Rabat,10000,34.00495220225558,-6.8468789356629
2013587,6.88,0015-09-14 16:46:46,0015-09-14 20:09:06,16,20,3.372222222,Lundi,ios,22.2138072,93202560,738900,976902,Parking public,2.78,19.13,Fès,30000,34.01627323539378,-5.021996144841912
8334056,6.49,0015-09-15 16:38:19,0015-09-15 20:14:12,16,20,3.598055556,Mardi,ios,22.2138072,93202560,944515,976902,Parking public,3.22,20.9,Rabat,10000,34.048491768162805,-6.831654085584078
1761720,6.53,0015-09-16 16:21:37,0015-09-16 20:07:07,16,20,3.758333333,Mercredi,ios,22.2138072,93202560,738900,976902,Parking public,2.02,13.19,Fès,30000,34.04007802915554,-4.998819661598863
3219522,6.5,0015-09-17 16:40:07,0015-09-17 20:26:08,16,20,3.766944444,Jeudi,ios,22.2138072,93202560,944515,976902,Parking public,2.92,18.98,Rabat,10000,34.02431270659032,-6.833237511967433
8218629,6.86,0015-09-21 16:32:51,0015-09-21 20:09:08,16,20,3.604722222,Lundi,ios,22.2138072,93202560,738900,976902,Parking public,3.28,22.5,Fès,30000,34.028046506211396,-5.010020073138291
2819350,6.9,0015-09-22 16:28:16,0015-09-22 20:21:06,16,20,3.880555556,Mardi,ios,22.2138072,93202560,944515,976902,Parking public,2.1,14.49,Rabat,10000,34.01663666000581,-6.8171880053596094
8809248,6.86,0015-09-23 16:33:19,0015-09-23 20:13:07,16,20,3.663333333,Mercredi,ios,22.2138072,93202560,405157,976902,Parking public,1.8,12.35,Fès,30000,34.03555430023028,-4.995057807885465
6554519,6.78,0015-09-24 16:19:42,0015-09-24 20:08:06,16,20,3.806666667,Jeudi,ios,22.2138072,93202560,355208,976902,Parking public,3.03,20.54,Casablanca,20000,33.58488578842216,-7.614675850942548
3819343,6.37,0015-09-25 16:09:16,0015-09-25 19:00:08,16,19,2.847777778,Vendredi,ios,22.2138072,93202560,944515,976902,Parking public,3.3,21.02,Rabat,10000,34.03302876577091,-6.844611760557734
6474317,6.56,0015-09-28 16:46:20,0015-09-28 20:08:07,16,20,3.363055556,Lundi,ios,22.2138072,93202560,944515,976902,Parking public,3.11,20.4,Rabat,10000,34.001201634462326,-6.826218636715382
7261304,6.16,0015-09-29 16:40:47,0015-09-29 20:15:14,16,20,3.574166667,Mardi,ios,22.2138072,93202560,944515,976902,Parking public,3.1,19.1,Rabat,10000,34.02090676512459,-6.823951926296063
7345157,6.85,0015-09-30 16:21:13,0015-09-30 20:18:06,16,20,3.948055556,Mercredi,ios,22.2138072,93202560,405157,976902,Parking public,2.7,18.5,Fès,30000,34.027817485702045,-5.000624176834175
9275657,6.95,0015-10-01 16:36:03,0015-10-01 20:15:13,16,20,3.652777778,Jeudi,ios,22.2138072,93202560,405157,976902,Parking public,2.82,19.6,Fès,30000,34.05533161797616,-4.976615145750122
6522116,6.97,0015-08-04 20:10:43,0015-08-04 22:29:07,20,22,2.306666667,Mardi,ios,43.0592916,24408549,803398,144857,Bureau / Entreprise,2.86,19.93,Meknès,50000,33.9013851352731,-5.561239893768342
1046589,6.93,0015-08-05 11:23:14,0015-08-05 14:07:07,11,14,2.731388889,Mercredi,ios,43.0592916,24408549,803398,144857,Bureau / Entreprise,2.94,20.37,Meknès,50000,33.89545024398496,-5.552664078165704
9642456,6.93,0015-08-06 15:45:22,0015-08-06 18:10:10,15,18,2.413333333,Jeudi,ios,43.0592916,24408549,568071,144857,Bureau / Entreprise,2.81,19.47,Meknès,50000,33.87042367853074,-5.523384185365861
8904957,7.04,0015-08-07 11:09:27,0015-08-07 13:33:07,11,13,2.394444444,Vendredi,ios,43.0592916,24408549,572249,144857,Bureau / Entreprise,3.49,24.57,Casablanca,20000,33.5794382733594,-7.5660245970117055
8378101,7.07,0015-08-10 17:35:57,0015-08-10 21:24:07,17,21,3.802777778,Lundi,ios,43.0592916,24408549,951880,144857,Bureau / Entreprise,2.02,14.28,Rabat,10000,33.99793223434081,-6.8304572338705185
5712185,6.96,0015-08-11 11:03:44,0015-08-11 13:58:13,11,13,2.908055556,Mardi,ios,43.0592916,24408549,803398,144857,Bureau / Entreprise,2.34,16.29,Meknès,50000,33.88373239453395,-5.525761167172667
2868907,6.92,0015-08-12 11:36:58,0015-08-12 15:06:08,11,15,3.486111111,Mercredi,ios,43.0592916,24408549,568071,144857,Bureau / Entreprise,2.28,15.78,Meknès,50000,33.872070517888865,-5.5719736039826255
1897796,7.18,0015-08-13 11:14:00,0015-08-13 14:15:09,11,14,3.019166667,Jeudi,ios,43.0592916,24408549,803398,144857,Bureau / Entreprise,1.57,11.27,Meknès,50000,33.90502441882146,-5.525400301427533
8689017,7.04,0015-08-14 10:59:58,0015-08-14 13:27:06,10,13,2.452222222,Vendredi,ios,43.0592916,24408549,803398,144857,Bureau / Entreprise,2.92,20.56,Meknès,50000,33.875875126830174,-5.558062805606986
9373778,7.12,0015-08-17 11:55:48,0015-08-17 15:23:07,11,15,3.455277778,Lundi,ios,43.0592916,24408549,951880,144857,Bureau / Entreprise,2.64,18.8,Rabat,10000,34.01441156239128,-6.860900109254307
2301662,7.03,0015-08-18 11:07:33,0015-08-18 14:25:09,11,14,3.293333333,Mardi,ios,43.0592916,24408549,951880,144857,Bureau / Entreprise,1.88,13.22,Rabat,10000,34.04464048665712,-6.857237809819477
5518484,7.12,0015-08-19 11:03:24,0015-08-19 13:36:06,11,13,2.545,Mercredi,ios,43.0592916,24408549,951880,144857,Bureau / Entreprise,2.95,21.0,Rabat,10000,34.003158983003935,-6.846521889519167
5429829,7.02,0015-08-20 11:10:17,0015-08-20 13:44:07,11,13,2.563888889,Jeudi,ios,43.0592916,24408549,951880,144857,Bureau / Entreprise,1.94,13.62,Rabat,10000,34.02136830383753,-6.856528479723732
5696301,7.12,0015-08-21 11:12:08,0015-08-21 14:22:06,11,14,3.166111111,Vendredi,ios,43.0592916,24408549,951880,144857,Bureau / Entreprise,2.57,18.3,Rabat,10000,34.016056299669955,-6.8523659448390095
7197817,7.01,0015-08-24 11:08:14,0015-08-24 14:11:05,11,14,3.0475,Lundi,ios,43.0592916,24408549,951880,144857,Bureau / Entreprise,3.07,21.52,Rabat,10000,33.991987442462744,-6.863501290835702
5539345,6.9,0015-08-25 11:05:52,0015-08-25 14:53:05,11,14,3.786944444,Mardi,ios,43.0592916,24408549,951880,144857,Bureau / Entreprise,3.31,22.84,Rabat,10000,34.03846548681437,-6.85382939406646
6017206,6.96,0015-08-26 11:06:14,0015-08-26 13:45:08,11,13,2.648333333,Mercredi,ios,43.0592916,24408549,951880,144857,Bureau / Entreprise,2.84,19.77,Rabat,10000,33.99504275437887,-6.83726297112748
6736384,7.04,0015-08-27 11:13:02,0015-08-27 13:47:07,11,13,2.568055556,Jeudi,ios,43.0592916,24408549,568071,144857,Bureau / Entreprise,2.51,17.67,Meknès,50000,33.89195530125862,-5.550788777514536
2112699,6.92,0015-08-28 11:08:41,0015-08-28 15:00:07,11,15,3.857222222,Vendredi,ios,43.0592916,24408549,951880,144857,Bureau / Entreprise,3.19,22.07,Rabat,10000,34.02454069769633,-6.850796874325845
9168058,7.05,0015-08-31 11:05:19,0015-08-31 15:02:09,11,15,3.947222222,Lundi,ios,43.0592916,24408549,951880,144857,Bureau / Entreprise,3.18,22.42,Rabat,10000,34.028605587396875,-6.826812872268573
2241581,7.0,0015-09-01 11:04:46,0015-09-01 14:22:08,11,14,3.289444444,Mardi,ios,43.0592916,24408549,951880,144857,Bureau / Entreprise,3.25,22.75,Rabat,10000,34.03221789775847,-6.8179894017164
8024467,7.08,0015-09-02 16:35:59,0015-09-02 19:11:09,16,19,2.586111111,Mercredi,ios,43.0592916,24408549,517464,144857,Bureau / Entreprise,1.86,13.17,Oujda,60000,34.67189634301136,-1.895992646625856
2233925,7.01,0015-09-03 11:05:06,0015-09-03 14:04:06,11,14,2.983333333,Jeudi,ios,43.0592916,24408549,951880,144857,Bureau / Entreprise,1.7,11.92,Rabat,10000,33.9914987265995,-6.851679957872939
6169235,6.98,0015-09-04 11:03:38,0015-09-04 13:41:07,11,13,2.624722222,Vendredi,ios,43.0592916,24408549,803398,144857,Bureau / Entreprise,1.76,12.28,Meknès,50000,33.9069066197413,-5.532633469929746
3300817,6.94,0015-09-09 11:01:45,0015-09-09 13:32:08,11,13,2.506388889,Mercredi,ios,43.0592916,24408549,951880,144857,Bureau / Entreprise,2.02,14.02,Rabat,10000,34.02303939596085,-6.8624811890515565
3720078,6.98,0015-09-10 19:36:08,0015-09-10 22:40:09,19,22,3.066944444,Jeudi,ios,43.0592916,24408549,951880,144857,Bureau / Entreprise,3.12,21.78,Rabat,10000,34.04106706219243,-6.863780920714523
5102032,7.04,0015-09-11 11:07:01,0015-09-11 14:34:07,11,14,3.451666667,Vendredi,ios,43.0592916,24408549,951880,144857,Bureau / Entreprise,3.03,21.33,Rabat,10000,34.040183301774036,-6.850862377777831
6650991,6.93,0015-09-15 11:13:02,0015-09-15 15:06:13,11,15,3.886388889,Mardi,ios,43.0592916,24408549,803398,144857,Bureau / Entreprise,1.87,12.96,Meknès,50000,33.91409957006728,-5.528837857857356
2088516,7.18,0015-09-16 11:09:51,0015-09-16 15:14:09,11,15,4.071666667,Mercredi,ios,43.0592916,24408549,803398,144857,Bureau / Entreprise,2.86,20.53,Meknès,50000,33.89260567959877,-5.562519105165462
8565689,7.08,0015-09-17 11:15:22,0015-09-17 15:12:09,11,15,3.946388889,Jeudi,ios,43.0592916,24408549,803398,144857,Bureau / Entreprise,2.17,15.36,Meknès,50000,33.883517703750215,-5.5735047954660795
7828231,6.87,0015-09-18 11:08:06,0015-09-18 15:21:10,11,15,4.217777778,Vendredi,ios,43.0592916,24408549,803398,144857,Bureau / Entreprise,1.68,11.54,Meknès,50000,33.910993492155484,-5.569397427887618
1537212,7.01,0015-09-21 11:11:37,0015-09-21 14:33:10,11,14,3.359166667,Lundi,ios,43.0592916,24408549,517464,144857,Bureau / Entreprise,2.21,15.49,Oujda,60000,34.683777646781756,-1.8898753018882253
4014400,6.91,0015-09-22 11:04:59,0015-09-22 14:56:08,11,14,3.8525,Mardi,ios,43.0592916,24408549,951880,144857,Bureau / Entreprise,2.99,20.66,Rabat,10000,34.0019065317842,-6.833573002915163
5181950,0.0,0015-09-23 11:02:55,0015-09-23 13:03:05,11,13,2.002777778,Mercredi,ios,,24408549,803398,144857,Bureau / Entreprise,2.11,0.0,Meknès,50000,33.914798441173694,-5.562107930197802
5335068,6.97,0015-09-23 18:44:17,0015-09-23 21:20:09,18,21,2.597777778,Mercredi,ios,43.0592916,24408549,517464,144857,Bureau / Entreprise,3.08,21.47,Oujda,60000,34.709653592606344,-1.9080822504803092
3831578,6.98,0015-09-24 11:05:00,0015-09-24 14:40:10,11,14,3.586111111,Jeudi,ios,43.0592916,24408549,803398,144857,Bureau / Entreprise,2.16,15.08,Meknès,50000,33.89147858536841,-5.545645222654479
4234253,6.96,0015-09-25 10:57:58,0015-09-25 13:27:06,10,13,2.485555556,Vendredi,ios,43.0592916,24408549,517464,144857,Bureau / Entreprise,2.02,14.06,Oujda,60000,34.66124198363859,-1.9020738412935603
7661889,0.0,0015-09-28 11:01:45,0015-09-28 11:03:06,11,11,0.0225,Lundi,ios,,24408549,803398,144857,Bureau / Entreprise,2.09,0.0,Meknès,50000,33.88676956539502,-5.563308746734703
6266049,6.98,0015-09-28 11:03:43,0015-09-28 14:33:09,11,14,3.490555556,Lundi,ios,43.0592916,24408549,803398,144857,Bureau / Entreprise,3.2,22.34,Meknès,50000,33.91171225956776,-5.525435820768336
1048732,6.98,0015-09-30 11:06:37,0015-09-30 13:59:09,11,13,2.875555556,Mercredi,ios,43.0592916,24408549,951880,144857,Bureau / Entreprise,2.44,17.03,Rabat,10000,34.04500644171277,-6.853037886275199
3720333,6.89,0015-10-01 11:18:04,0015-10-01 14:41:06,11,14,3.383888889,Jeudi,ios,43.0592916,24408549,803398,144857,Bureau / Entreprise,3.23,22.25,Meknès,50000,33.87570836454986,-5.535652100761426
9512301,7.0,0015-10-02 11:15:17,0015-10-02 15:04:07,11,15,3.813888889,Vendredi,ios,43.0592916,24408549,951880,144857,Bureau / Entreprise,2.67,18.69,Rabat,10000,33.99491841672151,-6.870632521217667
4151013,7.08,0015-09-16 16:57:25,0015-09-16 20:12:07,16,20,3.245,Mercredi,ios,1.472718,17969193,594591,461655,Parking public,3.39,24.0,Oujda,60000,34.709341027187975,-1.919040572206351
1554082,7.14,0015-08-04 13:19:51,0015-08-04 16:24:06,13,16,3.070833333,Mardi,android,27.2850526,13066218,366832,978130,Bureau / Entreprise,1.64,11.71,Casablanca,20000,33.56646429633873,-7.598697410922472
1218286,6.89,0015-08-05 13:17:10,0015-08-05 16:23:06,13,16,3.098888889,Mercredi,android,27.2850526,13066218,987396,978130,Bureau / Entreprise,3.28,22.6,Marrakech,40000,31.632005657856055,-7.978490934285019
7039116,5.52,0015-08-06 13:12:53,0015-08-06 16:28:07,13,16,3.253888889,Jeudi,android,27.2850526,13066218,366832,978130,Bureau / Entreprise,2.5,13.8,Casablanca,20000,33.60118394872304,-7.615435824293368
2716166,1.44,0015-08-06 19:22:02,0015-08-06 21:23:06,19,21,2.017777778,Jeudi,android,27.2850526,13066218,987396,978130,Bureau / Entreprise,3.23,4.65,Marrakech,40000,31.603493883674854,-7.963692117576433
2472287,6.56,0015-08-07 13:46:20,0015-08-07 17:20:09,13,17,3.563611111,Vendredi,android,27.2850526,13066218,366832,978130,Bureau / Entreprise,2.26,14.83,Casablanca,20000,33.58199908044712,-7.6067331518939465
8841787,7.04,0015-08-10 15:10:42,0015-08-10 18:17:08,15,18,3.107222222,Lundi,android,27.2850526,13066218,987396,978130,Bureau / Entreprise,2.1,14.78,Marrakech,40000,31.603946325354492,-7.970477731107079
2523387,2.35,0015-08-10 20:08:23,0015-08-10 21:54:07,20,21,1.762222222,Lundi,android,27.2850526,13066218,987396,978130,Bureau / Entreprise,1.61,3.78,Marrakech,40000,31.62202813570799,-7.962907272605354
9209311,6.24,0015-08-11 14:15:52,0015-08-11 16:56:09,14,16,2.671388889,Mardi,android,26.5008458,13066218,280415,399399,Bureau / Entreprise,3.21,20.03,Agadir,80000,30.446028872711608,-9.59438738262551
9668688,6.62,0015-08-12 12:18:08,0015-08-12 15:35:13,12,15,3.284722222,Mercredi,android,26.5008458,13066218,280415,399399,Bureau / Entreprise,1.77,11.72,Agadir,80000,30.42380833396534,-9.583647007596682
7395776,1.89,0015-08-12 19:13:14,0015-08-12 21:20:08,19,21,2.115,Mercredi,android,27.2850526,13066218,987396,978130,Bureau / Entreprise,1.9,3.59,Marrakech,40000,31.659330941234177,-7.971388381267099
5925447,5.06,0015-08-13 16:27:30,0015-08-13 18:14:06,16,18,1.776666667,Jeudi,android,27.2850526,13066218,366832,978130,Bureau / Entreprise,2.32,11.74,Casablanca,20000,33.576643557096794,-7.5984682121708795
2268810,5.69,0015-08-14 18:43:46,0015-08-14 21:24:06,18,21,2.672222222,Vendredi,android,27.2850526,13066218,366832,978130,Bureau / Entreprise,2.64,15.02,Casablanca,20000,33.562369729158156,-7.571268487657987
8244607,6.64,0015-08-18 17:51:50,0015-08-18 21:23:06,17,21,3.521111111,Mardi,android,27.2850526,13066218,366832,978130,Bureau / Entreprise,3.31,21.98,Casablanca,20000,33.55630667955428,-7.6021179178068685
2712129,6.03,0015-08-19 15:10:47,0015-08-19 17:22:06,15,17,2.188611111,Mercredi,android,27.2850526,13066218,987396,978130,Bureau / Entreprise,2.42,14.59,Marrakech,40000,31.62053123205717,-7.976827224934909
3224630,6.24,0015-08-20 18:54:39,0015-08-20 21:25:13,18,21,2.509444444,Jeudi,android,27.2850526,13066218,366832,978130,Bureau / Entreprise,2.13,13.29,Casablanca,20000,33.56545199642557,-7.575076135651508
8592653,6.91,0015-08-24 13:15:22,0015-08-24 16:11:06,13,16,2.928888889,Lundi,android,27.2850526,13066218,366832,978130,Bureau / Entreprise,2.93,20.25,Casablanca,20000,33.547222820663436,-7.59706264541125
2504840,6.88,0015-08-25 18:33:15,0015-08-25 21:04:08,18,21,2.514722222,Mardi,android,27.9648642,13066218,929628,751082,Centre commercial,3.06,21.05,Tanger,90000,35.751674451965606,-5.845833943542954
2823940,4.56,0015-08-26 14:59:19,0015-08-26 16:30:09,14,16,1.513888889,Mercredi,android,27.2850526,13066218,987396,978130,Bureau / Entreprise,2.48,11.31,Marrakech,40000,31.627354311184355,-7.98353923938963
6586643,4.83,0015-08-31 16:30:10,0015-08-31 19:40:13,16,19,3.1675,Lundi,android,27.2850526,13066218,987396,978130,Bureau / Entreprise,2.76,13.33,Marrakech,40000,31.642864265134328,-7.9620221903390505
3131767,5.78,0015-09-01 15:17:15,0015-09-01 17:35:10,15,17,2.298611111,Mardi,android,27.2850526,13066218,987396,978130,Bureau / Entreprise,1.85,10.69,Marrakech,40000,31.638903769083296,-7.95530469421126
6282495,6.98,0015-09-02 16:36:24,0015-09-02 19:53:09,16,19,3.279166667,Mercredi,android,27.2850526,13066218,366832,978130,Bureau / Entreprise,2.77,19.33,Casablanca,20000,33.58562593931374,-7.587094995228407
7248270,5.3,0015-09-03 17:18:50,0015-09-03 19:10:10,17,19,1.855555556,Jeudi,android,27.2850526,13066218,366832,978130,Bureau / Entreprise,1.51,8.0,Casablanca,20000,33.543601820912606,-7.580112027680581
9059619,5.11,0015-09-09 12:45:40,0015-09-09 17:34:09,12,17,4.808055556,Mercredi,android,27.096147,13066218,587514,648339,Bureau / Entreprise,2.05,10.48,Agadir,80000,30.410860043974832,-9.573903582665666
9340773,4.64,0015-09-10 13:10:08,0015-09-10 16:18:07,13,16,3.133055556,Jeudi,android,27.096147,13066218,481613,648339,Bureau / Entreprise,3.02,14.01,Oujda,60000,34.696401057303994,-1.9354871889152234
2175377,6.28,0015-09-11 13:18:57,0015-09-11 17:11:08,13,17,3.869722222,Vendredi,android,27.096147,13066218,481613,648339,Bureau / Entreprise,1.84,11.56,Oujda,60000,34.685739362090786,-1.9274752853280301
3611859,5.2,0015-09-14 13:04:26,0015-09-14 16:34:07,13,16,3.494722222,Lundi,android,27.2850526,13066218,288445,978130,Bureau / Entreprise,3.03,15.76,Fès,30000,34.0034188085401,-4.987765999624905
6364657,2.23,0015-09-14 17:11:21,0015-09-14 17:56:08,17,17,0.746388889,Lundi,android,27.096147,13066218,540225,648339,Bureau / Entreprise,2.48,5.53,Agadir,80000,30.44606967854591,-9.578675332285263
6772843,6.85,0015-09-15 13:22:43,0015-09-15 16:19:06,13,16,2.939722222,Mardi,android,27.096147,13066218,922416,648339,Bureau / Entreprise,3.03,20.76,Rabat,10000,34.037268574397416,-6.820178258300165
7515328,0.69,0015-09-17 20:08:34,0015-09-17 20:29:09,20,20,0.343055556,Jeudi,android,27.096147,13066218,540225,648339,Bureau / Entreprise,1.68,1.16,Agadir,80000,30.430705149779616,-9.603193569388704
4978709,4.65,0015-09-21 11:29:23,0015-09-21 13:24:10,11,13,1.913055556,Lundi,android,27.2850526,13066218,288445,978130,Bureau / Entreprise,2.73,12.69,Fès,30000,34.007087799546575,-5.024939605862488
1136047,5.12,0015-09-22 12:36:18,0015-09-22 16:30:12,12,16,3.898333333,Mardi,android,27.096147,13066218,884707,648339,Bureau / Entreprise,2.77,14.18,Marrakech,40000,31.645490902971954,-7.984833111362023
9156731,5.3,0015-09-23 12:43:18,0015-09-23 15:06:08,12,15,2.380555556,Mercredi,android,27.096147,13066218,864630,648339,Bureau / Entreprise,2.31,12.24,Marrakech,40000,31.63452281526388,-7.997255924587576
2959836,2.46,0015-09-23 19:26:59,0015-09-23 21:08:07,19,21,1.685555556,Mercredi,android,27.096147,13066218,988981,648339,Bureau / Entreprise,3.43,8.44,Casablanca,20000,33.59001759862947,-7.602328212700203
1733794,5.57,0015-09-24 13:44:58,0015-09-24 15:48:08,13,15,2.052777778,Jeudi,android,27.096147,13066218,481613,648339,Bureau / Entreprise,2.27,12.64,Oujda,60000,34.70180481954375,-1.8950639465897496
8480458,1.7,0015-09-24 19:37:00,0015-09-24 21:22:06,19,21,1.751666667,Jeudi,android,27.096147,13066218,864630,648339,Bureau / Entreprise,1.58,2.69,Marrakech,40000,31.64768012431747,-8.006568374838446
5202549,8.98,0015-09-18 13:41:20,0015-09-18 15:50:11,13,15,2.1475,Vendredi,ios,0.9718696,90546786,653450,503205,Parking public,1.9,17.06,Marrakech,40000,31.63058048398428,-7.9614451269511575
6685848,14.08,0015-09-21 15:15:16,0015-09-21 18:23:08,15,18,3.131111111,Lundi,ios,0.9718696,90546786,228137,503205,Parking public,2.25,31.68,Oujda,60000,34.665119471091614,-1.9157398548505498
6627282,13.36,0015-09-22 15:26:45,0015-09-22 18:45:09,15,18,3.306666667,Mardi,ios,0.9718696,90546786,228137,503205,Parking public,1.53,20.44,Oujda,60000,34.69696944840278,-1.9056361641339643
4193203,9.87,0015-09-23 16:35:13,0015-09-23 19:52:07,16,19,3.281666667,Mercredi,ios,0.9718696,90546786,653450,503205,Parking public,2.14,21.12,Marrakech,40000,31.63672842710312,-8.00572086612586
1327161,10.83,0015-09-24 16:06:39,0015-09-24 20:03:05,16,20,3.940555556,Jeudi,ios,0.9718696,90546786,653450,503205,Parking public,3.17,34.33,Marrakech,40000,31.644035191231946,-7.990858455298563
8400528,0.98,0015-09-25 19:22:45,0015-09-25 19:42:12,19,19,0.324166667,Vendredi,ios,0.9718696,90546786,349635,503205,Parking public,1.88,1.84,Fès,30000,34.013292860363045,-5.0249179448591095
5791017,8.87,0015-09-25 19:30:58,0015-09-25 21:03:06,19,21,1.535555556,Vendredi,ios,0.9718696,90546786,653450,503205,Parking public,2.85,25.28,Marrakech,40000,31.61119851199402,-7.953407376627133
2108240,11.87,0015-09-28 14:16:09,0015-09-28 17:44:06,14,17,3.465833333,Lundi,ios,0.9718696,90546786,228137,503205,Parking public,2.75,32.64,Oujda,60000,34.71012457103316,-1.892964301040425
5007810,13.08,0015-09-29 12:42:15,0015-09-29 15:59:08,12,15,3.281388889,Mardi,ios,0.9718696,90546786,228137,503205,Parking public,2.0,26.16,Oujda,60000,34.701698667907124,-1.9138220347386123
9662307,9.84,0015-09-30 19:37:45,0015-09-30 21:41:07,19,21,2.056111111,Mercredi,ios,0.9718696,90546786,228137,503205,Parking public,2.89,28.44,Oujda,60000,34.71119370932202,-1.9279838471005797
4073865,16.94,0015-10-02 10:50:44,0015-10-02 13:54:08,10,13,3.056666667,Vendredi,ios,0.9718696,90546786,653450,503205,Parking public,2.19,37.1,Marrakech,40000,31.645022919269834,-7.955092693685009
7839278,6.41,0015-09-14 19:55:55,0015-09-14 22:15:08,19,22,2.320277778,Lundi,ios,20.1476522,41222907,989457,620906,Parking public,1.76,11.28,Agadir,80000,30.43362931835942,-9.607424204256382
7416493,6.68,0015-09-15 19:49:05,0015-09-15 22:20:10,19,22,2.518055556,Mardi,ios,20.8336778,41222907,894409,928191,Parking public,2.27,15.16,Casablanca,20000,33.58234796422167,-7.610140934098758
8035603,6.37,0015-09-16 18:49:06,0015-09-16 21:02:08,18,21,2.217222222,Mercredi,ios,20.1476522,41222907,236840,620906,Parking public,2.68,17.07,Rabat,10000,34.044247675436395,-6.837810136692762
7908645,6.87,0015-09-17 19:21:51,0015-09-17 21:49:08,19,21,2.454722222,Jeudi,ios,20.1476522,41222907,989457,620906,Parking public,1.83,12.57,Agadir,80000,30.432528405270716,-9.571473552779311
6191635,6.56,0015-09-18 19:17:10,0015-09-18 21:34:08,19,21,2.282777778,Vendredi,ios,20.5987886,41222907,414088,566549,Parking public,3.15,20.66,Meknès,50000,33.90144347945971,-5.57707018256998
4314774,6.88,0015-09-30 19:15:53,0015-09-30 22:12:07,19,22,2.937222222,Mercredi,ios,20.8840112,41222907,643012,517854,Parking public,2.1,14.45,Rabat,10000,34.00028860296021,-6.85731250940476
6320912,4.33,0015-10-02 16:59:45,0015-10-02 19:11:06,16,19,2.189166667,Vendredi,ios,20.8336778,41222907,207262,928191,Parking public,2.08,9.01,Fès,30000,34.03153527320696,-4.9739931415753755
8399189,4.88,0015-09-10 19:09:00,0015-09-10 22:44:06,19,22,3.585,Jeudi,ios,3.1772182,95411349,787792,648339,Bureau / Entreprise,2.96,14.44,Marrakech,40000,31.642483826717488,-8.00083484198857
9994024,4.96,0015-09-11 14:30:47,0015-09-11 16:22:08,14,16,1.855833333,Vendredi,ios,3.1772182,95411349,914305,648339,Bureau / Entreprise,2.69,13.34,Agadir,80000,30.414056561898985,-9.621305392901611
4825341,4.93,0015-09-14 12:31:14,0015-09-14 15:09:10,12,15,2.632222222,Lundi,ios,3.1772182,95411349,787792,648339,Bureau / Entreprise,2.18,10.75,Marrakech,40000,31.611635250831473,-7.976888767052011
8830535,4.26,0015-09-15 20:00:34,0015-09-15 22:05:12,20,22,2.077222222,Mardi,ios,3.1772182,95411349,787792,648339,Bureau / Entreprise,3.28,13.97,Marrakech,40000,31.618329608493465,-7.9593893706023096
9154269,4.75,0015-09-16 19:36:52,0015-09-16 21:56:07,19,21,2.320833333,Mercredi,ios,3.1772182,95411349,787792,648339,Bureau / Entreprise,3.49,16.58,Marrakech,40000,31.61399003767957,-7.982473410938364
8284661,4.15,0015-09-17 12:38:37,0015-09-17 14:15:11,12,14,1.609444444,Jeudi,ios,3.1772182,95411349,914305,648339,Bureau / Entreprise,2.19,9.09,Agadir,80000,30.410694758222185,-9.568426144598929
6922089,2.82,0015-09-17 17:00:58,0015-09-17 18:48:09,17,18,1.786388889,Jeudi,ios,3.1772182,95411349,914305,648339,Bureau / Entreprise,3.3,9.31,Agadir,80000,30.423291050572086,-9.58734969802772
6415574,3.94,0015-09-18 17:22:08,0015-09-18 21:13:08,17,21,3.85,Vendredi,ios,3.1772182,95411349,914305,648339,Bureau / Entreprise,2.22,8.75,Agadir,80000,30.452270310833015,-9.623655505567374
1122699,5.35,0015-09-22 12:41:05,0015-09-22 16:35:09,12,16,3.901111111,Mardi,ios,3.1772182,95411349,914305,648339,Bureau / Entreprise,1.88,10.06,Agadir,80000,30.428223578804324,-9.568530072099081
5140342,5.64,0015-09-23 18:37:23,0015-09-23 22:06:12,18,22,3.480277778,Mercredi,ios,3.1772182,95411349,914305,648339,Bureau / Entreprise,3.4,19.18,Agadir,80000,30.40907522284892,-9.60362634579319
3092643,4.46,0015-09-25 12:16:40,0015-09-25 16:08:06,12,16,3.857222222,Vendredi,ios,3.1772182,95411349,787792,648339,Bureau / Entreprise,3.34,14.9,Marrakech,40000,31.604118300162853,-7.993855847969271
5174522,4.29,0015-09-28 12:34:58,0015-09-28 15:52:05,12,15,3.285277778,Lundi,ios,3.1772182,95411349,787792,648339,Bureau / Entreprise,2.31,9.91,Marrakech,40000,31.641269368708276,-7.977627248985327
4859395,4.2,0015-09-29 12:42:13,0015-09-29 16:09:08,12,16,3.448611111,Mardi,ios,3.1772182,95411349,922416,648339,Bureau / Entreprise,1.96,8.23,Rabat,10000,34.01386792586618,-6.853341544490748
4549477,4.69,0015-09-30 12:41:31,0015-09-30 16:32:06,12,16,3.843055556,Mercredi,ios,3.1772182,95411349,540225,648339,Bureau / Entreprise,2.95,13.84,Agadir,80000,30.447109856795123,-9.622912549572792
2110378,4.9,0015-10-01 12:47:13,0015-10-01 15:30:09,12,15,2.715555556,Jeudi,ios,3.1772182,95411349,922416,648339,Bureau / Entreprise,1.76,8.62,Rabat,10000,34.030470646118445,-6.871514299415249
6241811,6.9,0015-10-01 16:36:48,0015-10-01 20:21:06,16,20,3.738333333,Jeudi,ios,3.1772182,95411349,914305,648339,Bureau / Entreprise,2.97,20.49,Agadir,80000,30.445574487032484,-9.601124998824785
8972874,1.78,0015-10-01 20:52:37,0015-10-01 22:23:05,20,22,1.507777778,Jeudi,ios,3.1772182,95411349,926676,648339,Bureau / Entreprise,2.68,4.77,Tanger,90000,35.74581676236511,-5.8137881946664045
3499981,4.74,0015-10-02 11:57:26,0015-10-02 14:21:06,11,14,2.394444444,Vendredi,ios,3.1772182,95411349,787792,648339,Bureau / Entreprise,1.84,8.72,Marrakech,40000,31.641041535347664,-7.976761088862195
3558274,6.93,0015-09-15 17:45:29,0015-09-15 21:30:09,17,21,3.744444444,Mardi,android,3.1772182,75009330,540225,648339,Bureau / Entreprise,2.23,15.45,Agadir,80000,30.413643719081623,-9.568147562063395
2489176,6.67,0015-09-17 12:23:27,0015-09-17 16:33:08,12,16,4.161388889,Jeudi,android,3.1772182,75009330,787792,648339,Bureau / Entreprise,2.8,18.68,Marrakech,40000,31.655844108767017,-7.993889201261168
2285001,6.49,0015-09-22 18:09:42,0015-09-22 21:42:06,18,21,3.54,Mardi,android,3.1772182,75009330,914305,648339,Bureau / Entreprise,1.57,10.19,Agadir,80000,30.435982456892003,-9.611272696114398
1114230,6.88,0015-09-24 11:11:27,0015-09-24 14:58:06,11,14,3.7775,Jeudi,android,3.1772182,75009330,914305,648339,Bureau / Entreprise,3.25,22.36,Agadir,80000,30.417270708010523,-9.618515032385965
4061039,6.7,0015-09-30 15:34:23,0015-09-30 21:23:07,15,21,5.812222222,Mercredi,android,3.1772182,75009330,922416,648339,Bureau / Entreprise,2.01,13.47,Rabat,10000,34.00707071173753,-6.861756184704079
7979793,7.07,0015-09-16 14:14:25,0015-09-16 18:21:09,14,18,4.112222222,Mercredi,ios,2.88951,83573325,488364,648339,Bureau / Entreprise,2.57,18.17,Casablanca,20000,33.5545555951043,-7.602688804239397
3633534,5.36,0015-09-30 19:56:07,0015-09-30 21:38:06,19,21,1.699722222,Mercredi,ios,2.88951,83573325,286084,648339,Bureau / Entreprise,1.6,8.58,Fès,30000,34.044778457533624,-4.982729597283589
1573336,6.33,0015-09-17 16:18:35,0015-09-17 19:27:08,16,19,3.1425,Jeudi,ios,5.3670318,39241917,875343,747048,Université / Campus,3.49,22.09,Marrakech,40000,31.612622936779875,-7.956754592561813
3722326,6.17,0015-09-21 16:28:52,0015-09-21 18:36:12,16,18,2.122222222,Lundi,ios,5.3670318,39241917,875343,747048,Université / Campus,2.82,17.4,Marrakech,40000,31.635218195955648,-7.952594769817539
5547420,4.86,0015-09-22 18:05:19,0015-09-22 19:39:08,18,19,1.563611111,Mardi,ios,5.3670318,39241917,875343,747048,Université / Campus,2.81,13.66,Marrakech,40000,31.615378101615523,-7.997162620754213
3660474,5.36,0015-09-24 18:10:23,0015-09-24 19:53:05,18,19,1.711666667,Jeudi,ios,5.3670318,39241917,875343,747048,Université / Campus,1.54,8.25,Marrakech,40000,31.63921813668763,-7.958222147263154
1557112,6.23,0015-09-25 16:09:44,0015-09-25 19:42:11,16,19,3.540833333,Vendredi,ios,5.3670318,39241917,875343,747048,Université / Campus,2.88,17.94,Marrakech,40000,31.648396383712434,-7.991404694643359
2066807,6.58,0015-10-01 17:56:03,0015-10-01 18:25:12,17,18,0.485833333,Jeudi,ios,5.3670318,39241917,875343,747048,Université / Campus,2.33,15.33,Marrakech,40000,31.64618151458868,-8.004329567328986
6239460,3.54,0015-10-01 18:27:08,0015-10-01 19:33:06,18,19,1.099444444,Jeudi,ios,5.3670318,39241917,875343,747048,Université / Campus,2.26,8.0,Marrakech,40000,31.645151079855847,-7.95889850446879
5490304,1.5,0015-09-21 18:42:47,0015-09-21 20:13:09,18,20,1.506111111,Lundi,ios,4.1273388,14996520,638536,868085,Parking public,2.59,3.88,Meknès,50000,33.87476334434154,-5.539133661921383
6393625,1.64,0015-09-22 14:50:16,0015-09-22 15:29:06,14,15,0.647222222,Mardi,ios,4.1273388,14996520,638536,868085,Parking public,2.45,4.02,Meknès,50000,33.86880309681907,-5.567416146235137
3235808,4.33,0015-09-23 18:12:06,0015-09-23 20:08:08,18,20,1.933888889,Mercredi,ios,4.1273388,14996520,569886,868085,Parking public,1.81,7.84,Rabat,10000,34.03283692970924,-6.845810124549219
9982088,3.5,0015-09-24 16:37:06,0015-09-24 18:08:15,16,18,1.519166667,Jeudi,ios,4.1273388,14996520,932939,868085,Parking public,2.89,10.12,Casablanca,20000,33.56520083282766,-7.6025645383073766
3431828,5.42,0015-09-28 16:46:27,0015-09-28 20:16:07,16,20,3.494444444,Lundi,ios,4.1273388,14996520,569886,868085,Parking public,2.76,14.96,Rabat,10000,34.0168407735842,-6.827392325877388
8981271,5.58,0015-09-30 16:39:31,0015-09-30 20:05:09,16,20,3.427222222,Mercredi,ios,4.1273388,14996520,569886,868085,Parking public,2.1,11.72,Rabat,10000,33.9927689455676,-6.844395026162544
1781196,6.94,0015-10-02 11:27:08,0015-10-02 15:49:06,11,15,4.366111111,Vendredi,ios,4.1273388,14996520,664306,868085,Parking public,2.82,19.57,Agadir,80000,30.413374586956504,-9.568743203293618
6132224,0.11,0015-09-22 18:13:58,0015-09-22 20:09:08,18,20,1.919444444,Mardi,ios,13.3526432,59574735,914907,648339,Bureau / Entreprise,2.82,0.31,Tanger,90000,35.73152058423247,-5.860715301064424
8587381,0.02,0015-09-23 16:44:24,0015-09-23 17:11:14,16,17,0.447222222,Mercredi,ios,13.3526432,59574735,587514,648339,Bureau / Entreprise,2.04,0.04,Agadir,80000,30.450551146356077,-9.606799084031826
3510363,0.08,0015-09-23 19:16:39,0015-09-23 20:58:07,19,20,1.691111111,Mercredi,ios,13.3526432,59574735,540225,648339,Bureau / Entreprise,2.71,0.22,Agadir,80000,30.412403800993115,-9.599185989973401
9145545,0.06,0015-09-24 18:49:03,0015-09-24 20:09:06,18,20,1.334166667,Jeudi,ios,13.3526432,59574735,540225,648339,Bureau / Entreprise,1.77,0.11,Agadir,80000,30.43124023017438,-9.5979119867151
7948311,6.73,0015-09-29 16:37:20,0015-09-29 20:05:11,16,20,3.464166667,Mardi,ios,13.3526432,59574735,884707,648339,Bureau / Entreprise,3.16,21.27,Marrakech,40000,31.60183875923967,-7.992143850656862
8045573,6.56,0015-09-30 16:59:04,0015-09-30 20:27:06,16,20,3.467222222,Mercredi,ios,13.3526432,59574735,540225,648339,Bureau / Entreprise,1.71,11.22,Agadir,80000,30.437810843478342,-9.584345585054146
7021565,6.74,0015-10-01 16:31:18,0015-10-01 19:59:08,16,19,3.463888889,Jeudi,ios,13.3526432,59574735,884707,648339,Bureau / Entreprise,2.94,19.82,Marrakech,40000,31.618881640745247,-7.958615175590661
3758092,6.86,0015-10-02 16:28:48,0015-10-02 19:27:05,16,19,2.971388889,Vendredi,ios,13.3526432,59574735,884707,648339,Bureau / Entreprise,1.74,11.94,Marrakech,40000,31.65337515121746,-7.954776841881328
5858374,6.07,0015-09-30 16:54:22,0015-09-30 20:24:06,16,20,3.495555556,Mercredi,android,2.3370854,32070852,638536,868085,Parking public,1.73,10.5,Meknès,50000,33.91678709133605,-5.528994397392029
2586645,5.74,0015-09-24 11:43:02,0015-09-24 13:55:12,11,13,2.202777778,Jeudi,ios,4.6710638,58023207,818217,700367,Bureau / Entreprise,1.71,9.82,Agadir,80000,30.417317437101705,-9.577065188161605
7860608,6.95,0015-10-01 16:43:05,0015-10-01 19:42:06,16,19,2.983611111,Jeudi,ios,3.3083336,26098875,664306,868085,Parking public,1.9,13.2,Agadir,80000,30.451857653741428,-9.5950672819628
